"year","PLZ2","gisd_score","population","gisd_5","gisd_10","gisd_k"
1998,1,0.681,1242943,4,8,2
1998,2,0.86216,427271,5,10,3
1998,3,0.80566,294995,5,9,3
1998,4,0.84874,1227112,5,9,3
1998,6,1,1276724,5,10,3
1998,7,0.77871,562704,5,9,3
1998,8,0.79602,577243,5,9,3
1998,9,0.80774,788063,5,9,3
1998,10,0.83277,414467,5,9,3
1998,12,0.83168,1377942,5,9,3
1998,13,0.83276,1173394,5,9,3
1998,14,0.76365,1264837,5,9,3
1998,15,0.78651,627638,5,9,3
1998,16,0.88249,598413,5,10,3
1998,17,0.98317,582175,5,10,3
1998,18,0.91492,603349,5,10,3
1998,19,0.92069,401381,5,10,3
1998,20,0.33645,123873,1,2,1
1998,21,0.38513,1597996,2,4,2
1998,22,0.33057,1103442,1,2,1
1998,23,0.65868,733238,4,8,2
1998,24,0.62936,1095349,4,8,2
1998,25,0.52285,694669,3,6,2
1998,26,0.71121,1174940,4,8,2
1998,27,0.68934,860088,4,8,2
1998,28,0.55389,738878,3,6,2
1998,29,0.71007,491951,4,8,2
1998,30,0.46498,912461,3,5,2
1998,31,0.57652,987374,4,7,2
1998,32,0.48235,885607,3,5,2
1998,33,0.47342,1082569,3,5,2
1998,34,0.53201,800276,3,6,2
1998,35,0.47972,912547,3,5,2
1998,36,0.4892,518781,3,6,2
1998,37,0.62208,729093,4,7,2
1998,38,0.56798,1141995,4,7,2
1998,39,0.98102,783323,5,10,3
1998,40,0.25579,991992,1,1,1
1998,41,0.49683,952282,3,6,2
1998,42,0.56177,878888,3,6,2
1998,44,0.64745,1267494,4,8,2
1998,45,0.58767,1559154,4,7,2
1998,46,0.58977,894580,4,7,2
1998,47,0.69055,1313713,4,8,2
1998,48,0.38858,1189935,2,4,2
1998,49,0.58942,1228129,4,7,2
1998,50,0.41151,1084177,2,4,2
1998,51,0.39043,1079789,2,4,2
1998,52,0.609,941131,4,7,2
1998,53,0.37929,1265468,2,3,2
1998,54,0.56818,516542,4,7,2
1998,55,0.42332,795458,2,4,2
1998,56,0.56198,849197,3,6,2
1998,57,0.47822,598580,3,5,2
1998,58,0.59593,930406,4,7,2
1998,59,0.54536,1145053,3,6,2
1998,60,0.27613,619157,1,2,1
1998,61,0.08319,451016,1,1,1
1998,63,0.39955,1268561,2,4,2
1998,64,0.2982,792590,1,2,1
1998,65,0.27031,1081648,1,2,1
1998,66,0.68967,1248759,4,8,2
1998,67,0.58184,1033467,4,7,2
1998,68,0.40055,601445,2,4,2
1998,69,0.22474,508949,1,1,1
1998,70,0.16316,821650,1,1,1
1998,71,0.17505,1000158,1,1,1
1998,72,0.3457,1056260,2,3,2
1998,73,0.27066,1006392,1,2,1
1998,74,0.34907,1057532,2,3,2
1998,75,0.37983,484410,2,3,2
1998,76,0.31805,1139769,1,2,1
1998,77,0.4159,478943,2,4,2
1998,78,0.45946,741488,3,5,2
1998,79,0.43533,1040371,2,4,2
1998,80,0.00029,626238,1,1,1
1998,81,0,814923,1,1,1
1998,82,0.04576,735553,1,1,1
1998,83,0.27638,762163,1,2,1
1998,84,0.35774,684830,2,3,2
1998,85,0.09232,1114901,1,1,1
1998,86,0.371,1164100,2,3,2
1998,87,0.37973,522875,2,3,2
1998,88,0.30503,846572,1,2,1
1998,89,0.35426,763761,2,3,2
1998,90,0.44205,892793,3,5,2
1998,91,0.31157,999919,1,2,1
1998,92,0.47207,516635,3,5,2
1998,93,0.37559,590817,2,3,2
1998,94,0.51298,705807,3,6,2
1998,95,0.49775,497496,3,6,2
1998,96,0.47041,552316,3,5,2
1998,97,0.39944,1061351,2,4,2
1998,98,0.86439,242064,5,10,3
1998,99,0.89009,831397,5,10,3
1999,1,0.71292,1242943,4,8,2
1999,2,0.90824,427271,5,10,3
1999,3,0.8226,294995,5,9,3
1999,4,0.87261,1227112,5,10,3
1999,6,1,1276724,5,10,3
1999,7,0.78043,562704,5,9,3
1999,8,0.87255,577243,5,9,3
1999,9,0.8454,788063,5,9,3
1999,10,0.83159,414467,5,9,3
1999,12,0.83097,1377942,5,9,3
1999,13,0.83159,1173394,5,9,3
1999,14,0.78286,1264837,5,9,3
1999,15,0.8205,627638,5,9,3
1999,16,0.90773,598413,5,10,3
1999,17,0.99571,582175,5,10,3
1999,18,0.92078,603349,5,10,3
1999,19,0.93811,401381,5,10,3
1999,20,0.36579,123873,1,2,1
1999,21,0.41721,1597996,2,4,2
1999,22,0.35883,1103442,1,2,1
1999,23,0.67979,733238,4,8,2
1999,24,0.63109,1095349,4,7,2
1999,25,0.55228,694669,3,6,2
1999,26,0.71928,1174940,4,8,2
1999,27,0.69499,860088,4,8,2
1999,28,0.54661,738878,3,6,2
1999,29,0.70822,491951,4,8,2
1999,30,0.48861,912461,3,5,2
1999,31,0.5813,987374,4,7,2
1999,32,0.50716,885607,3,5,2
1999,33,0.49837,1082569,3,5,2
1999,34,0.5461,800276,3,6,2
1999,35,0.49271,912547,3,5,2
1999,36,0.51923,518781,3,6,2
1999,37,0.64622,729093,4,8,2
1999,38,0.56072,1141995,3,6,2
1999,39,0.99265,783323,5,10,3
1999,40,0.28524,991992,1,1,1
1999,41,0.50845,952282,3,6,2
1999,42,0.57723,878888,3,6,2
1999,44,0.65505,1267494,4,8,2
1999,45,0.60586,1559154,4,7,2
1999,46,0.60836,894580,4,7,2
1999,47,0.69438,1313713,4,8,2
1999,48,0.42796,1189935,2,4,2
1999,49,0.59774,1228129,4,7,2
1999,50,0.42406,1084177,2,4,2
1999,51,0.40894,1079789,2,4,2
1999,52,0.61392,941131,4,7,2
1999,53,0.40458,1265468,2,4,2
1999,54,0.5923,516542,4,7,2
1999,55,0.44407,795458,2,4,2
1999,56,0.58345,849197,4,7,2
1999,57,0.50293,598580,3,5,2
1999,58,0.60221,930406,4,7,2
1999,59,0.57678,1145053,3,6,2
1999,60,0.31143,619157,1,2,1
1999,61,0.14122,451016,1,1,1
1999,63,0.43462,1268561,2,4,2
1999,64,0.34748,792590,1,2,1
1999,65,0.3106,1081648,1,2,1
1999,66,0.70247,1248759,4,8,2
1999,67,0.59911,1033467,4,7,2
1999,68,0.44008,601445,2,4,2
1999,69,0.25295,508949,1,1,1
1999,70,0.18208,821650,1,1,1
1999,71,0.21386,1000158,1,1,1
1999,72,0.36682,1056260,2,3,2
1999,73,0.29406,1006392,1,2,1
1999,74,0.37444,1057532,2,3,2
1999,75,0.40132,484410,2,3,2
1999,76,0.34594,1139769,1,2,1
1999,77,0.44321,478943,2,4,2
1999,78,0.47851,741488,3,5,2
1999,79,0.47359,1040371,3,5,2
1999,80,0.00018,626238,1,1,1
1999,81,0,814923,1,1,1
1999,82,0.08148,735553,1,1,1
1999,83,0.31638,762163,1,2,1
1999,84,0.39503,684830,2,3,2
1999,85,0.12526,1114901,1,1,1
1999,86,0.37522,1164100,2,3,2
1999,87,0.39978,522875,2,3,2
1999,88,0.31881,846572,1,2,1
1999,89,0.36805,763761,2,3,2
1999,90,0.45242,892793,2,4,2
1999,91,0.33385,999919,1,2,1
1999,92,0.49712,516635,3,5,2
1999,93,0.39797,590817,2,3,2
1999,94,0.53747,705807,3,6,2
1999,95,0.51515,497496,3,6,2
1999,96,0.49523,552316,3,5,2
1999,97,0.40247,1061351,2,3,2
1999,98,0.85457,242064,5,9,3
1999,99,0.87773,831397,5,10,3
2000,1,0.72138,1242943,4,8,2
2000,2,0.90774,427271,5,10,3
2000,3,0.80358,294995,5,9,3
2000,4,0.85551,1227112,5,9,3
2000,6,1,1276724,5,10,3
2000,7,0.75815,562704,5,9,3
2000,8,0.83071,577243,5,9,3
2000,9,0.82655,788063,5,9,3
2000,10,0.737,414467,5,9,3
2000,12,0.73643,1377942,5,9,3
2000,13,0.73704,1173394,5,9,3
2000,14,0.73353,1264837,5,9,3
2000,15,0.79552,627638,5,9,3
2000,16,0.8693,598413,5,10,3
2000,17,0.97598,582175,5,10,3
2000,18,0.88349,603349,5,10,3
2000,19,0.91509,401381,5,10,3
2000,20,0.34714,123873,1,2,1
2000,21,0.40337,1597996,2,4,2
2000,22,0.33387,1103442,1,2,1
2000,23,0.64422,733238,4,8,2
2000,24,0.57968,1095349,4,7,2
2000,25,0.52089,694669,3,6,2
2000,26,0.68509,1174940,4,8,2
2000,27,0.64072,860088,4,8,2
2000,28,0.51163,738878,3,6,2
2000,29,0.6865,491951,4,8,2
2000,30,0.4335,912461,3,5,2
2000,31,0.53681,987374,3,6,2
2000,32,0.45732,885607,3,5,2
2000,33,0.45352,1082569,3,5,2
2000,34,0.54709,800276,4,7,2
2000,35,0.45679,912547,3,5,2
2000,36,0.50925,518781,3,6,2
2000,37,0.59811,729093,4,8,2
2000,38,0.55751,1141995,4,7,2
2000,39,0.98635,783323,5,10,3
2000,40,0.2513,991992,1,1,1
2000,41,0.45579,952282,3,5,2
2000,42,0.51546,878888,3,6,2
2000,44,0.58329,1267494,4,8,2
2000,45,0.5475,1559154,4,7,2
2000,46,0.55025,894580,4,7,2
2000,47,0.61476,1313713,4,8,2
2000,48,0.40353,1189935,2,4,2
2000,49,0.57228,1228129,4,7,2
2000,50,0.3697,1084177,2,3,2
2000,51,0.36371,1079789,2,3,2
2000,52,0.55538,941131,4,7,2
2000,53,0.36731,1265468,2,3,2
2000,54,0.57387,516542,4,7,2
2000,55,0.41029,795458,2,4,2
2000,56,0.53533,849197,3,6,2
2000,57,0.48729,598580,3,6,2
2000,58,0.55279,930406,4,7,2
2000,59,0.53408,1145053,3,6,2
2000,60,0.28615,619157,1,2,1
2000,61,0.13825,451016,1,1,1
2000,63,0.41218,1268561,2,4,2
2000,64,0.33347,792590,1,2,1
2000,65,0.29228,1081648,1,2,1
2000,66,0.63912,1248759,4,8,2
2000,67,0.55507,1033467,4,7,2
2000,68,0.41934,601445,2,4,2
2000,69,0.22989,508949,1,1,1
2000,70,0.17566,821650,1,1,1
2000,71,0.18981,1000158,1,1,1
2000,72,0.36086,1056260,2,3,2
2000,73,0.29257,1006392,1,2,1
2000,74,0.38964,1057532,2,4,2
2000,75,0.37273,484410,2,3,2
2000,76,0.33334,1139769,1,2,1
2000,77,0.42131,478943,2,4,2
2000,78,0.47257,741488,3,5,2
2000,79,0.43929,1040371,3,5,2
2000,80,0.00007,626238,1,1,1
2000,81,0,814923,1,1,1
2000,82,0.09158,735553,1,1,1
2000,83,0.30059,762163,1,2,1
2000,84,0.38374,684830,2,3,2
2000,85,0.14945,1114901,1,1,1
2000,86,0.36259,1164100,2,3,2
2000,87,0.3856,522875,2,4,2
2000,88,0.3575,846572,1,2,1
2000,89,0.36077,763761,2,3,2
2000,90,0.41382,892793,2,4,2
2000,91,0.3233,999919,1,2,1
2000,92,0.46785,516635,3,5,2
2000,93,0.39166,590817,2,4,2
2000,94,0.51365,705807,3,6,2
2000,95,0.48769,497496,3,6,2
2000,96,0.4613,552316,3,5,2
2000,97,0.38491,1061351,2,3,2
2000,98,0.86782,242064,5,10,3
2000,99,0.85933,831397,5,10,3
2001,1,0.69478,1242943,4,8,2
2001,2,0.89064,427271,5,10,3
2001,3,0.79741,294995,5,9,3
2001,4,0.84542,1227112,5,10,3
2001,6,0.99451,1276724,5,10,3
2001,7,0.74515,562704,5,9,3
2001,8,0.81978,577243,5,9,3
2001,9,0.79371,788063,5,9,3
2001,10,0.71114,414467,5,9,3
2001,12,0.71015,1377942,5,9,3
2001,13,0.71115,1173394,5,9,3
2001,14,0.70582,1264837,5,9,3
2001,15,0.77406,627638,5,9,3
2001,16,0.84856,598413,5,10,3
2001,17,1,582175,5,10,3
2001,18,0.91331,603349,5,10,3
2001,19,0.90787,401381,5,10,3
2001,20,0.31629,123873,1,2,1
2001,21,0.37368,1597996,2,4,2
2001,22,0.30456,1103442,1,2,1
2001,23,0.64239,733238,4,8,2
2001,24,0.57317,1095349,4,7,2
2001,25,0.51923,694669,3,6,2
2001,26,0.66874,1174940,4,8,2
2001,27,0.61932,860088,4,8,2
2001,28,0.47508,738878,3,6,2
2001,29,0.66407,491951,4,8,2
2001,30,0.44644,912461,3,5,2
2001,31,0.52509,987374,4,7,2
2001,32,0.4547,885607,3,5,2
2001,33,0.44475,1082569,3,5,2
2001,34,0.50044,800276,3,6,2
2001,35,0.42755,912547,3,5,2
2001,36,0.47865,518781,3,6,2
2001,37,0.58109,729093,4,8,2
2001,38,0.52066,1141995,3,6,2
2001,39,0.96313,783323,5,10,3
2001,40,0.24583,991992,1,2,1
2001,41,0.46346,952282,3,5,2
2001,42,0.51087,878888,3,6,2
2001,44,0.5807,1267494,4,8,2
2001,45,0.54682,1559154,4,7,2
2001,46,0.54963,894580,4,7,2
2001,47,0.60946,1313713,4,8,2
2001,48,0.39175,1189935,2,4,2
2001,49,0.545,1228129,4,7,2
2001,50,0.36035,1084177,2,3,2
2001,51,0.34477,1079789,2,3,2
2001,52,0.54998,941131,4,7,2
2001,53,0.34741,1265468,2,3,2
2001,54,0.55381,516542,4,7,2
2001,55,0.36921,795458,2,4,2
2001,56,0.51435,849197,3,6,2
2001,57,0.47106,598580,3,6,2
2001,58,0.54159,930406,4,7,2
2001,59,0.53128,1145053,4,7,2
2001,60,0.23112,619157,1,1,1
2001,61,0.08417,451016,1,1,1
2001,63,0.36644,1268561,2,3,2
2001,64,0.29424,792590,1,2,1
2001,65,0.24728,1081648,1,2,1
2001,66,0.61431,1248759,4,8,2
2001,67,0.53818,1033467,4,7,2
2001,68,0.38575,601445,2,4,2
2001,69,0.20279,508949,1,1,1
2001,70,0.15201,821650,1,1,1
2001,71,0.16645,1000158,1,1,1
2001,72,0.32544,1056260,2,3,2
2001,73,0.26338,1006392,1,2,1
2001,74,0.36317,1057532,2,3,2
2001,75,0.33746,484410,2,3,2
2001,76,0.29409,1139769,1,2,1
2001,77,0.40268,478943,2,4,2
2001,78,0.43592,741488,3,5,2
2001,79,0.42343,1040371,3,5,2
2001,80,0.00009,626238,1,1,1
2001,81,0,814923,1,1,1
2001,82,0.08204,735553,1,1,1
2001,83,0.31082,762163,1,2,1
2001,84,0.37814,684830,2,4,2
2001,85,0.12467,1114901,1,1,1
2001,86,0.33972,1164100,2,3,2
2001,87,0.36662,522875,2,4,2
2001,88,0.3113,846572,1,2,1
2001,89,0.3349,763761,2,3,2
2001,90,0.4002,892793,2,4,2
2001,91,0.29767,999919,1,2,1
2001,92,0.46239,516635,3,5,2
2001,93,0.38816,590817,2,4,2
2001,94,0.49549,705807,3,6,2
2001,95,0.48039,497496,3,6,2
2001,96,0.43205,552316,3,5,2
2001,97,0.3719,1061351,2,4,2
2001,98,0.83099,242064,5,9,3
2001,99,0.83124,831397,5,10,3
2002,1,0.65574,1242943,4,8,2
2002,2,0.90542,427271,5,10,3
2002,3,0.7739,294995,5,9,3
2002,4,0.83346,1227112,5,10,3
2002,6,0.99278,1276724,5,10,3
2002,7,0.71584,562704,5,9,3
2002,8,0.81315,577243,5,9,3
2002,9,0.78329,788063,5,9,3
2002,10,0.74763,414467,5,9,3
2002,12,0.74648,1377942,5,9,3
2002,13,0.74761,1173394,5,9,3
2002,14,0.72075,1264837,5,9,3
2002,15,0.76472,627638,5,9,3
2002,16,0.8523,598413,5,10,3
2002,17,1,582175,5,10,3
2002,18,0.90585,603349,5,10,3
2002,19,0.88443,401381,5,10,3
2002,20,0.34514,123873,1,2,1
2002,21,0.39432,1597996,2,3,2
2002,22,0.32605,1103442,1,2,1
2002,23,0.65722,733238,4,8,2
2002,24,0.58757,1095349,4,7,2
2002,25,0.52221,694669,3,6,2
2002,26,0.70095,1174940,4,8,2
2002,27,0.64766,860088,4,8,2
2002,28,0.48342,738878,3,5,2
2002,29,0.6972,491951,4,8,2
2002,30,0.47632,912461,3,5,2
2002,31,0.5477,987374,3,6,2
2002,32,0.49194,885607,3,5,2
2002,33,0.46538,1082569,3,5,2
2002,34,0.52611,800276,3,6,2
2002,35,0.44173,912547,2,4,2
2002,36,0.47771,518781,3,5,2
2002,37,0.61414,729093,4,8,2
2002,38,0.58206,1141995,4,7,2
2002,39,0.99378,783323,5,10,3
2002,40,0.27862,991992,1,2,1
2002,41,0.49442,952282,3,5,2
2002,42,0.53233,878888,3,6,2
2002,44,0.59367,1267494,4,7,2
2002,45,0.56149,1559154,4,7,2
2002,46,0.5691,894580,4,7,2
2002,47,0.63862,1313713,4,8,2
2002,48,0.40899,1189935,2,4,2
2002,49,0.58791,1228129,4,7,2
2002,50,0.39776,1084177,2,4,2
2002,51,0.38807,1079789,2,3,2
2002,52,0.58432,941131,4,7,2
2002,53,0.3792,1265468,2,3,2
2002,54,0.59503,516542,4,8,2
2002,55,0.38903,795458,2,3,2
2002,56,0.55487,849197,3,6,2
2002,57,0.51201,598580,3,6,2
2002,58,0.57265,930406,4,7,2
2002,59,0.57058,1145053,4,7,2
2002,60,0.23657,619157,1,1,1
2002,61,0.08692,451016,1,1,1
2002,63,0.38483,1268561,2,3,2
2002,64,0.28793,792590,1,2,1
2002,65,0.24403,1081648,1,2,1
2002,66,0.61881,1248759,4,8,2
2002,67,0.56116,1033467,3,6,2
2002,68,0.39578,601445,2,4,2
2002,69,0.21066,508949,1,1,1
2002,70,0.19639,821650,1,1,1
2002,71,0.20869,1000158,1,1,1
2002,72,0.38311,1056260,2,3,2
2002,73,0.30407,1006392,1,2,1
2002,74,0.40338,1057532,2,4,2
2002,75,0.38745,484410,2,3,2
2002,76,0.3223,1139769,1,2,1
2002,77,0.45206,478943,3,5,2
2002,78,0.49163,741488,3,5,2
2002,79,0.44625,1040371,3,5,2
2002,80,0.00017,626238,1,1,1
2002,81,0,814923,1,1,1
2002,82,0.06683,735553,1,1,1
2002,83,0.33378,762163,1,2,1
2002,84,0.41684,684830,2,4,2
2002,85,0.13957,1114901,1,1,1
2002,86,0.38341,1164100,2,3,2
2002,87,0.40008,522875,2,4,2
2002,88,0.35616,846572,1,2,1
2002,89,0.37398,763761,2,3,2
2002,90,0.439,892793,2,4,2
2002,91,0.33382,999919,1,2,1
2002,92,0.50868,516635,3,6,2
2002,93,0.4145,590817,2,4,2
2002,94,0.57674,705807,4,7,2
2002,95,0.55706,497496,3,6,2
2002,96,0.51393,552316,3,6,2
2002,97,0.42015,1061351,2,4,2
2002,98,0.80661,242064,5,9,3
2002,99,0.81702,831397,5,10,3
2003,1,0.62948,1242943,4,8,2
2003,2,0.88269,427271,5,10,3
2003,3,0.77999,294995,5,9,3
2003,4,0.8128,1227112,5,10,3
2003,6,0.99803,1276724,5,10,3
2003,7,0.69003,562704,4,8,2
2003,8,0.79353,577243,5,10,3
2003,9,0.75985,788063,5,9,3
2003,10,0.7673,414467,5,9,3
2003,12,0.76514,1377942,5,9,3
2003,13,0.76722,1173394,5,9,3
2003,14,0.72509,1264837,5,9,3
2003,15,0.76126,627638,5,9,3
2003,16,0.84449,598413,5,10,3
2003,17,1,582175,5,10,3
2003,18,0.91763,603349,5,10,3
2003,19,0.89485,401381,5,10,3
2003,20,0.31383,123873,1,2,1
2003,21,0.36083,1597996,2,3,2
2003,22,0.29553,1103442,1,2,1
2003,23,0.63321,733238,4,8,2
2003,24,0.5827,1095349,4,7,2
2003,25,0.50017,694669,3,6,2
2003,26,0.69511,1174940,4,8,2
2003,27,0.64983,860088,4,8,2
2003,28,0.47291,738878,3,5,2
2003,29,0.70524,491951,5,9,3
2003,30,0.47549,912461,3,5,2
2003,31,0.55821,987374,4,7,2
2003,32,0.47815,885607,3,5,2
2003,33,0.45725,1082569,3,5,2
2003,34,0.51802,800276,3,6,2
2003,35,0.44413,912547,3,5,2
2003,36,0.46254,518781,3,5,2
2003,37,0.61789,729093,4,8,2
2003,38,0.56632,1141995,4,7,2
2003,39,0.98302,783323,5,10,3
2003,40,0.24999,991992,1,2,1
2003,41,0.47494,952282,3,5,2
2003,42,0.52778,878888,3,6,2
2003,44,0.59257,1267494,4,8,2
2003,45,0.55396,1559154,4,7,2
2003,46,0.56002,894580,4,7,2
2003,47,0.62685,1313713,4,8,2
2003,48,0.3893,1189935,2,4,2
2003,49,0.57582,1228129,4,7,2
2003,50,0.37998,1084177,2,4,2
2003,51,0.37468,1079789,2,4,2
2003,52,0.574,941131,4,7,2
2003,53,0.35942,1265468,2,3,2
2003,54,0.55125,516542,4,7,2
2003,55,0.37184,795458,2,3,2
2003,56,0.5392,849197,3,6,2
2003,57,0.48905,598580,3,6,2
2003,58,0.56633,930406,4,7,2
2003,59,0.56106,1145053,4,7,2
2003,60,0.2443,619157,1,2,1
2003,61,0.06981,451016,1,1,1
2003,63,0.37852,1268561,2,4,2
2003,64,0.27206,792590,1,2,1
2003,65,0.23675,1081648,1,1,1
2003,66,0.59921,1248759,4,8,2
2003,67,0.54751,1033467,3,6,2
2003,68,0.37373,601445,2,3,2
2003,69,0.17939,508949,1,1,1
2003,70,0.14284,821650,1,1,1
2003,71,0.16742,1000158,1,1,1
2003,72,0.35085,1056260,2,3,2
2003,73,0.27425,1006392,1,2,1
2003,74,0.37341,1057532,2,3,2
2003,75,0.37379,484410,2,3,2
2003,76,0.29654,1139769,1,2,1
2003,77,0.41758,478943,2,4,2
2003,78,0.4605,741488,3,5,2
2003,79,0.41496,1040371,2,4,2
2003,80,0.00027,626238,1,1,1
2003,81,0,814923,1,1,1
2003,82,0.03671,735553,1,1,1
2003,83,0.30287,762163,1,2,1
2003,84,0.37476,684830,2,4,2
2003,85,0.09868,1114901,1,1,1
2003,86,0.3603,1164100,2,3,2
2003,87,0.38717,522875,2,4,2
2003,88,0.31944,846572,1,2,1
2003,89,0.33571,763761,2,3,2
2003,90,0.42925,892793,3,5,2
2003,91,0.31717,999919,1,2,1
2003,92,0.50149,516635,3,6,2
2003,93,0.37965,590817,2,4,2
2003,94,0.54428,705807,3,6,2
2003,95,0.54647,497496,3,6,2
2003,96,0.48493,552316,3,6,2
2003,97,0.412,1061351,2,4,2
2003,98,0.76609,242064,5,9,3
2003,99,0.77343,831397,5,9,3
2004,1,0.59945,1242943,4,8,2
2004,2,0.85189,427271,5,10,3
2004,3,0.78504,294995,5,9,3
2004,4,0.78703,1227112,5,10,3
2004,6,0.94734,1276724,5,10,3
2004,7,0.68628,562704,5,9,3
2004,8,0.73646,577243,5,9,3
2004,9,0.71788,788063,5,9,3
2004,10,0.74713,414467,5,9,3
2004,12,0.74525,1377942,5,9,3
2004,13,0.74707,1173394,5,9,3
2004,14,0.72221,1264837,5,9,3
2004,15,0.76619,627638,5,9,3
2004,16,0.84798,598413,5,10,3
2004,17,1,582175,5,10,3
2004,18,0.91004,603349,5,10,3
2004,19,0.87699,401381,5,10,3
2004,20,0.31144,123873,1,2,1
2004,21,0.35137,1597996,2,3,2
2004,22,0.29543,1103442,1,2,1
2004,23,0.61378,733238,4,8,2
2004,24,0.5723,1095349,4,8,2
2004,25,0.50351,694669,3,6,2
2004,26,0.65626,1174940,4,8,2
2004,27,0.60384,860088,4,8,2
2004,28,0.47154,738878,3,6,2
2004,29,0.67051,491951,4,8,2
2004,30,0.40732,912461,3,5,2
2004,31,0.4954,987374,3,6,2
2004,32,0.46168,885607,3,5,2
2004,33,0.44517,1082569,3,5,2
2004,34,0.48315,800276,3,6,2
2004,35,0.41804,912547,3,5,2
2004,36,0.44872,518781,3,5,2
2004,37,0.56079,729093,4,7,2
2004,38,0.50918,1141995,3,6,2
2004,39,0.9414,783323,5,10,3
2004,40,0.2369,991992,1,2,1
2004,41,0.46759,952282,3,6,2
2004,42,0.51866,878888,4,7,2
2004,44,0.59357,1267494,4,8,2
2004,45,0.55761,1559154,4,7,2
2004,46,0.56116,894580,4,7,2
2004,47,0.61175,1313713,4,8,2
2004,48,0.38,1189935,2,4,2
2004,49,0.51482,1228129,4,7,2
2004,50,0.37599,1084177,2,4,2
2004,51,0.3648,1079789,2,4,2
2004,52,0.57062,941131,4,8,2
2004,53,0.35074,1265468,2,3,2
2004,54,0.5318,516542,4,7,2
2004,55,0.34064,795458,2,3,2
2004,56,0.50579,849197,3,6,2
2004,57,0.46768,598580,3,6,2
2004,58,0.55141,930406,4,7,2
2004,59,0.55208,1145053,4,7,2
2004,60,0.23,619157,1,2,1
2004,61,0.05506,451016,1,1,1
2004,63,0.37261,1268561,2,4,2
2004,64,0.26965,792590,1,2,1
2004,65,0.22481,1081648,1,1,1
2004,66,0.56309,1248759,4,7,2
2004,67,0.51036,1033467,4,7,2
2004,68,0.3565,601445,2,4,2
2004,69,0.17404,508949,1,1,1
2004,70,0.10995,821650,1,1,1
2004,71,0.14198,1000158,1,1,1
2004,72,0.32588,1056260,2,3,2
2004,73,0.24525,1006392,1,2,1
2004,74,0.34418,1057532,2,3,2
2004,75,0.33894,484410,2,3,2
2004,76,0.27306,1139769,1,2,1
2004,77,0.3797,478943,2,4,2
2004,78,0.42937,741488,3,5,2
2004,79,0.4025,1040371,2,4,2
2004,80,0.0002,626238,1,1,1
2004,81,0,814923,1,1,1
2004,82,0.04622,735553,1,1,1
2004,83,0.28782,762163,1,2,1
2004,84,0.3554,684830,2,4,2
2004,85,0.09402,1114901,1,1,1
2004,86,0.34332,1164100,2,3,2
2004,87,0.35763,522875,2,4,2
2004,88,0.30179,846572,1,2,1
2004,89,0.3237,763761,2,3,2
2004,90,0.41722,892793,3,5,2
2004,91,0.29739,999919,1,2,1
2004,92,0.45715,516635,3,5,2
2004,93,0.35079,590817,2,3,2
2004,94,0.50499,705807,3,6,2
2004,95,0.49909,497496,3,6,2
2004,96,0.45814,552316,3,5,2
2004,97,0.36888,1061351,2,4,2
2004,98,0.77401,242064,5,9,3
2004,99,0.79695,831397,5,10,3
2005,1,0.60084,1242943,4,8,2
2005,2,0.82701,427271,5,10,3
2005,3,0.79598,294995,5,10,3
2005,4,0.78917,1227112,5,10,3
2005,6,0.92183,1276724,5,10,3
2005,7,0.67992,562704,4,8,2
2005,8,0.7413,577243,5,9,3
2005,9,0.71885,788063,5,9,3
2005,10,0.75091,414467,5,9,3
2005,12,0.74915,1377942,5,9,3
2005,13,0.75083,1173394,5,9,3
2005,14,0.71888,1264837,5,9,3
2005,15,0.76239,627638,5,9,3
2005,16,0.83135,598413,5,10,3
2005,17,1,582175,5,10,3
2005,18,0.90743,603349,5,10,3
2005,19,0.89095,401381,5,10,3
2005,20,0.31224,123873,2,3,2
2005,21,0.36245,1597996,2,4,2
2005,22,0.2954,1103442,1,2,1
2005,23,0.63574,733238,4,8,2
2005,24,0.58519,1095349,4,8,2
2005,25,0.50655,694669,3,6,2
2005,26,0.68758,1174940,4,8,2
2005,27,0.63468,860088,4,8,2
2005,28,0.47093,738878,3,6,2
2005,29,0.69879,491951,5,9,3
2005,30,0.46724,912461,3,6,2
2005,31,0.53858,987374,4,7,2
2005,32,0.46393,885607,3,5,2
2005,33,0.43762,1082569,3,5,2
2005,34,0.48737,800276,3,6,2
2005,35,0.4102,912547,3,5,2
2005,36,0.42242,518781,3,5,2
2005,37,0.58261,729093,4,7,2
2005,38,0.53271,1141995,4,7,2
2005,39,0.91417,783323,5,10,3
2005,40,0.25089,991992,1,2,1
2005,41,0.46472,952282,3,5,2
2005,42,0.51179,878888,3,6,2
2005,44,0.58814,1267494,4,8,2
2005,45,0.56131,1559154,4,7,2
2005,46,0.55102,894580,4,7,2
2005,47,0.61837,1313713,4,8,2
2005,48,0.36827,1189935,2,4,2
2005,49,0.53571,1228129,4,7,2
2005,50,0.392,1084177,2,4,2
2005,51,0.37618,1079789,2,4,2
2005,52,0.58871,941131,4,8,2
2005,53,0.34509,1265468,2,4,2
2005,54,0.52044,516542,4,7,2
2005,55,0.33685,795458,2,3,2
2005,56,0.51231,849197,3,6,2
2005,57,0.46971,598580,3,6,2
2005,58,0.52346,930406,4,7,2
2005,59,0.54283,1145053,4,7,2
2005,60,0.2331,619157,1,2,1
2005,61,0.05117,451016,1,1,1
2005,63,0.36058,1268561,2,4,2
2005,64,0.27093,792590,1,2,1
2005,65,0.22467,1081648,1,1,1
2005,66,0.5533,1248759,4,7,2
2005,67,0.48564,1033467,3,6,2
2005,68,0.34548,601445,2,4,2
2005,69,0.17228,508949,1,1,1
2005,70,0.0931,821650,1,1,1
2005,71,0.12124,1000158,1,1,1
2005,72,0.30502,1056260,2,3,2
2005,73,0.2275,1006392,1,2,1
2005,74,0.31735,1057532,2,3,2
2005,75,0.32444,484410,2,3,2
2005,76,0.24951,1139769,1,2,1
2005,77,0.35784,478943,2,4,2
2005,78,0.40186,741488,3,5,2
2005,79,0.38711,1040371,2,4,2
2005,80,0.00029,626238,1,1,1
2005,81,0,814923,1,1,1
2005,82,0.01532,735553,1,1,1
2005,83,0.26998,762163,1,2,1
2005,84,0.32974,684830,2,3,2
2005,85,0.05975,1114901,1,1,1
2005,86,0.33562,1164100,2,3,2
2005,87,0.34358,522875,2,3,2
2005,88,0.27967,846572,1,2,1
2005,89,0.29972,763761,1,2,1
2005,90,0.39552,892793,3,5,2
2005,91,0.27106,999919,1,2,1
2005,92,0.44572,516635,3,5,2
2005,93,0.32255,590817,2,3,2
2005,94,0.48565,705807,3,6,2
2005,95,0.48547,497496,3,6,2
2005,96,0.44328,552316,3,5,2
2005,97,0.3504,1061351,2,4,2
2005,98,0.76149,242064,5,9,3
2005,99,0.77891,831397,5,9,3
2006,1,0.59904,1242943,4,8,2
2006,2,0.82509,427271,5,10,3
2006,3,0.80804,294995,5,10,3
2006,4,0.78484,1227112,5,10,3
2006,6,0.90549,1276724,5,10,3
2006,7,0.65507,562704,4,8,2
2006,8,0.73137,577243,5,9,3
2006,9,0.69191,788063,5,9,3
2006,10,0.76013,414467,5,9,3
2006,12,0.75822,1377942,5,9,3
2006,13,0.76003,1173394,5,9,3
2006,14,0.72567,1264837,5,9,3
2006,15,0.7595,627638,5,9,3
2006,16,0.84427,598413,5,10,3
2006,17,1,582175,5,10,3
2006,18,0.9189,603349,5,10,3
2006,19,0.90955,401381,5,10,3
2006,20,0.33262,123873,2,3,2
2006,21,0.36687,1597996,2,4,2
2006,22,0.31607,1103442,2,3,2
2006,23,0.64828,733238,4,8,2
2006,24,0.59306,1095349,4,8,2
2006,25,0.50217,694669,3,6,2
2006,26,0.68108,1174940,5,9,3
2006,27,0.61869,860088,4,8,2
2006,28,0.44877,738878,3,5,2
2006,29,0.6798,491951,4,8,2
2006,30,0.4486,912461,3,5,2
2006,31,0.52799,987374,4,7,2
2006,32,0.46381,885607,3,6,2
2006,33,0.43701,1082569,3,5,2
2006,34,0.48652,800276,3,6,2
2006,35,0.41897,912547,3,5,2
2006,36,0.42098,518781,3,5,2
2006,37,0.57704,729093,4,7,2
2006,38,0.5232,1141995,4,7,2
2006,39,0.89385,783323,5,10,3
2006,40,0.25705,991992,1,2,1
2006,41,0.48333,952282,3,6,2
2006,42,0.54988,878888,4,7,2
2006,44,0.62282,1267494,4,8,2
2006,45,0.58018,1559154,4,7,2
2006,46,0.58102,894580,4,7,2
2006,47,0.64574,1313713,4,8,2
2006,48,0.37836,1189935,2,4,2
2006,49,0.52964,1228129,4,7,2
2006,50,0.41457,1084177,3,5,2
2006,51,0.38923,1079789,2,4,2
2006,52,0.60712,941131,4,8,2
2006,53,0.36433,1265468,2,4,2
2006,54,0.51639,516542,3,6,2
2006,55,0.34519,795458,2,4,2
2006,56,0.50412,849197,3,6,2
2006,57,0.45205,598580,3,6,2
2006,58,0.54667,930406,4,7,2
2006,59,0.55675,1145053,4,7,2
2006,60,0.24808,619157,1,2,1
2006,61,0.02389,451016,1,1,1
2006,63,0.35722,1268561,2,4,2
2006,64,0.26662,792590,1,2,1
2006,65,0.22485,1081648,1,2,1
2006,66,0.56789,1248759,4,7,2
2006,67,0.50784,1033467,3,6,2
2006,68,0.33757,601445,2,3,2
2006,69,0.14732,508949,1,1,1
2006,70,0.08074,821650,1,1,1
2006,71,0.10688,1000158,1,1,1
2006,72,0.29558,1056260,1,2,1
2006,73,0.21033,1006392,1,1,1
2006,74,0.30247,1057532,2,3,2
2006,75,0.31599,484410,2,3,2
2006,76,0.24778,1139769,1,2,1
2006,77,0.35254,478943,2,4,2
2006,78,0.38705,741488,2,4,2
2006,79,0.38026,1040371,2,4,2
2006,80,0.00032,626238,1,1,1
2006,81,0,814923,1,1,1
2006,82,0.00666,735553,1,1,1
2006,83,0.24337,762163,1,2,1
2006,84,0.31073,684830,2,3,2
2006,85,0.04356,1114901,1,1,1
2006,86,0.32158,1164100,2,3,2
2006,87,0.32491,522875,2,3,2
2006,88,0.26241,846572,1,2,1
2006,89,0.27862,763761,1,2,1
2006,90,0.39008,892793,3,5,2
2006,91,0.25466,999919,1,2,1
2006,92,0.42549,516635,3,5,2
2006,93,0.30329,590817,2,3,2
2006,94,0.47377,705807,3,6,2
2006,95,0.47357,497496,3,6,2
2006,96,0.43677,552316,3,5,2
2006,97,0.34314,1061351,2,4,2
2006,98,0.76688,242064,5,9,3
2006,99,0.77905,831397,5,9,3
2007,1,0.59995,1242943,4,7,2
2007,2,0.83905,427271,5,10,3
2007,3,0.81533,294995,5,10,3
2007,4,0.80043,1227112,5,10,3
2007,6,0.90934,1276724,5,10,3
2007,7,0.65465,562704,4,8,2
2007,8,0.74092,577243,5,9,3
2007,9,0.70239,788063,5,9,3
2007,10,0.79952,414467,5,9,3
2007,12,0.79742,1377942,5,9,3
2007,13,0.79941,1173394,5,9,3
2007,14,0.74191,1264837,5,9,3
2007,15,0.76648,627638,5,9,3
2007,16,0.85579,598413,5,10,3
2007,17,1,582175,5,10,3
2007,18,0.89444,603349,5,10,3
2007,19,0.92125,401381,5,10,3
2007,20,0.34897,123873,2,3,2
2007,21,0.38888,1597996,2,4,2
2007,22,0.32945,1103442,2,3,2
2007,23,0.64988,733238,4,8,2
2007,24,0.61733,1095349,4,8,2
2007,25,0.52002,694669,3,6,2
2007,26,0.6832,1174940,4,8,2
2007,27,0.64698,860088,4,8,2
2007,28,0.4808,738878,3,6,2
2007,29,0.67903,491951,4,8,2
2007,30,0.4647,912461,3,5,2
2007,31,0.54642,987374,4,7,2
2007,32,0.4982,885607,3,6,2
2007,33,0.46855,1082569,3,5,2
2007,34,0.4979,800276,3,6,2
2007,35,0.44422,912547,3,5,2
2007,36,0.43924,518781,3,5,2
2007,37,0.58424,729093,4,7,2
2007,38,0.49693,1141995,3,6,2
2007,39,0.88611,783323,5,10,3
2007,40,0.30147,991992,1,2,1
2007,41,0.52996,952282,3,6,2
2007,42,0.59499,878888,4,7,2
2007,44,0.65985,1267494,4,8,2
2007,45,0.62887,1559154,4,8,2
2007,46,0.61058,894580,4,7,2
2007,47,0.68824,1313713,5,9,3
2007,48,0.40266,1189935,2,4,2
2007,49,0.55464,1228129,4,7,2
2007,50,0.46248,1084177,3,5,2
2007,51,0.42484,1079789,3,5,2
2007,52,0.64083,941131,4,8,2
2007,53,0.39958,1265468,2,4,2
2007,54,0.55301,516542,4,7,2
2007,55,0.3707,795458,2,4,2
2007,56,0.5298,849197,3,6,2
2007,57,0.47605,598580,3,6,2
2007,58,0.56867,930406,4,7,2
2007,59,0.57655,1145053,4,7,2
2007,60,0.2722,619157,1,2,1
2007,61,0.03628,451016,1,1,1
2007,63,0.38222,1268561,2,4,2
2007,64,0.28395,792590,1,2,1
2007,65,0.2467,1081648,1,2,1
2007,66,0.59856,1248759,4,7,2
2007,67,0.53202,1033467,3,6,2
2007,68,0.35415,601445,2,4,2
2007,69,0.16291,508949,1,1,1
2007,70,0.06572,821650,1,1,1
2007,71,0.11086,1000158,1,1,1
2007,72,0.29714,1056260,1,2,1
2007,73,0.21863,1006392,1,1,1
2007,74,0.30833,1057532,2,3,2
2007,75,0.31524,484410,2,3,2
2007,76,0.26033,1139769,1,2,1
2007,77,0.36136,478943,2,4,2
2007,78,0.40874,741488,2,4,2
2007,79,0.41523,1040371,2,4,2
2007,80,0.00027,626238,1,1,1
2007,81,0,814923,1,1,1
2007,82,0.02576,735553,1,1,1
2007,83,0.24889,762163,1,2,1
2007,84,0.31507,684830,2,3,2
2007,85,0.06659,1114901,1,1,1
2007,86,0.32877,1164100,2,3,2
2007,87,0.319,522875,2,3,2
2007,88,0.27701,846572,1,2,1
2007,89,0.28365,763761,1,2,1
2007,90,0.39187,892793,2,4,2
2007,91,0.26291,999919,1,2,1
2007,92,0.42382,516635,3,5,2
2007,93,0.30377,590817,2,3,2
2007,94,0.46042,705807,3,5,2
2007,95,0.4804,497496,3,6,2
2007,96,0.42227,552316,3,5,2
2007,97,0.34702,1061351,2,3,2
2007,98,0.7378,242064,5,9,3
2007,99,0.76933,831397,5,9,3
2008,1,0.60929,1242943,4,7,2
2008,2,0.83864,427271,5,10,3
2008,3,0.81802,294995,5,10,3
2008,4,0.80197,1227112,5,9,3
2008,6,0.92456,1276724,5,10,3
2008,7,0.67093,562704,4,8,2
2008,8,0.73386,577243,5,9,3
2008,9,0.70636,788063,4,8,2
2008,10,0.81551,414467,5,10,3
2008,12,0.81326,1377942,5,9,3
2008,13,0.81541,1173394,5,9,3
2008,14,0.74526,1264837,5,9,3
2008,15,0.759,627638,5,9,3
2008,16,0.84867,598413,5,10,3
2008,17,1,582175,5,10,3
2008,18,0.89637,603349,5,10,3
2008,19,0.9096,401381,5,10,3
2008,20,0.35076,123873,2,3,2
2008,21,0.40954,1597996,2,4,2
2008,22,0.34351,1103442,2,3,2
2008,23,0.68068,733238,4,8,2
2008,24,0.65012,1095349,4,7,2
2008,25,0.55719,694669,3,6,2
2008,26,0.72561,1174940,5,9,3
2008,27,0.66703,860088,4,8,2
2008,28,0.48941,738878,3,5,2
2008,29,0.68478,491951,4,8,2
2008,30,0.49931,912461,3,5,2
2008,31,0.57423,987374,4,7,2
2008,32,0.52301,885607,3,6,2
2008,33,0.50037,1082569,3,6,2
2008,34,0.50631,800276,3,6,2
2008,35,0.47715,912547,3,5,2
2008,36,0.47047,518781,3,5,2
2008,37,0.61515,729093,4,7,2
2008,38,0.52752,1141995,3,6,2
2008,39,0.88933,783323,5,10,3
2008,40,0.31854,991992,1,2,1
2008,41,0.55613,952282,3,6,2
2008,42,0.62624,878888,4,7,2
2008,44,0.68797,1267494,4,8,2
2008,45,0.65723,1559154,4,8,2
2008,46,0.65154,894580,4,8,2
2008,47,0.71839,1313713,5,9,3
2008,48,0.4322,1189935,2,4,2
2008,49,0.58008,1228129,4,7,2
2008,50,0.46999,1084177,3,5,2
2008,51,0.44383,1079789,2,4,2
2008,52,0.66151,941131,4,8,2
2008,53,0.44715,1265468,3,5,2
2008,54,0.5988,516542,4,7,2
2008,55,0.39983,795458,2,4,2
2008,56,0.56505,849197,3,6,2
2008,57,0.4933,598580,3,5,2
2008,58,0.61513,930406,4,7,2
2008,59,0.60189,1145053,4,7,2
2008,60,0.24549,619157,1,1,1
2008,61,0.09894,451016,1,1,1
2008,63,0.40752,1268561,2,4,2
2008,64,0.32994,792590,1,2,1
2008,65,0.27172,1081648,1,2,1
2008,66,0.62812,1248759,4,7,2
2008,67,0.56383,1033467,3,6,2
2008,68,0.37926,601445,2,3,2
2008,69,0.19505,508949,1,1,1
2008,70,0.11378,821650,1,1,1
2008,71,0.15663,1000158,1,1,1
2008,72,0.33244,1056260,1,2,1
2008,73,0.25951,1006392,1,2,1
2008,74,0.33697,1057532,2,3,2
2008,75,0.37407,484410,2,3,2
2008,76,0.29824,1139769,1,2,1
2008,77,0.40031,478943,2,4,2
2008,78,0.43619,741488,2,4,2
2008,79,0.43989,1040371,2,4,2
2008,80,0.00029,626238,1,1,1
2008,81,0,814923,1,1,1
2008,82,0.04591,735553,1,1,1
2008,83,0.29626,762163,1,2,1
2008,84,0.35678,684830,2,3,2
2008,85,0.08078,1114901,1,1,1
2008,86,0.35002,1164100,2,3,2
2008,87,0.36459,522875,2,3,2
2008,88,0.29708,846572,1,2,1
2008,89,0.31291,763761,1,2,1
2008,90,0.40438,892793,2,4,2
2008,91,0.29714,999919,1,2,1
2008,92,0.47691,516635,3,5,2
2008,93,0.33756,590817,2,3,2
2008,94,0.52511,705807,3,6,2
2008,95,0.51633,497496,3,6,2
2008,96,0.45702,552316,3,5,2
2008,97,0.38918,1061351,2,4,2
2008,98,0.73572,242064,5,9,3
2008,99,0.75426,831397,5,9,3
2009,1,0.60318,1242943,4,7,2
2009,2,0.82976,427271,5,10,3
2009,3,0.76488,294995,5,9,3
2009,4,0.78353,1227112,5,9,3
2009,6,0.90573,1276724,5,10,3
2009,7,0.67423,562704,4,8,2
2009,8,0.74818,577243,5,9,3
2009,9,0.70455,788063,4,8,2
2009,10,0.79843,414467,5,10,3
2009,12,0.79595,1377942,5,9,3
2009,13,0.79832,1173394,5,10,3
2009,14,0.72007,1264837,5,9,3
2009,15,0.72523,627638,5,9,3
2009,16,0.807,598413,5,10,3
2009,17,1,582175,5,10,3
2009,18,0.89498,603349,5,10,3
2009,19,0.90445,401381,5,10,3
2009,20,0.34438,123873,2,3,2
2009,21,0.39581,1597996,2,4,2
2009,22,0.33429,1103442,1,2,1
2009,23,0.67421,733238,4,8,2
2009,24,0.6347,1095349,4,7,2
2009,25,0.54043,694669,3,6,2
2009,26,0.71195,1174940,5,9,3
2009,27,0.67417,860088,4,8,2
2009,28,0.50033,738878,3,5,2
2009,29,0.69415,491951,4,8,2
2009,30,0.46807,912461,3,5,2
2009,31,0.56334,987374,3,6,2
2009,32,0.57262,885607,4,7,2
2009,33,0.53372,1082569,3,6,2
2009,34,0.52001,800276,3,6,2
2009,35,0.47826,912547,3,5,2
2009,36,0.49082,518781,3,5,2
2009,37,0.60859,729093,4,7,2
2009,38,0.51667,1141995,3,5,2
2009,39,0.88036,783323,5,10,3
2009,40,0.32473,991992,1,2,1
2009,41,0.56607,952282,3,6,2
2009,42,0.64433,878888,4,7,2
2009,44,0.71052,1267494,4,8,2
2009,45,0.66317,1559154,4,8,2
2009,46,0.65472,894580,4,7,2
2009,47,0.72492,1313713,5,9,3
2009,48,0.45343,1189935,2,4,2
2009,49,0.58599,1228129,4,7,2
2009,50,0.46182,1084177,2,4,2
2009,51,0.44074,1079789,2,4,2
2009,52,0.66405,941131,4,8,2
2009,53,0.4343,1265468,2,4,2
2009,54,0.61305,516542,4,7,2
2009,55,0.38377,795458,2,3,2
2009,56,0.55755,849197,3,6,2
2009,57,0.53049,598580,3,6,2
2009,58,0.65486,930406,4,8,2
2009,59,0.62281,1145053,4,7,2
2009,60,0.23698,619157,1,1,1
2009,61,0.08254,451016,1,1,1
2009,63,0.40521,1268561,2,4,2
2009,64,0.31279,792590,1,2,1
2009,65,0.26789,1081648,1,2,1
2009,66,0.64061,1248759,4,7,2
2009,67,0.55168,1033467,3,6,2
2009,68,0.39584,601445,2,4,2
2009,69,0.21023,508949,1,1,1
2009,70,0.14076,821650,1,1,1
2009,71,0.18448,1000158,1,1,1
2009,72,0.37107,1056260,2,3,2
2009,73,0.29809,1006392,1,2,1
2009,74,0.37875,1057532,2,3,2
2009,75,0.40221,484410,2,4,2
2009,76,0.31674,1139769,1,2,1
2009,77,0.44471,478943,2,4,2
2009,78,0.47781,741488,3,5,2
2009,79,0.46842,1040371,3,5,2
2009,80,0.00031,626238,1,1,1
2009,81,0,814923,1,1,1
2009,82,0.04402,735553,1,1,1
2009,83,0.31817,762163,1,2,1
2009,84,0.36925,684830,2,3,2
2009,85,0.07128,1114901,1,1,1
2009,86,0.36294,1164100,2,3,2
2009,87,0.37959,522875,2,3,2
2009,88,0.32427,846572,1,2,1
2009,89,0.34312,763761,1,2,1
2009,90,0.40336,892793,2,4,2
2009,91,0.30962,999919,1,2,1
2009,92,0.50684,516635,3,5,2
2009,93,0.36264,590817,2,3,2
2009,94,0.54527,705807,3,6,2
2009,95,0.52294,497496,3,6,2
2009,96,0.47218,552316,3,5,2
2009,97,0.39295,1061351,2,3,2
2009,98,0.74803,242064,5,9,3
2009,99,0.74991,831397,5,9,3
2010,1,0.61202,1242943,4,7,2
2010,2,0.81538,427271,5,10,3
2010,3,0.75253,294995,5,9,3
2010,4,0.80569,1227112,5,9,3
2010,6,0.9226,1276724,5,10,3
2010,7,0.66215,562704,4,8,2
2010,8,0.73578,577243,5,9,3
2010,9,0.7008,788063,4,8,2
2010,10,0.81048,414467,5,10,3
2010,12,0.8079,1377942,5,10,3
2010,13,0.81036,1173394,5,10,3
2010,14,0.72471,1264837,5,9,3
2010,15,0.71582,627638,5,9,3
2010,16,0.79223,598413,5,9,3
2010,17,1,582175,5,10,3
2010,18,0.89752,603349,5,10,3
2010,19,0.93252,401381,5,10,3
2010,20,0.35269,123873,2,3,2
2010,21,0.4063,1597996,2,4,2
2010,22,0.34387,1103442,1,2,1
2010,23,0.6821,733238,4,8,2
2010,24,0.65237,1095349,4,7,2
2010,25,0.55852,694669,3,6,2
2010,26,0.71671,1174940,5,9,3
2010,27,0.66905,860088,4,8,2
2010,28,0.50768,738878,3,5,2
2010,29,0.70569,491951,4,8,2
2010,30,0.48186,912461,3,5,2
2010,31,0.56846,987374,3,6,2
2010,32,0.5598,885607,3,6,2
2010,33,0.53008,1082569,3,6,2
2010,34,0.50453,800276,3,5,2
2010,35,0.47481,912547,3,5,2
2010,36,0.46874,518781,3,5,2
2010,37,0.6049,729093,4,7,2
2010,38,0.51106,1141995,3,6,2
2010,39,0.89088,783323,5,10,3
2010,40,0.31665,991992,1,2,1
2010,41,0.57225,952282,4,7,2
2010,42,0.64853,878888,4,7,2
2010,44,0.71139,1267494,4,8,2
2010,45,0.67987,1559154,4,8,2
2010,46,0.65761,894580,4,8,2
2010,47,0.73556,1313713,5,9,3
2010,48,0.44854,1189935,2,4,2
2010,49,0.59885,1228129,4,7,2
2010,50,0.47445,1084177,3,5,2
2010,51,0.44973,1079789,2,4,2
2010,52,0.67694,941131,4,8,2
2010,53,0.42393,1265468,2,4,2
2010,54,0.61223,516542,4,7,2
2010,55,0.37658,795458,2,3,2
2010,56,0.56656,849197,3,6,2
2010,57,0.53549,598580,3,6,2
2010,58,0.65112,930406,4,7,2
2010,59,0.62991,1145053,4,7,2
2010,60,0.24094,619157,1,1,1
2010,61,0.08903,451016,1,1,1
2010,63,0.40406,1268561,2,4,2
2010,64,0.32262,792590,1,2,1
2010,65,0.26648,1081648,1,2,1
2010,66,0.62482,1248759,4,7,2
2010,67,0.55878,1033467,3,6,2
2010,68,0.38437,601445,2,4,2
2010,69,0.21689,508949,1,1,1
2010,70,0.13948,821650,1,1,1
2010,71,0.18357,1000158,1,1,1
2010,72,0.3604,1056260,2,3,2
2010,73,0.29375,1006392,1,2,1
2010,74,0.35974,1057532,2,3,2
2010,75,0.40881,484410,2,4,2
2010,76,0.31684,1139769,1,2,1
2010,77,0.43427,478943,2,4,2
2010,78,0.46749,741488,3,5,2
2010,79,0.45118,1040371,2,4,2
2010,80,0.00033,626238,1,1,1
2010,81,0,814923,1,1,1
2010,82,0.03978,735553,1,1,1
2010,83,0.32182,762163,1,2,1
2010,84,0.35701,684830,2,3,2
2010,85,0.05934,1114901,1,1,1
2010,86,0.35667,1164100,2,3,2
2010,87,0.37305,522875,2,3,2
2010,88,0.31727,846572,1,2,1
2010,89,0.32487,763761,1,2,1
2010,90,0.40234,892793,2,4,2
2010,91,0.29556,999919,1,2,1
2010,92,0.48281,516635,3,5,2
2010,93,0.34538,590817,2,3,2
2010,94,0.53829,705807,3,6,2
2010,95,0.50877,497496,3,6,2
2010,96,0.45347,552316,3,5,2
2010,97,0.38228,1061351,2,3,2
2010,98,0.73573,242064,5,9,3
2010,99,0.7689,831397,5,9,3
2011,1,0.5881,1242943,4,7,2
2011,2,0.80539,427271,5,10,3
2011,3,0.75091,294995,5,9,3
2011,4,0.78948,1227112,5,10,3
2011,6,0.89969,1276724,5,10,3
2011,7,0.65034,562704,4,8,2
2011,8,0.70758,577243,5,9,3
2011,9,0.68048,788063,4,8,2
2011,10,0.77725,414467,5,10,3
2011,12,0.77476,1377942,5,9,3
2011,13,0.77716,1173394,5,9,3
2011,14,0.70118,1264837,4,8,2
2011,15,0.69209,627638,4,8,2
2011,16,0.80569,598413,5,10,3
2011,17,1,582175,5,10,3
2011,18,0.87752,603349,5,10,3
2011,19,0.91886,401381,5,10,3
2011,20,0.31364,123873,1,2,1
2011,21,0.38791,1597996,2,4,2
2011,22,0.31678,1103442,1,2,1
2011,23,0.69598,733238,4,8,2
2011,24,0.63972,1095349,4,7,2
2011,25,0.56699,694669,3,6,2
2011,26,0.70805,1174940,5,9,3
2011,27,0.67518,860088,4,8,2
2011,28,0.53076,738878,3,6,2
2011,29,0.70244,491951,5,9,3
2011,30,0.47368,912461,3,5,2
2011,31,0.57812,987374,4,7,2
2011,32,0.56009,885607,3,6,2
2011,33,0.52696,1082569,3,6,2
2011,34,0.50165,800276,3,5,2
2011,35,0.4652,912547,3,5,2
2011,36,0.44697,518781,3,5,2
2011,37,0.59526,729093,4,7,2
2011,38,0.51495,1141995,3,6,2
2011,39,0.88175,783323,5,10,3
2011,40,0.30857,991992,1,2,1
2011,41,0.56854,952282,3,6,2
2011,42,0.62735,878888,4,7,2
2011,44,0.71066,1267494,5,9,3
2011,45,0.6779,1559154,4,8,2
2011,46,0.65904,894580,4,8,2
2011,47,0.7231,1313713,5,9,3
2011,48,0.4525,1189935,3,5,2
2011,49,0.57793,1228129,4,7,2
2011,50,0.47104,1084177,3,5,2
2011,51,0.44288,1079789,2,4,2
2011,52,0.64328,941131,4,8,2
2011,53,0.41692,1265468,2,4,2
2011,54,0.6305,516542,4,7,2
2011,55,0.39484,795458,2,4,2
2011,56,0.57595,849197,3,6,2
2011,57,0.51321,598580,3,6,2
2011,58,0.63127,930406,4,7,2
2011,59,0.61925,1145053,4,7,2
2011,60,0.22777,619157,1,1,1
2011,61,0.08897,451016,1,1,1
2011,63,0.39614,1268561,2,4,2
2011,64,0.32533,792590,2,3,2
2011,65,0.27404,1081648,1,2,1
2011,66,0.61637,1248759,4,7,2
2011,67,0.55592,1033467,3,6,2
2011,68,0.35548,601445,2,3,2
2011,69,0.19754,508949,1,1,1
2011,70,0.11455,821650,1,1,1
2011,71,0.1581,1000158,1,1,1
2011,72,0.32728,1056260,2,3,2
2011,73,0.27448,1006392,1,2,1
2011,74,0.32941,1057532,2,3,2
2011,75,0.37124,484410,2,3,2
2011,76,0.30632,1139769,1,2,1
2011,77,0.40224,478943,2,4,2
2011,78,0.43261,741488,2,4,2
2011,79,0.43247,1040371,2,4,2
2011,80,0.00027,626238,1,1,1
2011,81,0,814923,1,1,1
2011,82,0.04968,735553,1,1,1
2011,83,0.31394,762163,1,2,1
2011,84,0.35433,684830,2,3,2
2011,85,0.07217,1114901,1,1,1
2011,86,0.35248,1164100,2,3,2
2011,87,0.37941,522875,2,4,2
2011,88,0.2807,846572,1,2,1
2011,89,0.29962,763761,1,2,1
2011,90,0.37201,892793,2,3,2
2011,91,0.29226,999919,1,2,1
2011,92,0.4817,516635,3,5,2
2011,93,0.33833,590817,2,3,2
2011,94,0.52007,705807,3,6,2
2011,95,0.51157,497496,3,5,2
2011,96,0.44776,552316,3,5,2
2011,97,0.37454,1061351,2,4,2
2011,98,0.70485,242064,5,9,3
2011,99,0.74015,831397,5,9,3
2012,1,0.62347,1242943,4,7,2
2012,2,0.86154,427271,5,10,3
2012,3,0.80821,294995,5,10,3
2012,4,0.79574,1227112,5,10,3
2012,6,0.92278,1276724,5,10,3
2012,7,0.67491,562704,4,8,2
2012,8,0.73284,577243,5,9,3
2012,9,0.72212,788063,4,8,2
2012,10,0.75573,414467,5,9,3
2012,12,0.75432,1377942,5,9,3
2012,13,0.75566,1173394,5,9,3
2012,14,0.7125,1264837,4,8,2
2012,15,0.75044,627638,5,9,3
2012,16,0.8352,598413,5,10,3
2012,17,1,582175,5,10,3
2012,18,0.86874,603349,5,10,3
2012,19,0.88508,401381,5,10,3
2012,20,0.30456,123873,1,2,1
2012,21,0.40157,1597996,2,4,2
2012,22,0.32225,1103442,1,2,1
2012,23,0.72956,733238,5,9,3
2012,24,0.68104,1095349,4,8,2
2012,25,0.615,694669,4,7,2
2012,26,0.7174,1174940,4,8,2
2012,27,0.68823,860088,4,8,2
2012,28,0.55239,738878,3,6,2
2012,29,0.71758,491951,4,8,2
2012,30,0.49986,912461,3,5,2
2012,31,0.60206,987374,3,6,2
2012,32,0.59197,885607,3,6,2
2012,33,0.55473,1082569,3,6,2
2012,34,0.5442,800276,3,6,2
2012,35,0.49331,912547,3,5,2
2012,36,0.4944,518781,3,5,2
2012,37,0.62276,729093,4,7,2
2012,38,0.4996,1141995,3,5,2
2012,39,0.88997,783323,5,10,3
2012,40,0.31631,991992,1,2,1
2012,41,0.59538,952282,3,6,2
2012,42,0.66545,878888,4,7,2
2012,44,0.74207,1267494,5,9,3
2012,45,0.69513,1559154,4,8,2
2012,46,0.6844,894580,4,8,2
2012,47,0.7536,1313713,5,9,3
2012,48,0.48414,1189935,3,5,2
2012,49,0.60599,1228129,3,6,2
2012,50,0.47796,1084177,2,4,2
2012,51,0.45231,1079789,2,4,2
2012,52,0.64833,941131,4,7,2
2012,53,0.4533,1265468,2,4,2
2012,54,0.67137,516542,4,7,2
2012,55,0.43328,795458,2,4,2
2012,56,0.61132,849197,4,7,2
2012,57,0.53778,598580,3,6,2
2012,58,0.65224,930406,4,7,2
2012,59,0.64365,1145053,4,7,2
2012,60,0.23962,619157,1,1,1
2012,61,0.15083,451016,1,1,1
2012,63,0.43823,1268561,2,4,2
2012,64,0.36769,792590,2,3,2
2012,65,0.31375,1081648,1,2,1
2012,66,0.67473,1248759,4,7,2
2012,67,0.57993,1033467,3,6,2
2012,68,0.39391,601445,2,3,2
2012,69,0.23951,508949,1,1,1
2012,70,0.18571,821650,1,1,1
2012,71,0.23862,1000158,1,1,1
2012,72,0.38988,1056260,2,3,2
2012,73,0.34065,1006392,1,2,1
2012,74,0.38395,1057532,2,3,2
2012,75,0.44756,484410,2,4,2
2012,76,0.37226,1139769,2,3,2
2012,77,0.46642,478943,2,4,2
2012,78,0.49722,741488,3,5,2
2012,79,0.48837,1040371,3,5,2
2012,80,0.00013,626238,1,1,1
2012,81,0,814923,1,1,1
2012,82,0.09577,735553,1,1,1
2012,83,0.34791,762163,1,2,1
2012,84,0.36497,684830,2,3,2
2012,85,0.10684,1114901,1,1,1
2012,86,0.37228,1164100,2,3,2
2012,87,0.38795,522875,2,3,2
2012,88,0.34399,846572,1,2,1
2012,89,0.36425,763761,1,2,1
2012,90,0.40146,892793,2,3,2
2012,91,0.32414,999919,1,2,1
2012,92,0.48106,516635,3,5,2
2012,93,0.3514,590817,1,2,1
2012,94,0.52094,705807,3,5,2
2012,95,0.53034,497496,3,6,2
2012,96,0.47498,552316,2,4,2
2012,97,0.40391,1061351,2,4,2
2012,98,0.7286,242064,5,9,3
2012,99,0.766,831397,5,9,3
2013,1,0.64232,1242943,4,7,2
2013,2,0.86628,427271,5,10,3
2013,3,0.82985,294995,5,10,3
2013,4,0.81995,1227112,5,10,3
2013,6,0.94908,1276724,5,10,3
2013,7,0.69368,562704,4,7,2
2013,8,0.76682,577243,5,9,3
2013,9,0.75754,788063,4,8,2
2013,10,0.77387,414467,5,9,3
2013,12,0.77255,1377942,5,9,3
2013,13,0.77379,1173394,5,9,3
2013,14,0.72237,1264837,4,8,2
2013,15,0.76497,627638,5,9,3
2013,16,0.82839,598413,5,10,3
2013,17,1,582175,5,10,3
2013,18,0.89745,603349,5,10,3
2013,19,0.8969,401381,5,10,3
2013,20,0.29587,123873,1,2,1
2013,21,0.40988,1597996,2,3,2
2013,22,0.32157,1103442,1,2,1
2013,23,0.74741,733238,4,8,2
2013,24,0.72461,1095349,4,8,2
2013,25,0.63428,694669,3,6,2
2013,26,0.74146,1174940,4,8,2
2013,27,0.71275,860088,4,8,2
2013,28,0.574,738878,3,6,2
2013,29,0.73174,491951,4,8,2
2013,30,0.52627,912461,3,5,2
2013,31,0.62841,987374,3,6,2
2013,32,0.63791,885607,3,6,2
2013,33,0.60533,1082569,3,6,2
2013,34,0.57513,800276,3,6,2
2013,35,0.53735,912547,3,5,2
2013,36,0.51988,518781,3,5,2
2013,37,0.64726,729093,4,7,2
2013,38,0.51526,1141995,3,5,2
2013,39,0.90096,783323,5,10,3
2013,40,0.36228,991992,1,2,1
2013,41,0.65652,952282,4,7,2
2013,42,0.71837,878888,4,8,2
2013,44,0.79858,1267494,5,9,3
2013,45,0.76289,1559154,5,9,3
2013,46,0.73656,894580,4,8,2
2013,47,0.8113,1313713,5,9,3
2013,48,0.52506,1189935,3,5,2
2013,49,0.6187,1228129,3,6,2
2013,50,0.51901,1084177,3,5,2
2013,51,0.50683,1079789,3,5,2
2013,52,0.70647,941131,4,7,2
2013,53,0.50465,1265468,2,4,2
2013,54,0.703,516542,4,7,2
2013,55,0.46208,795458,2,4,2
2013,56,0.64427,849197,4,7,2
2013,57,0.5875,598580,3,6,2
2013,58,0.707,930406,4,7,2
2013,59,0.68489,1145053,4,7,2
2013,60,0.28847,619157,1,1,1
2013,61,0.19021,451016,1,1,1
2013,63,0.46961,1268561,2,4,2
2013,64,0.40318,792590,2,3,2
2013,65,0.3566,1081648,1,2,1
2013,66,0.70452,1248759,4,7,2
2013,67,0.61762,1033467,3,6,2
2013,68,0.41244,601445,2,3,2
2013,69,0.24341,508949,1,1,1
2013,70,0.1881,821650,1,1,1
2013,71,0.24044,1000158,1,1,1
2013,72,0.40347,1056260,2,3,2
2013,73,0.33536,1006392,1,2,1
2013,74,0.3824,1057532,2,3,2
2013,75,0.45554,484410,2,4,2
2013,76,0.37715,1139769,1,2,1
2013,77,0.47261,478943,2,4,2
2013,78,0.51906,741488,3,5,2
2013,79,0.49275,1040371,2,4,2
2013,80,0.00011,626238,1,1,1
2013,81,0,814923,1,1,1
2013,82,0.11192,735553,1,1,1
2013,83,0.35377,762163,1,2,1
2013,84,0.38594,684830,2,3,2
2013,85,0.11939,1114901,1,1,1
2013,86,0.39126,1164100,2,3,2
2013,87,0.41815,522875,2,3,2
2013,88,0.34942,846572,1,2,1
2013,89,0.38492,763761,2,3,2
2013,90,0.42997,892793,2,4,2
2013,91,0.3461,999919,1,2,1
2013,92,0.49209,516635,2,4,2
2013,93,0.37477,590817,1,2,1
2013,94,0.5324,705807,3,5,2
2013,95,0.5497,497496,3,6,2
2013,96,0.48933,552316,2,4,2
2013,97,0.41949,1061351,2,4,2
2013,98,0.76322,242064,5,9,3
2013,99,0.78951,831397,5,9,3
2014,1,0.65618,1242943,3,6,2
2014,2,0.84751,427271,5,10,3
2014,3,0.87466,294995,5,10,3
2014,4,0.81873,1227112,5,9,3
2014,6,0.9574,1276724,5,10,3
2014,7,0.71446,562704,4,7,2
2014,8,0.77309,577243,4,8,2
2014,9,0.7727,788063,4,8,2
2014,10,0.80995,414467,5,9,3
2014,12,0.8084,1377942,5,9,3
2014,13,0.80988,1173394,5,9,3
2014,14,0.75962,1264837,4,8,2
2014,15,0.79109,627638,5,9,3
2014,16,0.86285,598413,5,10,3
2014,17,1,582175,5,10,3
2014,18,0.88364,603349,5,10,3
2014,19,0.8955,401381,5,10,3
2014,20,0.34979,123873,1,2,1
2014,21,0.44976,1597996,2,3,2
2014,22,0.37671,1103442,1,2,1
2014,23,0.78961,733238,5,9,3
2014,24,0.76049,1095349,4,8,2
2014,25,0.6919,694669,4,7,2
2014,26,0.7677,1174940,4,8,2
2014,27,0.74613,860088,4,7,2
2014,28,0.61813,738878,3,6,2
2014,29,0.75429,491951,4,8,2
2014,30,0.55825,912461,3,5,2
2014,31,0.66197,987374,3,6,2
2014,32,0.6708,885607,3,6,2
2014,33,0.64182,1082569,3,6,2
2014,34,0.60667,800276,3,6,2
2014,35,0.56443,912547,3,5,2
2014,36,0.54938,518781,3,5,2
2014,37,0.67668,729093,4,7,2
2014,38,0.54331,1141995,3,5,2
2014,39,0.92154,783323,5,10,3
2014,40,0.39319,991992,1,2,1
2014,41,0.68186,952282,4,7,2
2014,42,0.75576,878888,4,8,2
2014,44,0.83388,1267494,5,9,3
2014,45,0.81955,1559154,5,9,3
2014,46,0.76536,894580,4,8,2
2014,47,0.85039,1313713,5,10,3
2014,48,0.55649,1189935,3,5,2
2014,49,0.65991,1228129,3,6,2
2014,50,0.5541,1084177,3,5,2
2014,51,0.53012,1079789,2,4,2
2014,52,0.73384,941131,4,7,2
2014,53,0.53222,1265468,2,4,2
2014,54,0.74699,516542,4,7,2
2014,55,0.509,795458,2,4,2
2014,56,0.6798,849197,4,7,2
2014,57,0.60743,598580,3,6,2
2014,58,0.7381,930406,4,7,2
2014,59,0.71046,1145053,4,7,2
2014,60,0.29918,619157,1,1,1
2014,61,0.20422,451016,1,1,1
2014,63,0.50244,1268561,2,4,2
2014,64,0.43428,792590,2,3,2
2014,65,0.38398,1081648,1,2,1
2014,66,0.74763,1248759,4,8,2
2014,67,0.6686,1033467,3,6,2
2014,68,0.47035,601445,2,4,2
2014,69,0.31218,508949,1,1,1
2014,70,0.23232,821650,1,1,1
2014,71,0.28815,1000158,1,1,1
2014,72,0.43792,1056260,2,3,2
2014,73,0.3817,1006392,1,2,1
2014,74,0.43087,1057532,2,3,2
2014,75,0.49704,484410,2,4,2
2014,76,0.42894,1139769,2,3,2
2014,77,0.51783,478943,2,4,2
2014,78,0.56394,741488,3,5,2
2014,79,0.54236,1040371,3,5,2
2014,80,0,626238,1,1,1
2014,81,0.00002,814923,1,1,1
2014,82,0.1552,735553,1,1,1
2014,83,0.38901,762163,1,2,1
2014,84,0.43154,684830,2,3,2
2014,85,0.15005,1114901,1,1,1
2014,86,0.4218,1164100,2,3,2
2014,87,0.45491,522875,2,3,2
2014,88,0.38275,846572,1,2,1
2014,89,0.40968,763761,1,2,1
2014,90,0.47553,892793,2,4,2
2014,91,0.38457,999919,1,2,1
2014,92,0.52081,516635,2,4,2
2014,93,0.40159,590817,1,2,1
2014,94,0.56483,705807,3,5,2
2014,95,0.5714,497496,3,6,2
2014,96,0.52777,552316,2,4,2
2014,97,0.45142,1061351,2,3,2
2014,98,0.77687,242064,5,9,3
2014,99,0.79353,831397,5,9,3
2015,1,0.65937,1242943,3,6,2
2015,2,0.8787,427271,5,10,3
2015,3,0.86101,294995,5,9,3
2015,4,0.80632,1227112,5,9,3
2015,6,0.98783,1276724,5,10,3
2015,7,0.73246,562704,4,7,2
2015,8,0.78363,577243,4,8,2
2015,9,0.78238,788063,4,8,2
2015,10,0.8162,414467,5,9,3
2015,12,0.81474,1377942,5,9,3
2015,13,0.81611,1173394,5,9,3
2015,14,0.75973,1264837,4,7,2
2015,15,0.80632,627638,5,9,3
2015,16,0.86157,598413,5,10,3
2015,17,1,582175,5,10,3
2015,18,0.89425,603349,5,10,3
2015,19,0.92129,401381,5,10,3
2015,20,0.34413,123873,1,2,1
2015,21,0.45497,1597996,2,3,2
2015,22,0.37148,1103442,1,2,1
2015,23,0.79975,733238,5,9,3
2015,24,0.78019,1095349,4,8,2
2015,25,0.7034,694669,4,7,2
2015,26,0.78817,1174940,4,8,2
2015,27,0.77562,860088,4,8,2
2015,28,0.63622,738878,3,6,2
2015,29,0.78806,491951,4,8,2
2015,30,0.57063,912461,3,5,2
2015,31,0.68354,987374,3,6,2
2015,32,0.70447,885607,4,7,2
2015,33,0.65971,1082569,3,6,2
2015,34,0.60976,800276,3,6,2
2015,35,0.58676,912547,3,5,2
2015,36,0.57427,518781,3,5,2
2015,37,0.7025,729093,4,7,2
2015,38,0.55729,1141995,3,5,2
2015,39,0.94739,783323,5,10,3
2015,40,0.37542,991992,1,2,1
2015,41,0.695,952282,3,6,2
2015,42,0.7791,878888,4,8,2
2015,44,0.8645,1267494,5,10,3
2015,45,0.84203,1559154,5,9,3
2015,46,0.80299,894580,5,9,3
2015,47,0.88166,1313713,5,10,3
2015,48,0.58283,1189935,3,5,2
2015,49,0.69333,1228129,3,6,2
2015,50,0.55293,1084177,3,5,2
2015,51,0.54735,1079789,3,5,2
2015,52,0.76486,941131,4,7,2
2015,53,0.54176,1265468,2,4,2
2015,54,0.79495,516542,4,8,2
2015,55,0.52582,795458,2,4,2
2015,56,0.70432,849197,4,7,2
2015,57,0.64957,598580,3,6,2
2015,58,0.77456,930406,4,7,2
2015,59,0.74506,1145053,4,7,2
2015,60,0.28288,619157,1,1,1
2015,61,0.20371,451016,1,1,1
2015,63,0.51775,1268561,2,4,2
2015,64,0.44397,792590,2,3,2
2015,65,0.38449,1081648,1,2,1
2015,66,0.76889,1248759,4,7,2
2015,67,0.68053,1033467,3,6,2
2015,68,0.47539,601445,2,4,2
2015,69,0.30533,508949,1,1,1
2015,70,0.22896,821650,1,1,1
2015,71,0.28764,1000158,1,1,1
2015,72,0.4476,1056260,2,3,2
2015,73,0.39548,1006392,1,2,1
2015,74,0.43539,1057532,1,2,1
2015,75,0.52612,484410,2,4,2
2015,76,0.441,1139769,2,3,2
2015,77,0.52899,478943,2,4,2
2015,78,0.56329,741488,3,5,2
2015,79,0.53868,1040371,2,4,2
2015,80,0.00001,626238,1,1,1
2015,81,0,814923,1,1,1
2015,82,0.15254,735553,1,1,1
2015,83,0.39903,762163,1,2,1
2015,84,0.44222,684830,2,3,2
2015,85,0.14237,1114901,1,1,1
2015,86,0.43571,1164100,2,3,2
2015,87,0.46726,522875,2,3,2
2015,88,0.42617,846572,1,2,1
2015,89,0.4513,763761,2,3,2
2015,90,0.46786,892793,2,4,2
2015,91,0.39261,999919,1,2,1
2015,92,0.53087,516635,2,4,2
2015,93,0.41173,590817,1,2,1
2015,94,0.58568,705807,3,5,2
2015,95,0.59801,497496,3,6,2
2015,96,0.52827,552316,2,4,2
2015,97,0.46479,1061351,2,3,2
2015,98,0.79915,242064,4,8,2
2015,99,0.8205,831397,5,9,3
2016,1,0.65593,1242943,3,6,2
2016,2,0.87561,427271,5,10,3
2016,3,0.85017,294995,5,9,3
2016,4,0.80192,1227112,5,9,3
2016,6,0.95507,1276724,5,10,3
2016,7,0.74,562704,4,7,2
2016,8,0.78257,577243,4,8,2
2016,9,0.77793,788063,4,8,2
2016,10,0.77458,414467,4,8,2
2016,12,0.77356,1377942,4,7,2
2016,13,0.77454,1173394,4,7,2
2016,14,0.74062,1264837,4,7,2
2016,15,0.78991,627638,4,8,2
2016,16,0.86523,598413,5,10,3
2016,17,1,582175,5,10,3
2016,18,0.89682,603349,5,10,3
2016,19,0.9175,401381,5,10,3
2016,20,0.3729,123873,1,2,1
2016,21,0.49089,1597996,2,3,2
2016,22,0.4073,1103442,1,2,1
2016,23,0.8073,733238,5,9,3
2016,24,0.80108,1095349,5,9,3
2016,25,0.74165,694669,4,7,2
2016,26,0.79599,1174940,4,8,2
2016,27,0.79283,860088,4,8,2
2016,28,0.66104,738878,3,6,2
2016,29,0.80087,491951,5,9,3
2016,30,0.59604,912461,3,5,2
2016,31,0.69082,987374,3,6,2
2016,32,0.70829,885607,4,7,2
2016,33,0.6739,1082569,3,6,2
2016,34,0.6467,800276,3,6,2
2016,35,0.61611,912547,3,5,2
2016,36,0.61105,518781,3,5,2
2016,37,0.70701,729093,3,6,2
2016,38,0.5843,1141995,3,5,2
2016,39,0.93359,783323,5,10,3
2016,40,0.40676,991992,1,2,1
2016,41,0.70593,952282,3,6,2
2016,42,0.77626,878888,4,8,2
2016,44,0.85735,1267494,5,9,3
2016,45,0.86019,1559154,5,10,3
2016,46,0.80732,894580,5,9,3
2016,47,0.89281,1313713,5,10,3
2016,48,0.60703,1189935,3,5,2
2016,49,0.70448,1228129,3,6,2
2016,50,0.57839,1084177,3,5,2
2016,51,0.57205,1079789,2,4,2
2016,52,0.76227,941131,4,7,2
2016,53,0.56519,1265468,2,4,2
2016,54,0.79514,516542,4,8,2
2016,55,0.55423,795458,2,4,2
2016,56,0.71262,849197,4,7,2
2016,57,0.66083,598580,3,6,2
2016,58,0.78379,930406,4,8,2
2016,59,0.76656,1145053,4,7,2
2016,60,0.33215,619157,1,1,1
2016,61,0.25671,451016,1,1,1
2016,63,0.56243,1268561,2,4,2
2016,64,0.48171,792590,2,3,2
2016,65,0.43523,1081648,1,2,1
2016,66,0.80346,1248759,5,9,3
2016,67,0.71646,1033467,4,7,2
2016,68,0.50763,601445,2,4,2
2016,69,0.35386,508949,1,1,1
2016,70,0.2751,821650,1,1,1
2016,71,0.33134,1000158,1,1,1
2016,72,0.48451,1056260,2,3,2
2016,73,0.44756,1006392,1,2,1
2016,74,0.46719,1057532,1,2,1
2016,75,0.56434,484410,2,4,2
2016,76,0.4755,1139769,2,3,2
2016,77,0.54649,478943,2,4,2
2016,78,0.59356,741488,3,5,2
2016,79,0.57418,1040371,3,5,2
2016,80,0,626238,1,1,1
2016,81,0.00021,814923,1,1,1
2016,82,0.22072,735553,1,1,1
2016,83,0.43149,762163,1,2,1
2016,84,0.4848,684830,2,3,2
2016,85,0.20279,1114901,1,1,1
2016,86,0.47032,1164100,2,3,2
2016,87,0.50681,522875,2,3,2
2016,88,0.44277,846572,1,2,1
2016,89,0.49526,763761,2,3,2
2016,90,0.50445,892793,2,3,2
2016,91,0.44269,999919,1,2,1
2016,92,0.56061,516635,2,4,2
2016,93,0.44709,590817,1,2,1
2016,94,0.62094,705807,3,5,2
2016,95,0.62188,497496,3,6,2
2016,96,0.55884,552316,2,4,2
2016,97,0.51019,1061351,2,4,2
2016,98,0.80574,242064,5,9,3
2016,99,0.81126,831397,5,9,3
2017,1,0.6772,1242943,3,6,2
2017,2,0.86584,427271,5,9,3
2017,3,0.86651,294995,5,10,3
2017,4,0.80182,1227112,4,8,2
2017,6,0.97179,1276724,5,10,3
2017,7,0.73941,562704,4,7,2
2017,8,0.78668,577243,4,7,2
2017,9,0.80447,788063,4,8,2
2017,10,0.78757,414467,4,8,2
2017,12,0.78631,1377942,4,7,2
2017,13,0.78752,1173394,4,8,2
2017,14,0.74595,1264837,4,7,2
2017,15,0.79083,627638,4,8,2
2017,16,0.86464,598413,5,9,3
2017,17,1,582175,5,10,3
2017,18,0.88985,603349,5,10,3
2017,19,0.91961,401381,5,10,3
2017,20,0.3854,123873,1,2,1
2017,21,0.50345,1597996,2,3,2
2017,22,0.41538,1103442,1,2,1
2017,23,0.81348,733238,4,8,2
2017,24,0.80869,1095349,4,8,2
2017,25,0.74177,694669,4,7,2
2017,26,0.8243,1174940,5,9,3
2017,27,0.82409,860088,5,9,3
2017,28,0.70682,738878,3,6,2
2017,29,0.83125,491951,5,9,3
2017,30,0.60951,912461,3,5,2
2017,31,0.71547,987374,3,6,2
2017,32,0.73131,885607,3,6,2
2017,33,0.70374,1082569,3,6,2
2017,34,0.64917,800276,3,6,2
2017,35,0.62535,912547,3,5,2
2017,36,0.6176,518781,3,5,2
2017,37,0.71879,729093,3,6,2
2017,38,0.60698,1141995,3,5,2
2017,39,0.94206,783323,5,10,3
2017,40,0.40596,991992,1,2,1
2017,41,0.72606,952282,3,6,2
2017,42,0.8124,878888,4,8,2
2017,44,0.89664,1267494,5,10,3
2017,45,0.8867,1559154,5,10,3
2017,46,0.83344,894580,5,9,3
2017,47,0.92414,1313713,5,10,3
2017,48,0.62823,1189935,3,5,2
2017,49,0.73272,1228129,4,7,2
2017,50,0.58066,1084177,2,4,2
2017,51,0.57352,1079789,2,4,2
2017,52,0.77684,941131,4,7,2
2017,53,0.58078,1265468,2,4,2
2017,54,0.81563,516542,5,9,3
2017,55,0.57843,795458,2,4,2
2017,56,0.73385,849197,4,7,2
2017,57,0.66964,598580,3,6,2
2017,58,0.81136,930406,4,8,2
2017,59,0.78506,1145053,4,7,2
2017,60,0.32591,619157,1,1,1
2017,61,0.27379,451016,1,1,1
2017,63,0.56407,1268561,2,4,2
2017,64,0.48322,792590,2,3,2
2017,65,0.45061,1081648,1,2,1
2017,66,0.81788,1248759,5,9,3
2017,67,0.74896,1033467,4,7,2
2017,68,0.52325,601445,2,3,2
2017,69,0.38385,508949,1,1,1
2017,70,0.26939,821650,1,1,1
2017,71,0.36517,1000158,1,1,1
2017,72,0.49989,1056260,2,3,2
2017,73,0.45986,1006392,1,2,1
2017,74,0.47834,1057532,1,2,1
2017,75,0.61901,484410,3,5,2
2017,76,0.49442,1139769,2,3,2
2017,77,0.57823,478943,2,4,2
2017,78,0.62609,741488,3,5,2
2017,79,0.61294,1040371,3,5,2
2017,80,0,626238,1,1,1
2017,81,0.00024,814923,1,1,1
2017,82,0.2294,735553,1,1,1
2017,83,0.44277,762163,1,2,1
2017,84,0.49498,684830,2,3,2
2017,85,0.21539,1114901,1,1,1
2017,86,0.4895,1164100,2,3,2
2017,87,0.52202,522875,2,3,2
2017,88,0.47135,846572,1,2,1
2017,89,0.51086,763761,2,3,2
2017,90,0.53186,892793,2,4,2
2017,91,0.45524,999919,1,2,1
2017,92,0.57684,516635,2,4,2
2017,93,0.46782,590817,1,2,1
2017,94,0.63274,705807,3,6,2
2017,95,0.631,497496,3,5,2
2017,96,0.58316,552316,2,4,2
2017,97,0.52636,1061351,2,4,2
2017,98,0.83846,242064,5,9,3
2017,99,0.85091,831397,5,9,3
2018,1,0.66629,1242943,3,6,2
2018,2,0.87745,427271,5,9,3
2018,3,0.88087,294995,5,10,3
2018,4,0.80708,1227112,4,8,2
2018,6,0.98287,1276724,5,10,3
2018,7,0.76178,562704,4,7,2
2018,8,0.79756,577243,4,8,2
2018,9,0.80224,788063,4,8,2
2018,10,0.76641,414467,4,7,2
2018,12,0.76566,1377942,4,7,2
2018,13,0.76636,1173394,4,7,2
2018,14,0.72905,1264837,3,6,2
2018,15,0.80326,627638,4,8,2
2018,16,0.85475,598413,5,9,3
2018,17,1,582175,5,10,3
2018,18,0.8783,603349,5,10,3
2018,19,0.93743,401381,5,10,3
2018,20,0.39405,123873,1,2,1
2018,21,0.51626,1597996,2,3,2
2018,22,0.42364,1103442,1,2,1
2018,23,0.81741,733238,5,9,3
2018,24,0.80679,1095349,4,8,2
2018,25,0.74798,694669,4,7,2
2018,26,0.81703,1174940,4,8,2
2018,27,0.82699,860088,5,9,3
2018,28,0.70954,738878,3,6,2
2018,29,0.83363,491951,5,9,3
2018,30,0.6137,912461,3,5,2
2018,31,0.73121,987374,3,6,2
2018,32,0.71931,885607,3,6,2
2018,33,0.69261,1082569,3,6,2
2018,34,0.64538,800276,3,6,2
2018,35,0.63466,912547,3,6,2
2018,36,0.61962,518781,3,5,2
2018,37,0.73622,729093,4,7,2
2018,38,0.61016,1141995,3,5,2
2018,39,0.96537,783323,5,10,3
2018,40,0.41035,991992,1,2,1
2018,41,0.73537,952282,4,7,2
2018,42,0.80584,878888,4,8,2
2018,44,0.89503,1267494,5,10,3
2018,45,0.88243,1559154,5,10,3
2018,46,0.83149,894580,5,9,3
2018,47,0.93505,1313713,5,10,3
2018,48,0.61495,1189935,3,5,2
2018,49,0.72218,1228129,3,6,2
2018,50,0.58009,1084177,2,4,2
2018,51,0.57453,1079789,2,4,2
2018,52,0.79194,941131,4,8,2
2018,53,0.5779,1265468,2,4,2
2018,54,0.81654,516542,4,8,2
2018,55,0.57897,795458,2,4,2
2018,56,0.74054,849197,4,7,2
2018,57,0.67562,598580,3,6,2
2018,58,0.82969,930406,5,9,3
2018,59,0.77693,1145053,4,7,2
2018,60,0.3023,619157,1,1,1
2018,61,0.27593,451016,1,1,1
2018,63,0.569,1268561,2,4,2
2018,64,0.48997,792590,2,3,2
2018,65,0.45913,1081648,1,2,1
2018,66,0.82393,1248759,5,9,3
2018,67,0.75141,1033467,4,7,2
2018,68,0.53227,601445,2,4,2
2018,69,0.37001,508949,1,1,1
2018,70,0.25896,821650,1,1,1
2018,71,0.33692,1000158,1,1,1
2018,72,0.49729,1056260,2,3,2
2018,73,0.45059,1006392,1,2,1
2018,74,0.50186,1057532,2,3,2
2018,75,0.60217,484410,3,5,2
2018,76,0.49256,1139769,2,3,2
2018,77,0.5803,478943,2,4,2
2018,78,0.60765,741488,3,5,2
2018,79,0.59716,1040371,3,5,2
2018,80,0,626238,1,1,1
2018,81,0.00022,814923,1,1,1
2018,82,0.22212,735553,1,1,1
2018,83,0.4429,762163,1,2,1
2018,84,0.49744,684830,2,3,2
2018,85,0.22295,1114901,1,1,1
2018,86,0.48476,1164100,1,2,1
2018,87,0.50222,522875,2,3,2
2018,88,0.46194,846572,1,2,1
2018,89,0.50503,763761,2,3,2
2018,90,0.5397,892793,2,4,2
2018,91,0.45414,999919,1,2,1
2018,92,0.57136,516635,2,4,2
2018,93,0.46119,590817,1,2,1
2018,94,0.6189,705807,3,5,2
2018,95,0.63388,497496,3,5,2
2018,96,0.5881,552316,2,4,2
2018,97,0.5161,1061351,2,3,2
2018,98,0.85624,242064,5,9,3
2018,99,0.86654,831397,5,9,3
2019,1,0.67894,1242943,3,6,2
2019,2,0.87633,427271,5,9,3
2019,3,0.86942,294995,5,9,3
2019,4,0.81696,1227112,4,8,2
2019,6,0.99334,1276724,5,10,3
2019,7,0.77844,562704,4,7,2
2019,8,0.81754,577243,4,8,2
2019,9,0.81285,788063,4,8,2
2019,10,0.74625,414467,4,7,2
2019,12,0.74581,1377942,3,6,2
2019,13,0.74623,1173394,3,6,2
2019,14,0.72983,1264837,3,6,2
2019,15,0.8052,627638,4,8,2
2019,16,0.86504,598413,5,9,3
2019,17,1,582175,5,10,3
2019,18,0.90121,603349,5,10,3
2019,19,0.94793,401381,5,10,3
2019,20,0.40153,123873,1,2,1
2019,21,0.52857,1597996,2,3,2
2019,22,0.43523,1103442,1,2,1
2019,23,0.82757,733238,4,8,2
2019,24,0.8219,1095349,4,8,2
2019,25,0.77056,694669,4,7,2
2019,26,0.84016,1174940,4,8,2
2019,27,0.8565,860088,5,9,3
2019,28,0.74615,738878,3,6,2
2019,29,0.84359,491951,5,9,3
2019,30,0.62674,912461,3,5,2
2019,31,0.7529,987374,4,7,2
2019,32,0.7422,885607,3,6,2
2019,33,0.71202,1082569,3,6,2
2019,34,0.66476,800276,3,6,2
2019,35,0.6567,912547,3,6,2
2019,36,0.64527,518781,3,5,2
2019,37,0.75964,729093,4,7,2
2019,38,0.61475,1141995,3,5,2
2019,39,0.976,783323,5,10,3
2019,40,0.41596,991992,1,2,1
2019,41,0.74847,952282,4,7,2
2019,42,0.83627,878888,4,8,2
2019,44,0.91988,1267494,5,10,3
2019,45,0.90056,1559154,5,10,3
2019,46,0.84706,894580,5,9,3
2019,47,0.95479,1313713,5,10,3
2019,48,0.63267,1189935,3,5,2
2019,49,0.74997,1228129,4,7,2
2019,50,0.59258,1084177,2,4,2
2019,51,0.5912,1079789,2,4,2
2019,52,0.80101,941131,4,8,2
2019,53,0.6016,1265468,2,4,2
2019,54,0.85239,516542,5,9,3
2019,55,0.6121,795458,3,5,2
2019,56,0.76198,849197,4,7,2
2019,57,0.69156,598580,3,6,2
2019,58,0.853,930406,5,9,3
2019,59,0.78979,1145053,4,7,2
2019,60,0.33494,619157,1,1,1
2019,61,0.30266,451016,1,1,1
2019,63,0.58559,1268561,2,4,2
2019,64,0.51377,792590,2,3,2
2019,65,0.47314,1081648,1,2,1
2019,66,0.85088,1248759,5,9,3
2019,67,0.78088,1033467,4,7,2
2019,68,0.53462,601445,2,4,2
2019,69,0.36224,508949,1,1,1
2019,70,0.25488,821650,1,1,1
2019,71,0.33954,1000158,1,1,1
2019,72,0.50957,1056260,2,3,2
2019,73,0.46251,1006392,1,2,1
2019,74,0.50237,1057532,2,3,2
2019,75,0.62058,484410,3,5,2
2019,76,0.49933,1139769,1,2,1
2019,77,0.59455,478943,2,4,2
2019,78,0.61552,741488,3,5,2
2019,79,0.60736,1040371,2,4,2
2019,80,0,626238,1,1,1
2019,81,0.00024,814923,1,1,1
2019,82,0.23337,735553,1,1,1
2019,83,0.44481,762163,1,2,1
2019,84,0.5121,684830,2,3,2
2019,85,0.23423,1114901,1,1,1
2019,86,0.50218,1164100,2,3,2
2019,87,0.50779,522875,2,3,2
2019,88,0.48202,846572,1,2,1
2019,89,0.51559,763761,2,3,2
2019,90,0.54365,892793,2,4,2
2019,91,0.46843,999919,1,2,1
2019,92,0.58042,516635,2,4,2
2019,93,0.48326,590817,1,2,1
2019,94,0.63239,705807,3,5,2
2019,95,0.64889,497496,3,5,2
2019,96,0.60071,552316,2,4,2
2019,97,0.52411,1061351,2,3,2
2019,98,0.87646,242064,5,10,3
2019,99,0.87344,831397,5,9,3
2020,1,0.68209,1242943,3,6,2
2020,2,0.89597,427271,5,9,3
2020,3,0.84763,294995,4,8,2
2020,4,0.82658,1227112,4,8,2
2020,6,1,1276724,5,10,3
2020,7,0.78667,562704,4,7,2
2020,8,0.82883,577243,4,8,2
2020,9,0.83423,788063,4,8,2
2020,10,0.72898,414467,3,6,2
2020,12,0.72876,1377942,3,6,2
2020,13,0.72897,1173394,3,6,2
2020,14,0.72278,1264837,3,6,2
2020,15,0.78864,627638,4,7,2
2020,16,0.85252,598413,4,8,2
2020,17,0.99838,582175,5,10,3
2020,18,0.90398,603349,5,10,3
2020,19,0.95493,401381,5,10,3
2020,20,0.43954,123873,1,2,1
2020,21,0.57193,1597996,2,4,2
2020,22,0.46616,1103442,1,2,1
2020,23,0.83924,733238,4,8,2
2020,24,0.8317,1095349,4,8,2
2020,25,0.79403,694669,4,7,2
2020,26,0.88943,1174940,5,9,3
2020,27,0.89694,860088,5,9,3
2020,28,0.78895,738878,4,7,2
2020,29,0.90617,491951,5,10,3
2020,30,0.6728,912461,3,6,2
2020,31,0.80199,987374,4,8,2
2020,32,0.76956,885607,3,6,2
2020,33,0.73438,1082569,3,6,2
2020,34,0.6861,800276,3,6,2
2020,35,0.67005,912547,3,5,2
2020,36,0.66495,518781,3,5,2
2020,37,0.79716,729093,4,7,2
2020,38,0.64376,1141995,3,5,2
2020,39,0.98227,783323,5,10,3
2020,40,0.41098,991992,1,2,1
2020,41,0.78071,952282,4,7,2
2020,42,0.86225,878888,5,9,3
2020,44,0.94863,1267494,5,10,3
2020,45,0.92179,1559154,5,10,3
2020,46,0.86694,894580,5,9,3
2020,47,0.9857,1313713,5,10,3
2020,48,0.65013,1189935,3,5,2
2020,49,0.79818,1228129,4,7,2
2020,50,0.59631,1084177,2,4,2
2020,51,0.60014,1079789,2,4,2
2020,52,0.8191,941131,4,8,2
2020,53,0.6097,1265468,2,4,2
2020,54,0.87801,516542,5,9,3
2020,55,0.616,795458,2,4,2
2020,56,0.77301,849197,4,7,2
2020,57,0.72724,598580,3,6,2
2020,58,0.89745,930406,5,9,3
2020,59,0.80081,1145053,4,7,2
2020,60,0.33128,619157,1,1,1
2020,61,0.31286,451016,1,1,1
2020,63,0.61069,1268561,2,4,2
2020,64,0.53457,792590,2,3,2
2020,65,0.48224,1081648,1,2,1
2020,66,0.87626,1248759,5,9,3
2020,67,0.79767,1033467,4,7,2
2020,68,0.54561,601445,2,3,2
2020,69,0.36149,508949,1,1,1
2020,70,0.25391,821650,1,1,1
2020,71,0.35872,1000158,1,1,1
2020,72,0.52494,1056260,2,3,2
2020,73,0.47635,1006392,1,2,1
2020,74,0.52362,1057532,2,3,2
2020,75,0.63371,484410,3,5,2
2020,76,0.51284,1139769,2,3,2
2020,77,0.6253,478943,3,5,2
2020,78,0.64068,741488,3,5,2
2020,79,0.61536,1040371,2,4,2
2020,80,0,626238,1,1,1
2020,81,0.00021,814923,1,1,1
2020,82,0.22809,735553,1,1,1
2020,83,0.46507,762163,1,2,1
2020,84,0.52835,684830,2,3,2
2020,85,0.23745,1114901,1,1,1
2020,86,0.51158,1164100,1,2,1
2020,87,0.53673,522875,2,3,2
2020,88,0.49263,846572,1,2,1
2020,89,0.53427,763761,2,3,2
2020,90,0.54669,892793,2,4,2
2020,91,0.47978,999919,1,2,1
2020,92,0.61056,516635,2,4,2
2020,93,0.49389,590817,1,2,1
2020,94,0.65142,705807,3,5,2
2020,95,0.66721,497496,3,5,2
2020,96,0.61843,552316,2,4,2
2020,97,0.5299,1061351,2,3,2
2020,98,0.89421,242064,5,9,3
2020,99,0.8862,831397,5,9,3
