"gisd_score","gvb_id","gvb_name","year"
0.92173,"100410100","Saarbrücken, Landeshauptstadt",1998
0.92591,"100410100","Saarbrücken, Landeshauptstadt",1999
0.92957,"100410100","Saarbrücken, Landeshauptstadt",2000
0.82825,"100410100","Saarbrücken, Landeshauptstadt",2001
0.68449,"100410100","Saarbrücken, Landeshauptstadt",2002
0.76149,"100410100","Saarbrücken, Landeshauptstadt",2003
0.83517,"100410100","Saarbrücken, Landeshauptstadt",2004
0.75059,"100410100","Saarbrücken, Landeshauptstadt",2005
0.77706,"100410100","Saarbrücken, Landeshauptstadt",2006
0.75929,"100410100","Saarbrücken, Landeshauptstadt",2007
0.71319,"100410100","Saarbrücken, Landeshauptstadt",2008
0.71889,"100410100","Saarbrücken, Landeshauptstadt",2009
0.67413,"100410100","Saarbrücken, Landeshauptstadt",2010
0.68128,"100410100","Saarbrücken, Landeshauptstadt",2011
0.59322,"100410100","Saarbrücken, Landeshauptstadt",2012
0.61792,"100410100","Saarbrücken, Landeshauptstadt",2013
0.63559,"100410100","Saarbrücken, Landeshauptstadt",2014
0.67736,"100410100","Saarbrücken, Landeshauptstadt",2015
0.65941,"100410100","Saarbrücken, Landeshauptstadt",2016
0.62549,"100410100","Saarbrücken, Landeshauptstadt",2017
0.69015,"100410100","Saarbrücken, Landeshauptstadt",2018
0.73764,"100410100","Saarbrücken, Landeshauptstadt",2019
0.77135,"100410100","Saarbrücken, Landeshauptstadt",2020
0.93651,"100410511","Friedrichsthal, Stadt",1998
0.94372,"100410511","Friedrichsthal, Stadt",1999
0.94363,"100410511","Friedrichsthal, Stadt",2000
0.63843,"100410511","Friedrichsthal, Stadt",2001
0.47595,"100410511","Friedrichsthal, Stadt",2002
0.59759,"100410511","Friedrichsthal, Stadt",2003
0.6243,"100410511","Friedrichsthal, Stadt",2004
0.58639,"100410511","Friedrichsthal, Stadt",2005
0.60274,"100410511","Friedrichsthal, Stadt",2006
0.58987,"100410511","Friedrichsthal, Stadt",2007
0.53621,"100410511","Friedrichsthal, Stadt",2008
0.57033,"100410511","Friedrichsthal, Stadt",2009
0.52302,"100410511","Friedrichsthal, Stadt",2010
0.51746,"100410511","Friedrichsthal, Stadt",2011
0.43935,"100410511","Friedrichsthal, Stadt",2012
0.47056,"100410511","Friedrichsthal, Stadt",2013
0.47837,"100410511","Friedrichsthal, Stadt",2014
0.51344,"100410511","Friedrichsthal, Stadt",2015
0.51828,"100410511","Friedrichsthal, Stadt",2016
0.47366,"100410511","Friedrichsthal, Stadt",2017
0.53576,"100410511","Friedrichsthal, Stadt",2018
0.57403,"100410511","Friedrichsthal, Stadt",2019
0.57142,"100410511","Friedrichsthal, Stadt",2020
0.94764,"100410512","Großrosseln",1998
0.95313,"100410512","Großrosseln",1999
0.95236,"100410512","Großrosseln",2000
0.60248,"100410512","Großrosseln",2001
0.45589,"100410512","Großrosseln",2002
0.55821,"100410512","Großrosseln",2003
0.57422,"100410512","Großrosseln",2004
0.48085,"100410512","Großrosseln",2005
0.43941,"100410512","Großrosseln",2006
0.48373,"100410512","Großrosseln",2007
0.4418,"100410512","Großrosseln",2008
0.45861,"100410512","Großrosseln",2009
0.43158,"100410512","Großrosseln",2010
0.45988,"100410512","Großrosseln",2011
0.41006,"100410512","Großrosseln",2012
0.44896,"100410512","Großrosseln",2013
0.45656,"100410512","Großrosseln",2014
0.48974,"100410512","Großrosseln",2015
0.51738,"100410512","Großrosseln",2016
0.46493,"100410512","Großrosseln",2017
0.52877,"100410512","Großrosseln",2018
0.55663,"100410512","Großrosseln",2019
0.56817,"100410512","Großrosseln",2020
0.91929,"100410513","Heusweiler",1998
0.92634,"100410513","Heusweiler",1999
0.93297,"100410513","Heusweiler",2000
0.49902,"100410513","Heusweiler",2001
0.34074,"100410513","Heusweiler",2002
0.46281,"100410513","Heusweiler",2003
0.49545,"100410513","Heusweiler",2004
0.44422,"100410513","Heusweiler",2005
0.44232,"100410513","Heusweiler",2006
0.48755,"100410513","Heusweiler",2007
0.45281,"100410513","Heusweiler",2008
0.47468,"100410513","Heusweiler",2009
0.43728,"100410513","Heusweiler",2010
0.42343,"100410513","Heusweiler",2011
0.35759,"100410513","Heusweiler",2012
0.38657,"100410513","Heusweiler",2013
0.39735,"100410513","Heusweiler",2014
0.42766,"100410513","Heusweiler",2015
0.44864,"100410513","Heusweiler",2016
0.40328,"100410513","Heusweiler",2017
0.47363,"100410513","Heusweiler",2018
0.4872,"100410513","Heusweiler",2019
0.48424,"100410513","Heusweiler",2020
0.96423,"100410514","Kleinblittersdorf",1998
0.97152,"100410514","Kleinblittersdorf",1999
0.97072,"100410514","Kleinblittersdorf",2000
0.6002,"100410514","Kleinblittersdorf",2001
0.46359,"100410514","Kleinblittersdorf",2002
0.56548,"100410514","Kleinblittersdorf",2003
0.62422,"100410514","Kleinblittersdorf",2004
0.50842,"100410514","Kleinblittersdorf",2005
0.50305,"100410514","Kleinblittersdorf",2006
0.52851,"100410514","Kleinblittersdorf",2007
0.49219,"100410514","Kleinblittersdorf",2008
0.49904,"100410514","Kleinblittersdorf",2009
0.48648,"100410514","Kleinblittersdorf",2010
0.46575,"100410514","Kleinblittersdorf",2011
0.39295,"100410514","Kleinblittersdorf",2012
0.37525,"100410514","Kleinblittersdorf",2013
0.40437,"100410514","Kleinblittersdorf",2014
0.43255,"100410514","Kleinblittersdorf",2015
0.45214,"100410514","Kleinblittersdorf",2016
0.40902,"100410514","Kleinblittersdorf",2017
0.46442,"100410514","Kleinblittersdorf",2018
0.47916,"100410514","Kleinblittersdorf",2019
0.48706,"100410514","Kleinblittersdorf",2020
0.92573,"100410515","Püttlingen, Stadt",1998
0.9296,"100410515","Püttlingen, Stadt",1999
0.93386,"100410515","Püttlingen, Stadt",2000
0.56774,"100410515","Püttlingen, Stadt",2001
0.41906,"100410515","Püttlingen, Stadt",2002
0.52102,"100410515","Püttlingen, Stadt",2003
0.54049,"100410515","Püttlingen, Stadt",2004
0.46393,"100410515","Püttlingen, Stadt",2005
0.44286,"100410515","Püttlingen, Stadt",2006
0.46608,"100410515","Püttlingen, Stadt",2007
0.42793,"100410515","Püttlingen, Stadt",2008
0.4345,"100410515","Püttlingen, Stadt",2009
0.39437,"100410515","Püttlingen, Stadt",2010
0.40056,"100410515","Püttlingen, Stadt",2011
0.33683,"100410515","Püttlingen, Stadt",2012
0.35664,"100410515","Püttlingen, Stadt",2013
0.37691,"100410515","Püttlingen, Stadt",2014
0.40991,"100410515","Püttlingen, Stadt",2015
0.4329,"100410515","Püttlingen, Stadt",2016
0.38916,"100410515","Püttlingen, Stadt",2017
0.44089,"100410515","Püttlingen, Stadt",2018
0.46235,"100410515","Püttlingen, Stadt",2019
0.47214,"100410515","Püttlingen, Stadt",2020
0.89669,"100410516","Quierschied",1998
0.89858,"100410516","Quierschied",1999
0.90489,"100410516","Quierschied",2000
0.56514,"100410516","Quierschied",2001
0.42151,"100410516","Quierschied",2002
0.50992,"100410516","Quierschied",2003
0.52353,"100410516","Quierschied",2004
0.45929,"100410516","Quierschied",2005
0.4586,"100410516","Quierschied",2006
0.49319,"100410516","Quierschied",2007
0.4532,"100410516","Quierschied",2008
0.46389,"100410516","Quierschied",2009
0.42253,"100410516","Quierschied",2010
0.4401,"100410516","Quierschied",2011
0.37085,"100410516","Quierschied",2012
0.41478,"100410516","Quierschied",2013
0.42517,"100410516","Quierschied",2014
0.44831,"100410516","Quierschied",2015
0.46028,"100410516","Quierschied",2016
0.42438,"100410516","Quierschied",2017
0.47622,"100410516","Quierschied",2018
0.50763,"100410516","Quierschied",2019
0.50954,"100410516","Quierschied",2020
0.91426,"100410517","Riegelsberg",1998
0.92197,"100410517","Riegelsberg",1999
0.93028,"100410517","Riegelsberg",2000
0.39247,"100410517","Riegelsberg",2001
0.25646,"100410517","Riegelsberg",2002
0.37768,"100410517","Riegelsberg",2003
0.39744,"100410517","Riegelsberg",2004
0.36865,"100410517","Riegelsberg",2005
0.34711,"100410517","Riegelsberg",2006
0.38934,"100410517","Riegelsberg",2007
0.36421,"100410517","Riegelsberg",2008
0.35833,"100410517","Riegelsberg",2009
0.32954,"100410517","Riegelsberg",2010
0.3618,"100410517","Riegelsberg",2011
0.30971,"100410517","Riegelsberg",2012
0.329,"100410517","Riegelsberg",2013
0.34744,"100410517","Riegelsberg",2014
0.37978,"100410517","Riegelsberg",2015
0.42001,"100410517","Riegelsberg",2016
0.37022,"100410517","Riegelsberg",2017
0.42808,"100410517","Riegelsberg",2018
0.45341,"100410517","Riegelsberg",2019
0.45899,"100410517","Riegelsberg",2020
0.93085,"100410518","Sulzbach/ Saar, Stadt",1998
0.93551,"100410518","Sulzbach/ Saar, Stadt",1999
0.93763,"100410518","Sulzbach/ Saar, Stadt",2000
0.69413,"100410518","Sulzbach/ Saar, Stadt",2001
0.55279,"100410518","Sulzbach/ Saar, Stadt",2002
0.65402,"100410518","Sulzbach/ Saar, Stadt",2003
0.67667,"100410518","Sulzbach/ Saar, Stadt",2004
0.64842,"100410518","Sulzbach/ Saar, Stadt",2005
0.68928,"100410518","Sulzbach/ Saar, Stadt",2006
0.68218,"100410518","Sulzbach/ Saar, Stadt",2007
0.61716,"100410518","Sulzbach/ Saar, Stadt",2008
0.66465,"100410518","Sulzbach/ Saar, Stadt",2009
0.60602,"100410518","Sulzbach/ Saar, Stadt",2010
0.57206,"100410518","Sulzbach/ Saar, Stadt",2011
0.5022,"100410518","Sulzbach/ Saar, Stadt",2012
0.53124,"100410518","Sulzbach/ Saar, Stadt",2013
0.54,"100410518","Sulzbach/ Saar, Stadt",2014
0.6048,"100410518","Sulzbach/ Saar, Stadt",2015
0.61387,"100410518","Sulzbach/ Saar, Stadt",2016
0.57299,"100410518","Sulzbach/ Saar, Stadt",2017
0.63341,"100410518","Sulzbach/ Saar, Stadt",2018
0.69061,"100410518","Sulzbach/ Saar, Stadt",2019
0.71925,"100410518","Sulzbach/ Saar, Stadt",2020
0.96696,"100410519","Völklingen, Stadt",1998
0.9733,"100410519","Völklingen, Stadt",1999
0.97148,"100410519","Völklingen, Stadt",2000
0.8226,"100410519","Völklingen, Stadt",2001
0.6665,"100410519","Völklingen, Stadt",2002
0.71658,"100410519","Völklingen, Stadt",2003
0.77952,"100410519","Völklingen, Stadt",2004
0.74226,"100410519","Völklingen, Stadt",2005
0.69902,"100410519","Völklingen, Stadt",2006
0.6839,"100410519","Völklingen, Stadt",2007
0.64605,"100410519","Völklingen, Stadt",2008
0.66808,"100410519","Völklingen, Stadt",2009
0.63466,"100410519","Völklingen, Stadt",2010
0.6493,"100410519","Völklingen, Stadt",2011
0.57919,"100410519","Völklingen, Stadt",2012
0.6095,"100410519","Völklingen, Stadt",2013
0.63556,"100410519","Völklingen, Stadt",2014
0.70236,"100410519","Völklingen, Stadt",2015
0.69297,"100410519","Völklingen, Stadt",2016
0.6317,"100410519","Völklingen, Stadt",2017
0.70301,"100410519","Völklingen, Stadt",2018
0.76684,"100410519","Völklingen, Stadt",2019
0.81634,"100410519","Völklingen, Stadt",2020
0.85048,"100420111","Beckingen",1998
0.73301,"100420111","Beckingen",1999
0.6421,"100420111","Beckingen",2000
0.57191,"100420111","Beckingen",2001
0.51278,"100420111","Beckingen",2002
0.58892,"100420111","Beckingen",2003
0.49989,"100420111","Beckingen",2004
0.60266,"100420111","Beckingen",2005
0.57986,"100420111","Beckingen",2006
0.63772,"100420111","Beckingen",2007
0.57214,"100420111","Beckingen",2008
0.54541,"100420111","Beckingen",2009
0.53162,"100420111","Beckingen",2010
0.5331,"100420111","Beckingen",2011
0.54026,"100420111","Beckingen",2012
0.53931,"100420111","Beckingen",2013
0.51907,"100420111","Beckingen",2014
0.51996,"100420111","Beckingen",2015
0.57768,"100420111","Beckingen",2016
0.53556,"100420111","Beckingen",2017
0.51285,"100420111","Beckingen",2018
0.47757,"100420111","Beckingen",2019
0.44019,"100420111","Beckingen",2020
0.89279,"100420112","Losheim am See",1998
0.77767,"100420112","Losheim am See",1999
0.68334,"100420112","Losheim am See",2000
0.60297,"100420112","Losheim am See",2001
0.58856,"100420112","Losheim am See",2002
0.64682,"100420112","Losheim am See",2003
0.58544,"100420112","Losheim am See",2004
0.68675,"100420112","Losheim am See",2005
0.66292,"100420112","Losheim am See",2006
0.69219,"100420112","Losheim am See",2007
0.63844,"100420112","Losheim am See",2008
0.60999,"100420112","Losheim am See",2009
0.58833,"100420112","Losheim am See",2010
0.55739,"100420112","Losheim am See",2011
0.58026,"100420112","Losheim am See",2012
0.57978,"100420112","Losheim am See",2013
0.56095,"100420112","Losheim am See",2014
0.54879,"100420112","Losheim am See",2015
0.5827,"100420112","Losheim am See",2016
0.55345,"100420112","Losheim am See",2017
0.52825,"100420112","Losheim am See",2018
0.4781,"100420112","Losheim am See",2019
0.44558,"100420112","Losheim am See",2020
0.87493,"100420113","Merzig, Kreisstadt",1998
0.76,"100420113","Merzig, Kreisstadt",1999
0.66731,"100420113","Merzig, Kreisstadt",2000
0.66131,"100420113","Merzig, Kreisstadt",2001
0.62086,"100420113","Merzig, Kreisstadt",2002
0.70242,"100420113","Merzig, Kreisstadt",2003
0.67038,"100420113","Merzig, Kreisstadt",2004
0.7557,"100420113","Merzig, Kreisstadt",2005
0.74453,"100420113","Merzig, Kreisstadt",2006
0.75929,"100420113","Merzig, Kreisstadt",2007
0.69728,"100420113","Merzig, Kreisstadt",2008
0.68571,"100420113","Merzig, Kreisstadt",2009
0.67117,"100420113","Merzig, Kreisstadt",2010
0.64576,"100420113","Merzig, Kreisstadt",2011
0.66339,"100420113","Merzig, Kreisstadt",2012
0.669,"100420113","Merzig, Kreisstadt",2013
0.65993,"100420113","Merzig, Kreisstadt",2014
0.65533,"100420113","Merzig, Kreisstadt",2015
0.68155,"100420113","Merzig, Kreisstadt",2016
0.64066,"100420113","Merzig, Kreisstadt",2017
0.61536,"100420113","Merzig, Kreisstadt",2018
0.59256,"100420113","Merzig, Kreisstadt",2019
0.57501,"100420113","Merzig, Kreisstadt",2020
0.91348,"100420114","Mettlach",1998
0.80571,"100420114","Mettlach",1999
0.71285,"100420114","Mettlach",2000
0.72503,"100420114","Mettlach",2001
0.65981,"100420114","Mettlach",2002
0.72544,"100420114","Mettlach",2003
0.71455,"100420114","Mettlach",2004
0.77073,"100420114","Mettlach",2005
0.75411,"100420114","Mettlach",2006
0.77476,"100420114","Mettlach",2007
0.74821,"100420114","Mettlach",2008
0.75148,"100420114","Mettlach",2009
0.74943,"100420114","Mettlach",2010
0.725,"100420114","Mettlach",2011
0.74712,"100420114","Mettlach",2012
0.73817,"100420114","Mettlach",2013
0.73715,"100420114","Mettlach",2014
0.75054,"100420114","Mettlach",2015
0.77666,"100420114","Mettlach",2016
0.74497,"100420114","Mettlach",2017
0.74714,"100420114","Mettlach",2018
0.71752,"100420114","Mettlach",2019
0.70165,"100420114","Mettlach",2020
0.99507,"100420115","Perl",1998
0.8896,"100420115","Perl",1999
0.78843,"100420115","Perl",2000
1,"100420115","Perl",2001
1,"100420115","Perl",2002
1,"100420115","Perl",2003
1,"100420115","Perl",2004
1,"100420115","Perl",2005
1,"100420115","Perl",2006
1,"100420115","Perl",2007
1,"100420115","Perl",2008
1,"100420115","Perl",2009
1,"100420115","Perl",2010
1,"100420115","Perl",2011
1,"100420115","Perl",2012
1,"100420115","Perl",2013
1,"100420115","Perl",2014
1,"100420115","Perl",2015
1,"100420115","Perl",2016
1,"100420115","Perl",2017
1,"100420115","Perl",2018
1,"100420115","Perl",2019
1,"100420115","Perl",2020
0.85097,"100420116","Wadern, Stadt",1998
0.73681,"100420116","Wadern, Stadt",1999
0.64626,"100420116","Wadern, Stadt",2000
0.58834,"100420116","Wadern, Stadt",2001
0.56414,"100420116","Wadern, Stadt",2002
0.63122,"100420116","Wadern, Stadt",2003
0.55904,"100420116","Wadern, Stadt",2004
0.67114,"100420116","Wadern, Stadt",2005
0.6376,"100420116","Wadern, Stadt",2006
0.66176,"100420116","Wadern, Stadt",2007
0.60777,"100420116","Wadern, Stadt",2008
0.60785,"100420116","Wadern, Stadt",2009
0.57615,"100420116","Wadern, Stadt",2010
0.54901,"100420116","Wadern, Stadt",2011
0.56632,"100420116","Wadern, Stadt",2012
0.55233,"100420116","Wadern, Stadt",2013
0.52922,"100420116","Wadern, Stadt",2014
0.51786,"100420116","Wadern, Stadt",2015
0.57104,"100420116","Wadern, Stadt",2016
0.54612,"100420116","Wadern, Stadt",2017
0.51614,"100420116","Wadern, Stadt",2018
0.47428,"100420116","Wadern, Stadt",2019
0.44062,"100420116","Wadern, Stadt",2020
0.87254,"100420117","Weiskirchen",1998
0.75794,"100420117","Weiskirchen",1999
0.6661,"100420117","Weiskirchen",2000
0.6575,"100420117","Weiskirchen",2001
0.6165,"100420117","Weiskirchen",2002
0.6811,"100420117","Weiskirchen",2003
0.66468,"100420117","Weiskirchen",2004
0.74298,"100420117","Weiskirchen",2005
0.71522,"100420117","Weiskirchen",2006
0.71987,"100420117","Weiskirchen",2007
0.67617,"100420117","Weiskirchen",2008
0.66636,"100420117","Weiskirchen",2009
0.64674,"100420117","Weiskirchen",2010
0.62991,"100420117","Weiskirchen",2011
0.65902,"100420117","Weiskirchen",2012
0.65708,"100420117","Weiskirchen",2013
0.63289,"100420117","Weiskirchen",2014
0.60499,"100420117","Weiskirchen",2015
0.64511,"100420117","Weiskirchen",2016
0.62174,"100420117","Weiskirchen",2017
0.60137,"100420117","Weiskirchen",2018
0.55605,"100420117","Weiskirchen",2019
0.52135,"100420117","Weiskirchen",2020
0.96682,"100430111","Eppelborn",1998
0.96456,"100430111","Eppelborn",1999
0.96897,"100430111","Eppelborn",2000
0.66556,"100430111","Eppelborn",2001
0.66815,"100430111","Eppelborn",2002
0.64974,"100430111","Eppelborn",2003
0.69039,"100430111","Eppelborn",2004
0.70164,"100430111","Eppelborn",2005
0.61998,"100430111","Eppelborn",2006
0.66132,"100430111","Eppelborn",2007
0.54619,"100430111","Eppelborn",2008
0.56112,"100430111","Eppelborn",2009
0.52756,"100430111","Eppelborn",2010
0.62988,"100430111","Eppelborn",2011
0.59005,"100430111","Eppelborn",2012
0.54242,"100430111","Eppelborn",2013
0.53818,"100430111","Eppelborn",2014
0.56977,"100430111","Eppelborn",2015
0.57656,"100430111","Eppelborn",2016
0.55162,"100430111","Eppelborn",2017
0.5925,"100430111","Eppelborn",2018
0.68393,"100430111","Eppelborn",2019
0.71982,"100430111","Eppelborn",2020
0.96355,"100430112","Illingen",1998
0.96115,"100430112","Illingen",1999
0.9653,"100430112","Illingen",2000
0.72947,"100430112","Illingen",2001
0.71501,"100430112","Illingen",2002
0.70757,"100430112","Illingen",2003
0.77136,"100430112","Illingen",2004
0.76128,"100430112","Illingen",2005
0.69308,"100430112","Illingen",2006
0.72704,"100430112","Illingen",2007
0.59744,"100430112","Illingen",2008
0.63338,"100430112","Illingen",2009
0.58646,"100430112","Illingen",2010
0.63451,"100430112","Illingen",2011
0.58483,"100430112","Illingen",2012
0.55281,"100430112","Illingen",2013
0.54422,"100430112","Illingen",2014
0.57776,"100430112","Illingen",2015
0.58371,"100430112","Illingen",2016
0.54257,"100430112","Illingen",2017
0.59568,"100430112","Illingen",2018
0.69492,"100430112","Illingen",2019
0.71098,"100430112","Illingen",2020
0.96335,"100430113","Merchweiler",1998
0.95597,"100430113","Merchweiler",1999
0.95992,"100430113","Merchweiler",2000
0.79599,"100430113","Merchweiler",2001
0.78486,"100430113","Merchweiler",2002
0.75032,"100430113","Merchweiler",2003
0.7815,"100430113","Merchweiler",2004
0.82044,"100430113","Merchweiler",2005
0.75507,"100430113","Merchweiler",2006
0.7823,"100430113","Merchweiler",2007
0.64822,"100430113","Merchweiler",2008
0.65386,"100430113","Merchweiler",2009
0.61162,"100430113","Merchweiler",2010
0.66751,"100430113","Merchweiler",2011
0.61504,"100430113","Merchweiler",2012
0.58329,"100430113","Merchweiler",2013
0.59048,"100430113","Merchweiler",2014
0.59294,"100430113","Merchweiler",2015
0.61131,"100430113","Merchweiler",2016
0.59273,"100430113","Merchweiler",2017
0.658,"100430113","Merchweiler",2018
0.75994,"100430113","Merchweiler",2019
0.75705,"100430113","Merchweiler",2020
0.99551,"100430114","Neunkirchen, Kreisstadt",1998
0.99414,"100430114","Neunkirchen, Kreisstadt",1999
0.9936,"100430114","Neunkirchen, Kreisstadt",2000
0.89028,"100430114","Neunkirchen, Kreisstadt",2001
0.90708,"100430114","Neunkirchen, Kreisstadt",2002
0.91203,"100430114","Neunkirchen, Kreisstadt",2003
0.99318,"100430114","Neunkirchen, Kreisstadt",2004
0.99772,"100430114","Neunkirchen, Kreisstadt",2005
0.95173,"100430114","Neunkirchen, Kreisstadt",2006
0.93102,"100430114","Neunkirchen, Kreisstadt",2007
0.79804,"100430114","Neunkirchen, Kreisstadt",2008
0.86298,"100430114","Neunkirchen, Kreisstadt",2009
0.80568,"100430114","Neunkirchen, Kreisstadt",2010
0.82232,"100430114","Neunkirchen, Kreisstadt",2011
0.77906,"100430114","Neunkirchen, Kreisstadt",2012
0.75135,"100430114","Neunkirchen, Kreisstadt",2013
0.76585,"100430114","Neunkirchen, Kreisstadt",2014
0.82404,"100430114","Neunkirchen, Kreisstadt",2015
0.79426,"100430114","Neunkirchen, Kreisstadt",2016
0.75481,"100430114","Neunkirchen, Kreisstadt",2017
0.79369,"100430114","Neunkirchen, Kreisstadt",2018
0.90616,"100430114","Neunkirchen, Kreisstadt",2019
0.96511,"100430114","Neunkirchen, Kreisstadt",2020
0.94686,"100430115","Ottweiler, Stadt",1998
0.94468,"100430115","Ottweiler, Stadt",1999
0.95164,"100430115","Ottweiler, Stadt",2000
0.71296,"100430115","Ottweiler, Stadt",2001
0.72157,"100430115","Ottweiler, Stadt",2002
0.71768,"100430115","Ottweiler, Stadt",2003
0.74091,"100430115","Ottweiler, Stadt",2004
0.73838,"100430115","Ottweiler, Stadt",2005
0.68599,"100430115","Ottweiler, Stadt",2006
0.71918,"100430115","Ottweiler, Stadt",2007
0.5917,"100430115","Ottweiler, Stadt",2008
0.6152,"100430115","Ottweiler, Stadt",2009
0.5816,"100430115","Ottweiler, Stadt",2010
0.64131,"100430115","Ottweiler, Stadt",2011
0.60559,"100430115","Ottweiler, Stadt",2012
0.56188,"100430115","Ottweiler, Stadt",2013
0.56453,"100430115","Ottweiler, Stadt",2014
0.58948,"100430115","Ottweiler, Stadt",2015
0.59096,"100430115","Ottweiler, Stadt",2016
0.55688,"100430115","Ottweiler, Stadt",2017
0.59988,"100430115","Ottweiler, Stadt",2018
0.69721,"100430115","Ottweiler, Stadt",2019
0.73694,"100430115","Ottweiler, Stadt",2020
1,"100430116","Schiffweiler",1998
1,"100430116","Schiffweiler",1999
1,"100430116","Schiffweiler",2000
0.74943,"100430116","Schiffweiler",2001
0.74765,"100430116","Schiffweiler",2002
0.75475,"100430116","Schiffweiler",2003
0.79613,"100430116","Schiffweiler",2004
0.79609,"100430116","Schiffweiler",2005
0.74966,"100430116","Schiffweiler",2006
0.77122,"100430116","Schiffweiler",2007
0.63388,"100430116","Schiffweiler",2008
0.67644,"100430116","Schiffweiler",2009
0.62864,"100430116","Schiffweiler",2010
0.66476,"100430116","Schiffweiler",2011
0.61375,"100430116","Schiffweiler",2012
0.57833,"100430116","Schiffweiler",2013
0.58177,"100430116","Schiffweiler",2014
0.60842,"100430116","Schiffweiler",2015
0.61346,"100430116","Schiffweiler",2016
0.56912,"100430116","Schiffweiler",2017
0.61832,"100430116","Schiffweiler",2018
0.7185,"100430116","Schiffweiler",2019
0.75874,"100430116","Schiffweiler",2020
0.95091,"100430117","Spiesen-Elversberg",1998
0.94535,"100430117","Spiesen-Elversberg",1999
0.95258,"100430117","Spiesen-Elversberg",2000
0.76526,"100430117","Spiesen-Elversberg",2001
0.74774,"100430117","Spiesen-Elversberg",2002
0.72146,"100430117","Spiesen-Elversberg",2003
0.73301,"100430117","Spiesen-Elversberg",2004
0.72084,"100430117","Spiesen-Elversberg",2005
0.674,"100430117","Spiesen-Elversberg",2006
0.69636,"100430117","Spiesen-Elversberg",2007
0.5734,"100430117","Spiesen-Elversberg",2008
0.59962,"100430117","Spiesen-Elversberg",2009
0.56127,"100430117","Spiesen-Elversberg",2010
0.60985,"100430117","Spiesen-Elversberg",2011
0.55737,"100430117","Spiesen-Elversberg",2012
0.52599,"100430117","Spiesen-Elversberg",2013
0.53394,"100430117","Spiesen-Elversberg",2014
0.56035,"100430117","Spiesen-Elversberg",2015
0.54757,"100430117","Spiesen-Elversberg",2016
0.5056,"100430117","Spiesen-Elversberg",2017
0.55896,"100430117","Spiesen-Elversberg",2018
0.66092,"100430117","Spiesen-Elversberg",2019
0.69284,"100430117","Spiesen-Elversberg",2020
0.56432,"100440111","Dillingen/ Saar, Stadt",1998
0.5866,"100440111","Dillingen/ Saar, Stadt",1999
0.60668,"100440111","Dillingen/ Saar, Stadt",2000
0.56578,"100440111","Dillingen/ Saar, Stadt",2001
0.46414,"100440111","Dillingen/ Saar, Stadt",2002
0.52276,"100440111","Dillingen/ Saar, Stadt",2003
0.55692,"100440111","Dillingen/ Saar, Stadt",2004
0.59331,"100440111","Dillingen/ Saar, Stadt",2005
0.57281,"100440111","Dillingen/ Saar, Stadt",2006
0.6194,"100440111","Dillingen/ Saar, Stadt",2007
0.52124,"100440111","Dillingen/ Saar, Stadt",2008
0.51541,"100440111","Dillingen/ Saar, Stadt",2009
0.47044,"100440111","Dillingen/ Saar, Stadt",2010
0.45262,"100440111","Dillingen/ Saar, Stadt",2011
0.48448,"100440111","Dillingen/ Saar, Stadt",2012
0.45864,"100440111","Dillingen/ Saar, Stadt",2013
0.46763,"100440111","Dillingen/ Saar, Stadt",2014
0.52505,"100440111","Dillingen/ Saar, Stadt",2015
0.48298,"100440111","Dillingen/ Saar, Stadt",2016
0.47846,"100440111","Dillingen/ Saar, Stadt",2017
0.47036,"100440111","Dillingen/ Saar, Stadt",2018
0.51147,"100440111","Dillingen/ Saar, Stadt",2019
0.49331,"100440111","Dillingen/ Saar, Stadt",2020
0.59716,"100440112","Lebach, Stadt",1998
0.61897,"100440112","Lebach, Stadt",1999
0.6297,"100440112","Lebach, Stadt",2000
0.52987,"100440112","Lebach, Stadt",2001
0.41618,"100440112","Lebach, Stadt",2002
0.50466,"100440112","Lebach, Stadt",2003
0.52595,"100440112","Lebach, Stadt",2004
0.48672,"100440112","Lebach, Stadt",2005
0.41792,"100440112","Lebach, Stadt",2006
0.52982,"100440112","Lebach, Stadt",2007
0.441,"100440112","Lebach, Stadt",2008
0.41888,"100440112","Lebach, Stadt",2009
0.40113,"100440112","Lebach, Stadt",2010
0.41432,"100440112","Lebach, Stadt",2011
0.47059,"100440112","Lebach, Stadt",2012
0.40814,"100440112","Lebach, Stadt",2013
0.42741,"100440112","Lebach, Stadt",2014
0.45262,"100440112","Lebach, Stadt",2015
0.40767,"100440112","Lebach, Stadt",2016
0.41642,"100440112","Lebach, Stadt",2017
0.41147,"100440112","Lebach, Stadt",2018
0.43922,"100440112","Lebach, Stadt",2019
0.39101,"100440112","Lebach, Stadt",2020
0.57798,"100440113","Nalbach",1998
0.59976,"100440113","Nalbach",1999
0.62155,"100440113","Nalbach",2000
0.36065,"100440113","Nalbach",2001
0.24837,"100440113","Nalbach",2002
0.35329,"100440113","Nalbach",2003
0.33342,"100440113","Nalbach",2004
0.35357,"100440113","Nalbach",2005
0.2793,"100440113","Nalbach",2006
0.40972,"100440113","Nalbach",2007
0.32206,"100440113","Nalbach",2008
0.3035,"100440113","Nalbach",2009
0.27938,"100440113","Nalbach",2010
0.3134,"100440113","Nalbach",2011
0.35391,"100440113","Nalbach",2012
0.3044,"100440113","Nalbach",2013
0.3138,"100440113","Nalbach",2014
0.34268,"100440113","Nalbach",2015
0.33301,"100440113","Nalbach",2016
0.335,"100440113","Nalbach",2017
0.32194,"100440113","Nalbach",2018
0.3655,"100440113","Nalbach",2019
0.31655,"100440113","Nalbach",2020
0.58042,"100440114","Rehlingen-Siersburg",1998
0.60355,"100440114","Rehlingen-Siersburg",1999
0.6258,"100440114","Rehlingen-Siersburg",2000
0.4791,"100440114","Rehlingen-Siersburg",2001
0.33896,"100440114","Rehlingen-Siersburg",2002
0.42505,"100440114","Rehlingen-Siersburg",2003
0.44321,"100440114","Rehlingen-Siersburg",2004
0.41527,"100440114","Rehlingen-Siersburg",2005
0.36562,"100440114","Rehlingen-Siersburg",2006
0.4905,"100440114","Rehlingen-Siersburg",2007
0.38693,"100440114","Rehlingen-Siersburg",2008
0.36675,"100440114","Rehlingen-Siersburg",2009
0.34559,"100440114","Rehlingen-Siersburg",2010
0.31972,"100440114","Rehlingen-Siersburg",2011
0.35287,"100440114","Rehlingen-Siersburg",2012
0.30126,"100440114","Rehlingen-Siersburg",2013
0.32496,"100440114","Rehlingen-Siersburg",2014
0.36277,"100440114","Rehlingen-Siersburg",2015
0.33168,"100440114","Rehlingen-Siersburg",2016
0.34301,"100440114","Rehlingen-Siersburg",2017
0.34233,"100440114","Rehlingen-Siersburg",2018
0.36995,"100440114","Rehlingen-Siersburg",2019
0.31917,"100440114","Rehlingen-Siersburg",2020
0.55319,"100440115","Saarlouis, Kreisstadt",1998
0.57152,"100440115","Saarlouis, Kreisstadt",1999
0.59679,"100440115","Saarlouis, Kreisstadt",2000
0.54662,"100440115","Saarlouis, Kreisstadt",2001
0.41148,"100440115","Saarlouis, Kreisstadt",2002
0.49799,"100440115","Saarlouis, Kreisstadt",2003
0.5341,"100440115","Saarlouis, Kreisstadt",2004
0.53056,"100440115","Saarlouis, Kreisstadt",2005
0.49347,"100440115","Saarlouis, Kreisstadt",2006
0.58433,"100440115","Saarlouis, Kreisstadt",2007
0.49125,"100440115","Saarlouis, Kreisstadt",2008
0.47623,"100440115","Saarlouis, Kreisstadt",2009
0.4649,"100440115","Saarlouis, Kreisstadt",2010
0.42243,"100440115","Saarlouis, Kreisstadt",2011
0.47558,"100440115","Saarlouis, Kreisstadt",2012
0.41834,"100440115","Saarlouis, Kreisstadt",2013
0.41329,"100440115","Saarlouis, Kreisstadt",2014
0.45027,"100440115","Saarlouis, Kreisstadt",2015
0.40697,"100440115","Saarlouis, Kreisstadt",2016
0.40218,"100440115","Saarlouis, Kreisstadt",2017
0.39812,"100440115","Saarlouis, Kreisstadt",2018
0.44267,"100440115","Saarlouis, Kreisstadt",2019
0.41868,"100440115","Saarlouis, Kreisstadt",2020
0.57125,"100440116","Saarwellingen",1998
0.59083,"100440116","Saarwellingen",1999
0.61161,"100440116","Saarwellingen",2000
0.4206,"100440116","Saarwellingen",2001
0.28584,"100440116","Saarwellingen",2002
0.37768,"100440116","Saarwellingen",2003
0.38592,"100440116","Saarwellingen",2004
0.38557,"100440116","Saarwellingen",2005
0.31562,"100440116","Saarwellingen",2006
0.43865,"100440116","Saarwellingen",2007
0.35159,"100440116","Saarwellingen",2008
0.32521,"100440116","Saarwellingen",2009
0.32809,"100440116","Saarwellingen",2010
0.34332,"100440116","Saarwellingen",2011
0.39374,"100440116","Saarwellingen",2012
0.32001,"100440116","Saarwellingen",2013
0.32507,"100440116","Saarwellingen",2014
0.36443,"100440116","Saarwellingen",2015
0.33651,"100440116","Saarwellingen",2016
0.3445,"100440116","Saarwellingen",2017
0.33022,"100440116","Saarwellingen",2018
0.37025,"100440116","Saarwellingen",2019
0.32944,"100440116","Saarwellingen",2020
0.59004,"100440117","Schmelz",1998
0.61345,"100440117","Schmelz",1999
0.63332,"100440117","Schmelz",2000
0.46848,"100440117","Schmelz",2001
0.32465,"100440117","Schmelz",2002
0.43498,"100440117","Schmelz",2003
0.45684,"100440117","Schmelz",2004
0.4427,"100440117","Schmelz",2005
0.36899,"100440117","Schmelz",2006
0.49263,"100440117","Schmelz",2007
0.3971,"100440117","Schmelz",2008
0.38149,"100440117","Schmelz",2009
0.3549,"100440117","Schmelz",2010
0.36698,"100440117","Schmelz",2011
0.41371,"100440117","Schmelz",2012
0.34567,"100440117","Schmelz",2013
0.36601,"100440117","Schmelz",2014
0.41604,"100440117","Schmelz",2015
0.36037,"100440117","Schmelz",2016
0.35611,"100440117","Schmelz",2017
0.35597,"100440117","Schmelz",2018
0.38718,"100440117","Schmelz",2019
0.33949,"100440117","Schmelz",2020
0.57378,"100440118","Schwalbach",1998
0.59395,"100440118","Schwalbach",1999
0.61559,"100440118","Schwalbach",2000
0.48956,"100440118","Schwalbach",2001
0.34955,"100440118","Schwalbach",2002
0.43039,"100440118","Schwalbach",2003
0.41638,"100440118","Schwalbach",2004
0.40977,"100440118","Schwalbach",2005
0.35638,"100440118","Schwalbach",2006
0.47998,"100440118","Schwalbach",2007
0.39,"100440118","Schwalbach",2008
0.37906,"100440118","Schwalbach",2009
0.37397,"100440118","Schwalbach",2010
0.36785,"100440118","Schwalbach",2011
0.41769,"100440118","Schwalbach",2012
0.35255,"100440118","Schwalbach",2013
0.37618,"100440118","Schwalbach",2014
0.41444,"100440118","Schwalbach",2015
0.37889,"100440118","Schwalbach",2016
0.38142,"100440118","Schwalbach",2017
0.37011,"100440118","Schwalbach",2018
0.40154,"100440118","Schwalbach",2019
0.3554,"100440118","Schwalbach",2020
0.5833,"100440119","Überherrn",1998
0.60509,"100440119","Überherrn",1999
0.62638,"100440119","Überherrn",2000
0.40168,"100440119","Überherrn",2001
0.27881,"100440119","Überherrn",2002
0.37806,"100440119","Überherrn",2003
0.37388,"100440119","Überherrn",2004
0.36886,"100440119","Überherrn",2005
0.32819,"100440119","Überherrn",2006
0.44197,"100440119","Überherrn",2007
0.35217,"100440119","Überherrn",2008
0.33169,"100440119","Überherrn",2009
0.32284,"100440119","Überherrn",2010
0.35058,"100440119","Überherrn",2011
0.40507,"100440119","Überherrn",2012
0.33715,"100440119","Überherrn",2013
0.34341,"100440119","Überherrn",2014
0.38453,"100440119","Überherrn",2015
0.35008,"100440119","Überherrn",2016
0.3565,"100440119","Überherrn",2017
0.34596,"100440119","Überherrn",2018
0.36458,"100440119","Überherrn",2019
0.32979,"100440119","Überherrn",2020
0.58496,"100440120","Wadgassen",1998
0.60456,"100440120","Wadgassen",1999
0.62414,"100440120","Wadgassen",2000
0.4864,"100440120","Wadgassen",2001
0.34244,"100440120","Wadgassen",2002
0.41078,"100440120","Wadgassen",2003
0.40253,"100440120","Wadgassen",2004
0.41067,"100440120","Wadgassen",2005
0.36558,"100440120","Wadgassen",2006
0.47318,"100440120","Wadgassen",2007
0.38484,"100440120","Wadgassen",2008
0.37628,"100440120","Wadgassen",2009
0.36514,"100440120","Wadgassen",2010
0.37236,"100440120","Wadgassen",2011
0.41141,"100440120","Wadgassen",2012
0.34329,"100440120","Wadgassen",2013
0.34658,"100440120","Wadgassen",2014
0.38351,"100440120","Wadgassen",2015
0.34851,"100440120","Wadgassen",2016
0.33941,"100440120","Wadgassen",2017
0.32341,"100440120","Wadgassen",2018
0.34632,"100440120","Wadgassen",2019
0.29689,"100440120","Wadgassen",2020
0.5649,"100440121","Wallerfangen",1998
0.58146,"100440121","Wallerfangen",1999
0.60377,"100440121","Wallerfangen",2000
0.43903,"100440121","Wallerfangen",2001
0.31339,"100440121","Wallerfangen",2002
0.39779,"100440121","Wallerfangen",2003
0.38523,"100440121","Wallerfangen",2004
0.38767,"100440121","Wallerfangen",2005
0.34593,"100440121","Wallerfangen",2006
0.46392,"100440121","Wallerfangen",2007
0.36973,"100440121","Wallerfangen",2008
0.36801,"100440121","Wallerfangen",2009
0.3663,"100440121","Wallerfangen",2010
0.35572,"100440121","Wallerfangen",2011
0.40588,"100440121","Wallerfangen",2012
0.35025,"100440121","Wallerfangen",2013
0.36671,"100440121","Wallerfangen",2014
0.40347,"100440121","Wallerfangen",2015
0.36836,"100440121","Wallerfangen",2016
0.36336,"100440121","Wallerfangen",2017
0.35411,"100440121","Wallerfangen",2018
0.38395,"100440121","Wallerfangen",2019
0.3594,"100440121","Wallerfangen",2020
0.59492,"100440122","Bous",1998
0.61479,"100440122","Bous",1999
0.63247,"100440122","Bous",2000
0.55063,"100440122","Bous",2001
0.40149,"100440122","Bous",2002
0.55525,"100440122","Bous",2003
0.54057,"100440122","Bous",2004
0.54542,"100440122","Bous",2005
0.47355,"100440122","Bous",2006
0.55456,"100440122","Bous",2007
0.4644,"100440122","Bous",2008
0.48255,"100440122","Bous",2009
0.45033,"100440122","Bous",2010
0.45719,"100440122","Bous",2011
0.49171,"100440122","Bous",2012
0.43865,"100440122","Bous",2013
0.43405,"100440122","Bous",2014
0.46702,"100440122","Bous",2015
0.42781,"100440122","Bous",2016
0.43591,"100440122","Bous",2017
0.42962,"100440122","Bous",2018
0.46173,"100440122","Bous",2019
0.41603,"100440122","Bous",2020
0.58584,"100440123","Ensdorf",1998
0.60802,"100440123","Ensdorf",1999
0.6292,"100440123","Ensdorf",2000
0.55913,"100440123","Ensdorf",2001
0.44116,"100440123","Ensdorf",2002
0.52287,"100440123","Ensdorf",2003
0.52949,"100440123","Ensdorf",2004
0.53407,"100440123","Ensdorf",2005
0.46565,"100440123","Ensdorf",2006
0.55603,"100440123","Ensdorf",2007
0.44903,"100440123","Ensdorf",2008
0.44131,"100440123","Ensdorf",2009
0.42794,"100440123","Ensdorf",2010
0.43964,"100440123","Ensdorf",2011
0.49244,"100440123","Ensdorf",2012
0.42296,"100440123","Ensdorf",2013
0.43806,"100440123","Ensdorf",2014
0.47247,"100440123","Ensdorf",2015
0.42708,"100440123","Ensdorf",2016
0.4318,"100440123","Ensdorf",2017
0.43227,"100440123","Ensdorf",2018
0.46513,"100440123","Ensdorf",2019
0.43722,"100440123","Ensdorf",2020
0.04841,"100450111","Bexbach, Stadt",1998
0.04927,"100450111","Bexbach, Stadt",1999
0.22469,"100450111","Bexbach, Stadt",2000
0.06912,"100450111","Bexbach, Stadt",2001
0.08001,"100450111","Bexbach, Stadt",2002
0.08309,"100450111","Bexbach, Stadt",2003
0.1141,"100450111","Bexbach, Stadt",2004
0.14547,"100450111","Bexbach, Stadt",2005
0.11961,"100450111","Bexbach, Stadt",2006
0.07953,"100450111","Bexbach, Stadt",2007
0.06707,"100450111","Bexbach, Stadt",2008
0.10278,"100450111","Bexbach, Stadt",2009
0.13832,"100450111","Bexbach, Stadt",2010
0.08922,"100450111","Bexbach, Stadt",2011
0.07382,"100450111","Bexbach, Stadt",2012
0.0832,"100450111","Bexbach, Stadt",2013
0.0851,"100450111","Bexbach, Stadt",2014
0.1064,"100450111","Bexbach, Stadt",2015
0.0861,"100450111","Bexbach, Stadt",2016
0.094,"100450111","Bexbach, Stadt",2017
0.08739,"100450111","Bexbach, Stadt",2018
0.10027,"100450111","Bexbach, Stadt",2019
0.11183,"100450111","Bexbach, Stadt",2020
0.02772,"100450112","Blieskastel, Stadt",1998
0.02905,"100450112","Blieskastel, Stadt",1999
0.20776,"100450112","Blieskastel, Stadt",2000
0.11617,"100450112","Blieskastel, Stadt",2001
0.08852,"100450112","Blieskastel, Stadt",2002
0.09759,"100450112","Blieskastel, Stadt",2003
0.10944,"100450112","Blieskastel, Stadt",2004
0.12391,"100450112","Blieskastel, Stadt",2005
0.12716,"100450112","Blieskastel, Stadt",2006
0.08366,"100450112","Blieskastel, Stadt",2007
0.07165,"100450112","Blieskastel, Stadt",2008
0.0752,"100450112","Blieskastel, Stadt",2009
0.10162,"100450112","Blieskastel, Stadt",2010
0.04405,"100450112","Blieskastel, Stadt",2011
0.03775,"100450112","Blieskastel, Stadt",2012
0.03671,"100450112","Blieskastel, Stadt",2013
0.02587,"100450112","Blieskastel, Stadt",2014
0.04937,"100450112","Blieskastel, Stadt",2015
0.04969,"100450112","Blieskastel, Stadt",2016
0.06377,"100450112","Blieskastel, Stadt",2017
0.04894,"100450112","Blieskastel, Stadt",2018
0.04812,"100450112","Blieskastel, Stadt",2019
0.05686,"100450112","Blieskastel, Stadt",2020
0.06866,"100450113","Gersheim",1998
0.07299,"100450113","Gersheim",1999
0.24891,"100450113","Gersheim",2000
0.10711,"100450113","Gersheim",2001
0.11786,"100450113","Gersheim",2002
0.11615,"100450113","Gersheim",2003
0.12325,"100450113","Gersheim",2004
0.13793,"100450113","Gersheim",2005
0.09632,"100450113","Gersheim",2006
0.07449,"100450113","Gersheim",2007
0.07582,"100450113","Gersheim",2008
0.07375,"100450113","Gersheim",2009
0.10629,"100450113","Gersheim",2010
0.07845,"100450113","Gersheim",2011
0.084,"100450113","Gersheim",2012
0.06951,"100450113","Gersheim",2013
0.07498,"100450113","Gersheim",2014
0.08846,"100450113","Gersheim",2015
0.0644,"100450113","Gersheim",2016
0.08935,"100450113","Gersheim",2017
0.06648,"100450113","Gersheim",2018
0.08146,"100450113","Gersheim",2019
0.09568,"100450113","Gersheim",2020
0.03855,"100450114","Homburg, Kreisstadt",1998
0.04264,"100450114","Homburg, Kreisstadt",1999
0.21967,"100450114","Homburg, Kreisstadt",2000
0.13825,"100450114","Homburg, Kreisstadt",2001
0.14059,"100450114","Homburg, Kreisstadt",2002
0.12368,"100450114","Homburg, Kreisstadt",2003
0.17044,"100450114","Homburg, Kreisstadt",2004
0.20043,"100450114","Homburg, Kreisstadt",2005
0.20264,"100450114","Homburg, Kreisstadt",2006
0.16503,"100450114","Homburg, Kreisstadt",2007
0.1497,"100450114","Homburg, Kreisstadt",2008
0.19379,"100450114","Homburg, Kreisstadt",2009
0.22944,"100450114","Homburg, Kreisstadt",2010
0.13538,"100450114","Homburg, Kreisstadt",2011
0.13718,"100450114","Homburg, Kreisstadt",2012
0.1453,"100450114","Homburg, Kreisstadt",2013
0.15295,"100450114","Homburg, Kreisstadt",2014
0.16327,"100450114","Homburg, Kreisstadt",2015
0.14647,"100450114","Homburg, Kreisstadt",2016
0.15032,"100450114","Homburg, Kreisstadt",2017
0.14778,"100450114","Homburg, Kreisstadt",2018
0.17241,"100450114","Homburg, Kreisstadt",2019
0.19639,"100450114","Homburg, Kreisstadt",2020
0.02874,"100450115","Kirkel",1998
0.03188,"100450115","Kirkel",1999
0.21215,"100450115","Kirkel",2000
0.00028,"100450115","Kirkel",2001
0.02548,"100450115","Kirkel",2002
0.02462,"100450115","Kirkel",2003
0.03779,"100450115","Kirkel",2004
0.02978,"100450115","Kirkel",2005
0,"100450115","Kirkel",2006
0,"100450115","Kirkel",2007
0,"100450115","Kirkel",2008
0,"100450115","Kirkel",2009
0.02304,"100450115","Kirkel",2010
0,"100450115","Kirkel",2011
0.00499,"100450115","Kirkel",2012
0.01901,"100450115","Kirkel",2013
0.01351,"100450115","Kirkel",2014
0.02317,"100450115","Kirkel",2015
0.01874,"100450115","Kirkel",2016
0.03052,"100450115","Kirkel",2017
0.02111,"100450115","Kirkel",2018
0.02911,"100450115","Kirkel",2019
0.03597,"100450115","Kirkel",2020
0.0263,"100450116","Mandelbachtal",1998
0.02915,"100450116","Mandelbachtal",1999
0.20776,"100450116","Mandelbachtal",2000
0.01358,"100450116","Mandelbachtal",2001
0,"100450116","Mandelbachtal",2002
0,"100450116","Mandelbachtal",2003
0,"100450116","Mandelbachtal",2004
0,"100450116","Mandelbachtal",2005
0.01452,"100450116","Mandelbachtal",2006
0.01274,"100450116","Mandelbachtal",2007
0.01013,"100450116","Mandelbachtal",2008
0.01698,"100450116","Mandelbachtal",2009
0.05213,"100450116","Mandelbachtal",2010
0.00826,"100450116","Mandelbachtal",2011
0,"100450116","Mandelbachtal",2012
0,"100450116","Mandelbachtal",2013
0,"100450116","Mandelbachtal",2014
0,"100450116","Mandelbachtal",2015
0,"100450116","Mandelbachtal",2016
0,"100450116","Mandelbachtal",2017
0,"100450116","Mandelbachtal",2018
0,"100450116","Mandelbachtal",2019
0,"100450116","Mandelbachtal",2020
0,"100450117","St. Ingbert, Stadt",1998
0,"100450117","St. Ingbert, Stadt",1999
0.17987,"100450117","St. Ingbert, Stadt",2000
0.10691,"100450117","St. Ingbert, Stadt",2001
0.0823,"100450117","St. Ingbert, Stadt",2002
0.09373,"100450117","St. Ingbert, Stadt",2003
0.09145,"100450117","St. Ingbert, Stadt",2004
0.108,"100450117","St. Ingbert, Stadt",2005
0.10563,"100450117","St. Ingbert, Stadt",2006
0.06747,"100450117","St. Ingbert, Stadt",2007
0.07734,"100450117","St. Ingbert, Stadt",2008
0.1171,"100450117","St. Ingbert, Stadt",2009
0.13738,"100450117","St. Ingbert, Stadt",2010
0.0917,"100450117","St. Ingbert, Stadt",2011
0.08128,"100450117","St. Ingbert, Stadt",2012
0.08969,"100450117","St. Ingbert, Stadt",2013
0.08763,"100450117","St. Ingbert, Stadt",2014
0.09971,"100450117","St. Ingbert, Stadt",2015
0.09291,"100450117","St. Ingbert, Stadt",2016
0.09444,"100450117","St. Ingbert, Stadt",2017
0.07679,"100450117","St. Ingbert, Stadt",2018
0.08722,"100450117","St. Ingbert, Stadt",2019
0.08986,"100450117","St. Ingbert, Stadt",2020
0.14391,"100460111","Freisen",1998
0.17998,"100460111","Freisen",1999
0.02136,"100460111","Freisen",2000
0.02561,"100460111","Freisen",2001
0.14029,"100460111","Freisen",2002
0.12471,"100460111","Freisen",2003
0.09943,"100460111","Freisen",2004
0.22376,"100460111","Freisen",2005
0.19356,"100460111","Freisen",2006
0.25881,"100460111","Freisen",2007
0.17449,"100460111","Freisen",2008
0.0961,"100460111","Freisen",2009
0.05345,"100460111","Freisen",2010
0.12298,"100460111","Freisen",2011
0.11699,"100460111","Freisen",2012
0.13874,"100460111","Freisen",2013
0.33441,"100460111","Freisen",2014
0.34121,"100460111","Freisen",2015
0.22532,"100460111","Freisen",2016
0.25147,"100460111","Freisen",2017
0.20778,"100460111","Freisen",2018
0.22985,"100460111","Freisen",2019
0.1013,"100460111","Freisen",2020
0.14167,"100460112","Marpingen",1998
0.17474,"100460112","Marpingen",1999
0.01482,"100460112","Marpingen",2000
0.02965,"100460112","Marpingen",2001
0.11151,"100460112","Marpingen",2002
0.07362,"100460112","Marpingen",2003
0.06919,"100460112","Marpingen",2004
0.17717,"100460112","Marpingen",2005
0.14754,"100460112","Marpingen",2006
0.21726,"100460112","Marpingen",2007
0.13179,"100460112","Marpingen",2008
0.03742,"100460112","Marpingen",2009
0.00844,"100460112","Marpingen",2010
0.07645,"100460112","Marpingen",2011
0.07957,"100460112","Marpingen",2012
0.10509,"100460112","Marpingen",2013
0.30617,"100460112","Marpingen",2014
0.29623,"100460112","Marpingen",2015
0.18244,"100460112","Marpingen",2016
0.22154,"100460112","Marpingen",2017
0.17499,"100460112","Marpingen",2018
0.19927,"100460112","Marpingen",2019
0.08499,"100460112","Marpingen",2020
0.14894,"100460113","Namborn",1998
0.18242,"100460113","Namborn",1999
0.02431,"100460113","Namborn",2000
0,"100460113","Namborn",2001
0.08966,"100460113","Namborn",2002
0.09964,"100460113","Namborn",2003
0.09594,"100460113","Namborn",2004
0.19706,"100460113","Namborn",2005
0.15421,"100460113","Namborn",2006
0.22289,"100460113","Namborn",2007
0.12911,"100460113","Namborn",2008
0.04497,"100460113","Namborn",2009
0,"100460113","Namborn",2010
0.09209,"100460113","Namborn",2011
0.08849,"100460113","Namborn",2012
0.10962,"100460113","Namborn",2013
0.31153,"100460113","Namborn",2014
0.31747,"100460113","Namborn",2015
0.21523,"100460113","Namborn",2016
0.24724,"100460113","Namborn",2017
0.17712,"100460113","Namborn",2018
0.20962,"100460113","Namborn",2019
0.09292,"100460113","Namborn",2020
0.14406,"100460114","Nohfelden",1998
0.17431,"100460114","Nohfelden",1999
0.0193,"100460114","Nohfelden",2000
0.05983,"100460114","Nohfelden",2001
0.13102,"100460114","Nohfelden",2002
0.11054,"100460114","Nohfelden",2003
0.08537,"100460114","Nohfelden",2004
0.18637,"100460114","Nohfelden",2005
0.15804,"100460114","Nohfelden",2006
0.23285,"100460114","Nohfelden",2007
0.13989,"100460114","Nohfelden",2008
0.03687,"100460114","Nohfelden",2009
0.00838,"100460114","Nohfelden",2010
0.11868,"100460114","Nohfelden",2011
0.11699,"100460114","Nohfelden",2012
0.13744,"100460114","Nohfelden",2013
0.33284,"100460114","Nohfelden",2014
0.3346,"100460114","Nohfelden",2015
0.23508,"100460114","Nohfelden",2016
0.27107,"100460114","Nohfelden",2017
0.21287,"100460114","Nohfelden",2018
0.24009,"100460114","Nohfelden",2019
0.12855,"100460114","Nohfelden",2020
0.12722,"100460115","Nonnweiler",1998
0.16269,"100460115","Nonnweiler",1999
0.00837,"100460115","Nonnweiler",2000
0.03446,"100460115","Nonnweiler",2001
0.10888,"100460115","Nonnweiler",2002
0.08157,"100460115","Nonnweiler",2003
0.09132,"100460115","Nonnweiler",2004
0.19083,"100460115","Nonnweiler",2005
0.13563,"100460115","Nonnweiler",2006
0.21287,"100460115","Nonnweiler",2007
0.11875,"100460115","Nonnweiler",2008
0.04724,"100460115","Nonnweiler",2009
0.01218,"100460115","Nonnweiler",2010
0.09518,"100460115","Nonnweiler",2011
0.07343,"100460115","Nonnweiler",2012
0.08958,"100460115","Nonnweiler",2013
0.29923,"100460115","Nonnweiler",2014
0.29734,"100460115","Nonnweiler",2015
0.19719,"100460115","Nonnweiler",2016
0.22424,"100460115","Nonnweiler",2017
0.16362,"100460115","Nonnweiler",2018
0.20035,"100460115","Nonnweiler",2019
0.09568,"100460115","Nonnweiler",2020
0.13069,"100460116","Oberthal",1998
0.16466,"100460116","Oberthal",1999
0.01003,"100460116","Oberthal",2000
0.04785,"100460116","Oberthal",2001
0.13619,"100460116","Oberthal",2002
0.11316,"100460116","Oberthal",2003
0.10526,"100460116","Oberthal",2004
0.20898,"100460116","Oberthal",2005
0.17773,"100460116","Oberthal",2006
0.24525,"100460116","Oberthal",2007
0.15661,"100460116","Oberthal",2008
0.0822,"100460116","Oberthal",2009
0.0328,"100460116","Oberthal",2010
0.11605,"100460116","Oberthal",2011
0.12229,"100460116","Oberthal",2012
0.13225,"100460116","Oberthal",2013
0.33033,"100460116","Oberthal",2014
0.32554,"100460116","Oberthal",2015
0.2132,"100460116","Oberthal",2016
0.24062,"100460116","Oberthal",2017
0.19857,"100460116","Oberthal",2018
0.23163,"100460116","Oberthal",2019
0.12162,"100460116","Oberthal",2020
0.12014,"100460117","St. Wendel, Kreisstadt",1998
0.15179,"100460117","St. Wendel, Kreisstadt",1999
0,"100460117","St. Wendel, Kreisstadt",2000
0.04829,"100460117","St. Wendel, Kreisstadt",2001
0.12497,"100460117","St. Wendel, Kreisstadt",2002
0.10676,"100460117","St. Wendel, Kreisstadt",2003
0.12627,"100460117","St. Wendel, Kreisstadt",2004
0.23999,"100460117","St. Wendel, Kreisstadt",2005
0.19382,"100460117","St. Wendel, Kreisstadt",2006
0.26,"100460117","St. Wendel, Kreisstadt",2007
0.16109,"100460117","St. Wendel, Kreisstadt",2008
0.08165,"100460117","St. Wendel, Kreisstadt",2009
0.03341,"100460117","St. Wendel, Kreisstadt",2010
0.11055,"100460117","St. Wendel, Kreisstadt",2011
0.09929,"100460117","St. Wendel, Kreisstadt",2012
0.13227,"100460117","St. Wendel, Kreisstadt",2013
0.33871,"100460117","St. Wendel, Kreisstadt",2014
0.3382,"100460117","St. Wendel, Kreisstadt",2015
0.22781,"100460117","St. Wendel, Kreisstadt",2016
0.26206,"100460117","St. Wendel, Kreisstadt",2017
0.21416,"100460117","St. Wendel, Kreisstadt",2018
0.23901,"100460117","St. Wendel, Kreisstadt",2019
0.12062,"100460117","St. Wendel, Kreisstadt",2020
0.13615,"100460118","Tholey",1998
0.16975,"100460118","Tholey",1999
0.0137,"100460118","Tholey",2000
0.02741,"100460118","Tholey",2001
0.12433,"100460118","Tholey",2002
0.08521,"100460118","Tholey",2003
0.06518,"100460118","Tholey",2004
0.16554,"100460118","Tholey",2005
0.14034,"100460118","Tholey",2006
0.22296,"100460118","Tholey",2007
0.1417,"100460118","Tholey",2008
0.05871,"100460118","Tholey",2009
0.00989,"100460118","Tholey",2010
0.07684,"100460118","Tholey",2011
0.06308,"100460118","Tholey",2012
0.09765,"100460118","Tholey",2013
0.30646,"100460118","Tholey",2014
0.30986,"100460118","Tholey",2015
0.19531,"100460118","Tholey",2016
0.2329,"100460118","Tholey",2017
0.171,"100460118","Tholey",2018
0.19448,"100460118","Tholey",2019
0.09086,"100460118","Tholey",2020
