"","NUTS2","NUTS2 Name","Jahr","Bevoelkerung","GISD_Score","TS_Bildung","TS_Einkommen","TS_Arbeitswelt","GISD_5","GISD_10","GISD_k"
"1","DE11","Stuttgart",1998,4126688,0.625729,0.705378175305638,0.846543862781519,0.486915024841883,1,1,1
"2","DE11","Stuttgart",1999,4126688,0.591928,0.684647831609357,0.838589981980088,0.467186001804825,1,1,1
"3","DE11","Stuttgart",2000,4126688,0.554349,0.671708692948207,0.827309482795078,0.437581408127201,1,1,1
"4","DE11","Stuttgart",2001,4126688,0.497532,0.662885241028441,0.800601166192656,0.391734864002732,1,1,1
"5","DE11","Stuttgart",2002,4126688,0.491111,0.653274501213698,0.800539195215023,0.392210702622134,1,1,1
"6","DE11","Stuttgart",2003,4126688,0.478042,0.629401527664773,0.796892188512731,0.401011710963675,1,1,1
"7","DE11","Stuttgart",2004,4126688,0.474995,0.627358449493655,0.792339907183742,0.403243591199307,1,1,1
"8","DE11","Stuttgart",2005,4126688,0.467843,0.605356441693519,0.792069791991177,0.415272324395775,1,1,1
"9","DE11","Stuttgart",2006,4126688,0.431562,0.579112441231824,0.783669842417664,0.397951075321024,1,1,1
"10","DE11","Stuttgart",2007,4126688,0.389837,0.555222111331489,0.774135563754795,0.371612809774248,1,1,1
"11","DE11","Stuttgart",2008,4126688,0.349157,0.536715724605299,0.758535555996187,0.347453217241479,1,1,1
"12","DE11","Stuttgart",2009,4126688,0.360215,0.516897006642472,0.768448602561251,0.373197729720941,1,1,1
"13","DE11","Stuttgart",2010,4126688,0.333853,0.499174301791336,0.766701606577557,0.354909226152154,1,1,1
"14","DE11","Stuttgart",2011,4126688,0.276001,0.475099633457612,0.753474928010707,0.309350658488142,1,1,1
"15","DE11","Stuttgart",2012,4126688,0.191858,0.385474953862023,0.74448862447372,0.287444129680974,1,1,1
"16","DE11","Stuttgart",2013,4126688,0.227696,0.455937836553197,0.739326987435166,0.273473046036617,1,1,1
"17","DE11","Stuttgart",2014,4126688,0.208189,0.45179631023304,0.734171304243171,0.254830297311191,1,1,1
"18","DE11","Stuttgart",2015,4126688,0.173234,0.43255679842019,0.728818890454455,0.229356645430991,1,1,1
"19","DE11","Stuttgart",2016,4126688,0.150957,0.426884706336427,0.724098919271808,0.207841936295452,1,1,1
"20","DE11","Stuttgart",2017,4126688,0.121671,0.426140309423644,0.707493673458745,0.183244581625897,1,1,1
"21","DE12","Karlsruhe",1998,2795783,0.665229,0.700611342794324,0.864218915904725,0.530580930127185,1,2,1
"22","DE12","Karlsruhe",1999,2795783,0.63902,0.687206043326039,0.856801028255934,0.513865361436599,1,2,1
"23","DE12","Karlsruhe",2000,2795783,0.597093,0.672210323950373,0.844637315827267,0.480973196361541,1,2,1
"24","DE12","Karlsruhe",2001,2795783,0.540681,0.658164660699352,0.818678452428541,0.440179686580391,1,2,1
"25","DE12","Karlsruhe",2002,2795783,0.537248,0.650881181796539,0.81865995980894,0.442564559861572,1,2,1
"26","DE12","Karlsruhe",2003,2795783,0.533436,0.638623312912524,0.816998601963633,0.451023647323955,1,2,1
"27","DE12","Karlsruhe",2004,2795783,0.530415,0.635417951075108,0.814387457632705,0.452513462794391,1,2,1
"28","DE12","Karlsruhe",2005,2795783,0.526931,0.620856664814278,0.816363030964046,0.460109949462091,1,2,1
"29","DE12","Karlsruhe",2006,2795783,0.493269,0.592601523272627,0.809718427585883,0.446795901514097,1,2,1
"30","DE12","Karlsruhe",2007,2795783,0.45197,0.570620408096133,0.800764343318146,0.418578102409687,1,2,1
"31","DE12","Karlsruhe",2008,2795783,0.409033,0.548238739269004,0.784831825522813,0.395394951139939,1,2,1
"32","DE12","Karlsruhe",2009,2795783,0.414586,0.530527195746186,0.79211461733601,0.413776929127764,1,2,1
"33","DE12","Karlsruhe",2010,2795783,0.384147,0.506579937124197,0.79060799112946,0.395632890230583,1,2,1
"34","DE12","Karlsruhe",2011,2795783,0.334652,0.492722513335196,0.774106232011423,0.355100825290311,1,2,1
"35","DE12","Karlsruhe",2012,2795783,0.244634,0.390830389966068,0.764529572940553,0.337638247148925,1,1,1
"36","DE12","Karlsruhe",2013,2795783,0.281331,0.461285265098586,0.760634951251559,0.323638913956253,1,2,1
"37","DE12","Karlsruhe",2014,2795783,0.267051,0.460470744440389,0.755825876014642,0.308809396823799,1,2,1
"38","DE12","Karlsruhe",2015,2795783,0.231497,0.434393015286499,0.750346871010883,0.28944251065131,1,2,1
"39","DE12","Karlsruhe",2016,2795783,0.213081,0.431970260406664,0.746661958289064,0.269172871028082,1,2,1
"40","DE12","Karlsruhe",2017,2795783,0.187644,0.433849264281143,0.73228997151401,0.245232670825155,1,2,1
"41","DE13","Freiburg",1998,2254674,0.707718,0.722724678203481,0.865872665688069,0.567670587187012,2,3,2
"42","DE13","Freiburg",1999,2254674,0.686242,0.719363722646581,0.8580945241417,0.548049976562864,2,3,2
"43","DE13","Freiburg",2000,2254674,0.645738,0.701819669639533,0.851183519818352,0.514491493197927,2,3,2
"44","DE13","Freiburg",2001,2254674,0.603649,0.704060525237614,0.827519525674305,0.475631625366419,2,3,2
"45","DE13","Freiburg",2002,2254674,0.597627,0.691512997816767,0.826766452059923,0.480306220333889,2,3,2
"46","DE13","Freiburg",2003,2254674,0.592815,0.680138180977828,0.824543485048495,0.487012947536275,2,3,2
"47","DE13","Freiburg",2004,2254674,0.592858,0.682056676756548,0.821880140481809,0.487818364369466,2,3,2
"48","DE13","Freiburg",2005,2254674,0.582625,0.658722570327859,0.823129097391702,0.495247702048834,2,3,2
"49","DE13","Freiburg",2006,2254674,0.550861,0.635902077231001,0.815071268868395,0.480630974283413,2,3,2
"50","DE13","Freiburg",2007,2254674,0.519224,0.624497455858737,0.80734772114074,0.454444521558107,2,3,2
"51","DE13","Freiburg",2008,2254674,0.473496,0.595988520469267,0.790832076655145,0.433974707549302,2,3,2
"52","DE13","Freiburg",2009,2254674,0.485354,0.585398638826487,0.798377946080258,0.454002307801531,2,3,2
"53","DE13","Freiburg",2010,2254674,0.453319,0.561735267060456,0.795488881932125,0.434671736009721,2,3,2
"54","DE13","Freiburg",2011,2254674,0.401287,0.542160966635877,0.778353575117028,0.39685596760531,2,4,2
"55","DE13","Freiburg",2012,2254674,0.330362,0.468016865336207,0.768900833426515,0.3788668337136,1,2,1
"56","DE13","Freiburg",2013,2254674,0.367283,0.538486976434201,0.763442950211965,0.366736638090434,2,4,2
"57","DE13","Freiburg",2014,2254674,0.346682,0.530560031059579,0.757190929865737,0.351408683418054,2,4,2
"58","DE13","Freiburg",2015,2254674,0.313762,0.511451413637571,0.747334822035449,0.333223487014848,2,3,2
"59","DE13","Freiburg",2016,2254674,0.29467,0.508406052327623,0.742533741975599,0.313724390787182,2,3,2
"60","DE13","Freiburg",2017,2254674,0.278449,0.520894354577183,0.728444095715965,0.292092150406175,2,4,2
"61","DE14","Tübingen",1998,1846280,0.663167,0.716391209066912,0.850821188403006,0.525246464993424,1,2,1
"62","DE14","Tübingen",1999,1846280,0.632934,0.696115284373633,0.843815430093699,0.509225283202336,1,2,1
"63","DE14","Tübingen",2000,1846280,0.605965,0.69112676651653,0.835152216555391,0.484249117649082,1,2,1
"64","DE14","Tübingen",2001,1846280,0.552489,0.674143817879612,0.812041649094161,0.447749923985184,1,2,1
"65","DE14","Tübingen",2002,1846280,0.545437,0.663774954349187,0.812429398669948,0.447630872026076,1,2,1
"66","DE14","Tübingen",2003,1846280,0.540248,0.651574021270238,0.809987104809282,0.454842278729302,1,2,1
"67","DE14","Tübingen",2004,1846280,0.539165,0.649054401613656,0.809298990432944,0.456498936169091,1,2,1
"68","DE14","Tübingen",2005,1846280,0.528371,0.629077436930373,0.808985873481534,0.461327584028224,1,2,1
"69","DE14","Tübingen",2006,1846280,0.497941,0.611734679882121,0.79987035870088,0.444202348402809,1,2,1
"70","DE14","Tübingen",2007,1846280,0.459264,0.592817367382559,0.789667321587095,0.417925808216807,1,2,1
"71","DE14","Tübingen",2008,1846280,0.412814,0.568666446786339,0.774428445561582,0.390785329539486,1,2,1
"72","DE14","Tübingen",2009,1846280,0.424903,0.555950399292463,0.782797817563868,0.412446622693034,1,2,1
"73","DE14","Tübingen",2010,1846280,0.396557,0.535740048811549,0.780402737905685,0.394453238061391,1,2,1
"74","DE14","Tübingen",2011,1846280,0.340119,0.516586080486732,0.7630775071408,0.350096189444926,1,2,1
"75","DE14","Tübingen",2012,1846280,0.258369,0.428792617677304,0.752168409745668,0.331709500717444,1,2,1
"76","DE14","Tübingen",2013,1846280,0.305023,0.517566363861604,0.745909221316339,0.316016578703717,1,2,1
"77","DE14","Tübingen",2014,1846280,0.278609,0.504346951129131,0.738019241114925,0.299293399707152,1,2,1
"78","DE14","Tübingen",2015,1846280,0.257705,0.498178107298441,0.732359313361528,0.281181303742419,1,2,1
"79","DE14","Tübingen",2016,1846280,0.226298,0.479634871540181,0.728267742607929,0.258832255579181,1,2,1
"80","DE14","Tübingen",2017,1846280,0.20588,0.484545844214452,0.713685699782998,0.239259929436181,1,2,1
"81","DE21","Oberbayern",1998,4649534,0.595375,0.691444492219176,0.824880712973525,0.47903616924728,1,1,1
"82","DE21","Oberbayern",1999,4649534,0.560934,0.667492946804612,0.816642012478572,0.461895658301358,1,1,1
"83","DE21","Oberbayern",2000,4649534,0.524082,0.648546306603174,0.801225233272444,0.443477571026055,1,1,1
"84","DE21","Oberbayern",2001,4649534,0.486434,0.66162903974784,0.774754612870743,0.402941674462526,1,1,1
"85","DE21","Oberbayern",2002,4649534,0.465304,0.630913307970053,0.775587726837514,0.402560584601647,1,1,1
"86","DE21","Oberbayern",2003,4649534,0.458348,0.609246702118159,0.771217269532184,0.418633650124618,1,1,1
"87","DE21","Oberbayern",2004,4649534,0.45488,0.604567277949294,0.772457844642601,0.417105479407277,1,1,1
"88","DE21","Oberbayern",2005,4649534,0.447965,0.58415607425735,0.772025915222178,0.42804500384069,1,1,1
"89","DE21","Oberbayern",2006,4649534,0.416823,0.560833549825964,0.763729950656857,0.415059467776958,1,1,1
"90","DE21","Oberbayern",2007,4649534,0.373001,0.539827583700942,0.748287432005267,0.388741146824875,1,1,1
"91","DE21","Oberbayern",2008,4649534,0.311593,0.512717683889922,0.733371242979451,0.342813526500363,1,1,1
"92","DE21","Oberbayern",2009,4649534,0.304663,0.489646957466419,0.737471486768171,0.351858839160453,1,1,1
"93","DE21","Oberbayern",2010,4649534,0.275474,0.461331921292377,0.740056955502516,0.335781315650144,1,1,1
"94","DE21","Oberbayern",2011,4649534,0.165554,0.351480990639308,0.725571073714718,0.302680909837883,1,1,1
"95","DE21","Oberbayern",2012,4649534,0.200837,0.436687693408418,0.711268112651913,0.282311603412132,1,1,1
"96","DE21","Oberbayern",2013,4649534,0.166908,0.40874242707803,0.705303474871097,0.267625696922067,1,1,1
"97","DE21","Oberbayern",2014,4649534,0.132621,0.394212920728094,0.689801183095716,0.248548383715077,1,1,1
"98","DE21","Oberbayern",2015,4649534,0.102012,0.375432259976433,0.684245909851106,0.229043184719097,1,1,1
"99","DE21","Oberbayern",2016,4649534,0.073405,0.36246515305022,0.679617712838181,0.205665545170285,1,1,1
"100","DE21","Oberbayern",2017,4649534,0.034471,0.347597160574939,0.664365657144599,0.180020207508842,1,1,1
"101","DE22","Niederbayern",1998,1230037,0.74578,0.791865892072442,0.859541277084693,0.559376557823083,3,5,2
"102","DE22","Niederbayern",1999,1230037,0.724138,0.785296089171559,0.852609353843463,0.541881316015124,3,5,2
"103","DE22","Niederbayern",2000,1230037,0.693606,0.780060152916465,0.8490038481911,0.506992000351187,3,5,2
"104","DE22","Niederbayern",2001,1230037,0.666869,0.787258725491672,0.831437238935791,0.479064618175745,4,7,2
"105","DE22","Niederbayern",2002,1230037,0.662964,0.781639622244455,0.831084941613496,0.479443829277807,3,6,2
"106","DE22","Niederbayern",2003,1230037,0.658931,0.770245840455153,0.827940727174697,0.488204652338269,3,6,2
"107","DE22","Niederbayern",2004,1230037,0.651316,0.765740335191018,0.824889636998976,0.484855138560415,3,6,2
"108","DE22","Niederbayern",2005,1230037,0.648435,0.749215110702783,0.825529472554894,0.496613051776609,3,5,2
"109","DE22","Niederbayern",2006,1230037,0.619466,0.732381227415971,0.817465103127688,0.480019453668842,3,5,2
"110","DE22","Niederbayern",2007,1230037,0.575518,0.714554289314743,0.805191641724379,0.447173943246267,3,5,2
"111","DE22","Niederbayern",2008,1230037,0.554005,0.705706626402012,0.791075448407903,0.439324599945874,4,7,2
"112","DE22","Niederbayern",2009,1230037,0.548844,0.683803735538766,0.791795265511043,0.453115882511279,4,7,2
"113","DE22","Niederbayern",2010,1230037,0.525621,0.66910850290536,0.792489914307963,0.433854167636397,4,7,2
"114","DE22","Niederbayern",2011,1230037,0.423172,0.569732506270443,0.779693109978547,0.399290186820944,3,5,2
"115","DE22","Niederbayern",2012,1230037,0.452481,0.641766743827087,0.768512835876014,0.380415260934521,3,6,2
"116","DE22","Niederbayern",2013,1230037,0.422338,0.62249174595151,0.760695779182599,0.364334144351559,4,7,2
"117","DE22","Niederbayern",2014,1230037,0.403036,0.619254851176844,0.753941839930298,0.346678629344965,4,7,2
"118","DE22","Niederbayern",2015,1230037,0.384515,0.613372615850111,0.747914852762105,0.332060670133106,4,7,2
"119","DE22","Niederbayern",2016,1230037,0.377617,0.624185268570379,0.74312755112422,0.316155911524719,4,7,2
"120","DE22","Niederbayern",2017,1230037,0.344278,0.612790225650085,0.732050391921066,0.290875962453744,4,7,2
"121","DE23","Oberpfalz",1998,1104407,0.738669,0.783501483376556,0.860154872963712,0.55694299861213,3,5,2
"122","DE23","Oberpfalz",1999,1104407,0.712263,0.770385717138855,0.853244920932702,0.539147995869159,2,4,2
"123","DE23","Oberpfalz",2000,1104407,0.684395,0.759900476795755,0.846461404694698,0.516501877871123,3,5,2
"124","DE23","Oberpfalz",2001,1104407,0.661632,0.779219192301124,0.826787758752031,0.484252741154149,3,6,2
"125","DE23","Oberpfalz",2002,1104407,0.647203,0.758740194593625,0.82730292111615,0.48354974491754,3,5,2
"126","DE23","Oberpfalz",2003,1104407,0.648018,0.751425744228911,0.8263627728963,0.492971699786813,3,5,2
"127","DE23","Oberpfalz",2004,1104407,0.629163,0.733820789465748,0.822366114117121,0.487567811290309,3,5,2
"128","DE23","Oberpfalz",2005,1104407,0.628259,0.720743693648649,0.823119141480371,0.498597145433726,3,5,2
"129","DE23","Oberpfalz",2006,1104407,0.599984,0.711899151390993,0.814955729554667,0.475107368379714,3,5,2
"130","DE23","Oberpfalz",2007,1104407,0.55282,0.688331321767298,0.803797163954063,0.442281141978218,2,4,2
"131","DE23","Oberpfalz",2008,1104407,0.525012,0.676332486725519,0.789980997216514,0.428266971984189,3,5,2
"132","DE23","Oberpfalz",2009,1104407,0.519177,0.65483583388282,0.792222872048144,0.439164641605097,3,6,2
"133","DE23","Oberpfalz",2010,1104407,0.491309,0.636652821596033,0.793484593069208,0.416170095779213,3,6,2
"134","DE23","Oberpfalz",2011,1104407,0.397376,0.547882944015334,0.781776293549885,0.382109385822298,2,4,2
"135","DE23","Oberpfalz",2012,1104407,0.420091,0.60810291690574,0.772720142733564,0.363480148499655,3,6,2
"136","DE23","Oberpfalz",2013,1104407,0.401306,0.599443143959954,0.765008958377144,0.352944841336478,3,6,2
"137","DE23","Oberpfalz",2014,1104407,0.374423,0.590230110202649,0.757352748402251,0.331311132141026,3,5,2
"138","DE23","Oberpfalz",2015,1104407,0.349801,0.582136814432994,0.747112812787392,0.314377762685334,3,5,2
"139","DE23","Oberpfalz",2016,1104407,0.328358,0.575184424791023,0.742356737913118,0.295373248357883,3,5,2
"140","DE23","Oberpfalz",2017,1104407,0.307038,0.583666354967482,0.72972026798735,0.268991917199441,3,5,2
"141","DE24","Oberfranken",1998,1066840,0.761584,0.79663823710869,0.867020600937867,0.569761266415244,3,6,2
"142","DE24","Oberfranken",1999,1066840,0.738446,0.787811860166327,0.860030368264367,0.552437788856035,3,6,2
"143","DE24","Oberfranken",2000,1066840,0.702755,0.780612475334946,0.850948635561536,0.517598274326068,3,6,2
"144","DE24","Oberfranken",2001,1066840,0.662548,0.777905425388282,0.82812347032295,0.485542826906909,3,6,2
"145","DE24","Oberfranken",2002,1066840,0.665046,0.769722088646657,0.82806593075954,0.49736134372851,4,7,2
"146","DE24","Oberfranken",2003,1066840,0.661013,0.749291466524957,0.82892485494972,0.51115737247774,3,6,2
"147","DE24","Oberfranken",2004,1066840,0.650941,0.738776196574046,0.824292943632135,0.511878031401403,3,6,2
"148","DE24","Oberfranken",2005,1066840,0.648938,0.72606171018101,0.826505617566527,0.519510944021036,3,5,2
"149","DE24","Oberfranken",2006,1066840,0.622229,0.713322383705248,0.821788839914553,0.498712599392436,3,6,2
"150","DE24","Oberfranken",2007,1066840,0.572325,0.690105590054075,0.809906808873333,0.462333850402967,3,5,2
"151","DE24","Oberfranken",2008,1066840,0.538898,0.674644577305298,0.794106461657023,0.445717524911013,3,5,2
"152","DE24","Oberfranken",2009,1066840,0.529429,0.652886160579487,0.795933309150743,0.452086850421168,4,7,2
"153","DE24","Oberfranken",2010,1066840,0.499216,0.631933744477817,0.796673570404887,0.429025269590501,3,6,2
"154","DE24","Oberfranken",2011,1066840,0.406668,0.544379417067956,0.784749799063391,0.395948504954394,2,4,2
"155","DE24","Oberfranken",2012,1066840,0.437811,0.614579763727874,0.781141928397269,0.373962299983195,3,6,2
"156","DE24","Oberfranken",2013,1066840,0.412167,0.597805073882342,0.772564942100131,0.362584191079153,4,7,2
"157","DE24","Oberfranken",2014,1066840,0.389625,0.588360013324473,0.766023308954553,0.346283608853652,3,6,2
"158","DE24","Oberfranken",2015,1066840,0.370977,0.586468096523675,0.756509665785077,0.3309804723147,3,6,2
"159","DE24","Oberfranken",2016,1066840,0.356758,0.593145194432304,0.750703402712257,0.309742913763984,4,7,2
"160","DE24","Oberfranken",2017,1066840,0.329291,0.590315093906376,0.738326208328254,0.28561026812662,3,6,2
"161","DE25","Mittelfranken",1998,1759643,0.704913,0.766080311323572,0.854642003229793,0.531528385936076,1,2,1
"162","DE25","Mittelfranken",1999,1759643,0.671021,0.743125707613944,0.847240493128459,0.5133421433307,1,2,1
"163","DE25","Mittelfranken",2000,1759643,0.637772,0.746096031957246,0.833276643401351,0.476713137257908,1,2,1
"164","DE25","Mittelfranken",2001,1759643,0.601873,0.753010027178698,0.809553814039445,0.442103357426562,2,3,2
"165","DE25","Mittelfranken",2002,1759643,0.587433,0.725310009572114,0.810256826383824,0.448418454213257,1,2,1
"166","DE25","Mittelfranken",2003,1759643,0.59202,0.718003206257368,0.809118133395316,0.463433443955598,1,2,1
"167","DE25","Mittelfranken",2004,1759643,0.586122,0.707243081318144,0.808904397022952,0.465960872515822,1,2,1
"168","DE25","Mittelfranken",2005,1759643,0.573243,0.677893284153247,0.810114594219353,0.475653971514552,1,2,1
"169","DE25","Mittelfranken",2006,1759643,0.542075,0.659098005040259,0.80394415123486,0.455976947221573,1,2,1
"170","DE25","Mittelfranken",2007,1759643,0.498063,0.640770026074515,0.789282298687291,0.425929235218065,1,2,1
"171","DE25","Mittelfranken",2008,1759643,0.449749,0.615822428397512,0.773279645335812,0.397680006154463,1,2,1
"172","DE25","Mittelfranken",2009,1759643,0.438356,0.586399357861876,0.775539459438352,0.408525267511633,1,2,1
"173","DE25","Mittelfranken",2010,1759643,0.412564,0.567300526782206,0.77670330927618,0.389517951706662,1,2,1
"174","DE25","Mittelfranken",2011,1759643,0.295789,0.448113989771503,0.763239799696074,0.354912649121208,1,2,1
"175","DE25","Mittelfranken",2012,1759643,0.333688,0.530902666906462,0.756614987042146,0.333030860021792,1,2,1
"176","DE25","Mittelfranken",2013,1759643,0.309783,0.510224759874775,0.75154426838807,0.324541604303019,1,2,1
"177","DE25","Mittelfranken",2014,1759643,0.28902,0.507666602135938,0.744094495449213,0.304810978965692,1,2,1
"178","DE25","Mittelfranken",2015,1759643,0.260534,0.492745539945111,0.735453126221922,0.287572994663009,1,2,1
"179","DE25","Mittelfranken",2016,1759643,0.245597,0.495318166012251,0.73290466090137,0.266154528499663,2,3,2
"180","DE25","Mittelfranken",2017,1759643,0.219312,0.496095526544029,0.720743163067988,0.239890702626146,2,3,2
"181","DE26","Unterfranken",1998,1313375,0.742254,0.798539439345251,0.854399695839245,0.552795250794139,3,5,2
"182","DE26","Unterfranken",1999,1313375,0.711125,0.774461783050634,0.84811708825254,0.538570068280011,2,4,2
"183","DE26","Unterfranken",2000,1313375,0.679772,0.770613331076795,0.8405249495157,0.505103932007583,2,4,2
"184","DE26","Unterfranken",2001,1313375,0.642763,0.772919676841213,0.819132900257284,0.471181595890255,2,4,2
"185","DE26","Unterfranken",2002,1313375,0.636323,0.760602759918303,0.819039534323238,0.474367999036167,2,4,2
"186","DE26","Unterfranken",2003,1313375,0.640265,0.757685931534742,0.818034267656959,0.483935876003505,2,4,2
"187","DE26","Unterfranken",2004,1313375,0.622815,0.73609196788039,0.815901115486853,0.482669438264173,2,4,2
"188","DE26","Unterfranken",2005,1313375,0.616274,0.717191496160882,0.816424681997092,0.491678594636466,2,4,2
"189","DE26","Unterfranken",2006,1313375,0.590841,0.704754156647448,0.810075219863834,0.474037205531373,2,4,2
"190","DE26","Unterfranken",2007,1313375,0.544,0.6809232667523,0.7982779697537,0.442575963644671,2,3,2
"191","DE26","Unterfranken",2008,1313375,0.509777,0.664267957317249,0.783016079971148,0.425476006344026,2,4,2
"192","DE26","Unterfranken",2009,1313375,0.496794,0.632984189194104,0.784473378945738,0.436706024527148,2,4,2
"193","DE26","Unterfranken",2010,1313375,0.471449,0.61546281236546,0.784654718075698,0.417745797804111,2,4,2
"194","DE26","Unterfranken",2011,1313375,0.376845,0.527682137576525,0.770732106772368,0.383948073584031,2,3,2
"195","DE26","Unterfranken",2012,1313375,0.406329,0.597546802040073,0.763833560816276,0.363211448625923,3,5,2
"196","DE26","Unterfranken",2013,1313375,0.378663,0.576254636349681,0.756209773912894,0.352502285822311,3,5,2
"197","DE26","Unterfranken",2014,1313375,0.352587,0.56672849945997,0.747007123110121,0.333882477747023,2,4,2
"198","DE26","Unterfranken",2015,1313375,0.334025,0.565411341109577,0.738449448011208,0.317171334413832,2,4,2
"199","DE26","Unterfranken",2016,1313375,0.327173,0.574582421759617,0.735053849299816,0.301581542806849,3,5,2
"200","DE26","Unterfranken",2017,1313375,0.289859,0.562737734512467,0.719552181808654,0.275483046614604,2,4,2
"201","DE27","Schwaben",1998,1873368,0.723392,0.796217568514284,0.854476643503638,0.528023665762056,2,4,2
"202","DE27","Schwaben",1999,1873368,0.690794,0.77341323605001,0.847851535569464,0.510763057509397,2,3,2
"203","DE27","Schwaben",2000,1873368,0.66061,0.774331042123319,0.839002304701621,0.475463400818978,2,4,2
"204","DE27","Schwaben",2001,1873368,0.624191,0.77345300952143,0.818415172370012,0.444765134465794,2,4,2
"205","DE27","Schwaben",2002,1873368,0.616515,0.757643813684051,0.818500485644516,0.44949434727749,2,4,2
"206","DE27","Schwaben",2003,1873368,0.616982,0.745762608939799,0.816244025462479,0.464302009951603,2,4,2
"207","DE27","Schwaben",2004,1873368,0.609871,0.734302804047603,0.815067249168533,0.466753593921817,2,4,2
"208","DE27","Schwaben",2005,1873368,0.611067,0.727266316619215,0.815170732360141,0.47539890984649,2,4,2
"209","DE27","Schwaben",2006,1873368,0.574602,0.701592002868144,0.808185026486164,0.455831235009172,2,3,2
"210","DE27","Schwaben",2007,1873368,0.532359,0.685082599308423,0.796144717468338,0.423875896861295,2,3,2
"211","DE27","Schwaben",2008,1873368,0.4929,0.666487383580982,0.779808879587294,0.402290437230437,2,3,2
"212","DE27","Schwaben",2009,1873368,0.490809,0.648914735431203,0.779954396330321,0.416722407305744,2,3,2
"213","DE27","Schwaben",2010,1873368,0.464106,0.627714989019102,0.780845147147048,0.39878533115699,2,3,2
"214","DE27","Schwaben",2011,1873368,0.360285,0.523861662458807,0.769855066604956,0.364927383988767,1,2,1
"215","DE27","Schwaben",2012,1873368,0.391108,0.598571183233432,0.761377505731298,0.342841982318228,2,4,2
"216","DE27","Schwaben",2013,1873368,0.370803,0.591442253157442,0.754172703445429,0.328093707573421,2,4,2
"217","DE27","Schwaben",2014,1873368,0.342698,0.577237011867264,0.745439892245546,0.310777089778345,2,3,2
"218","DE27","Schwaben",2015,1873368,0.323804,0.5708084796826,0.737886618954983,0.297697798003003,2,4,2
"219","DE27","Schwaben",2016,1873368,0.310248,0.573806724964889,0.733042158500631,0.280127236876699,2,4,2
"220","DE27","Schwaben",2017,1873368,0.276844,0.567367063813887,0.720405098152907,0.251359359636375,2,3,2
"221","DE30","Berlin",1998,3613495,0.803056,0.683105966891764,0.935840129970786,0.673874532380677,4,8,2
"222","DE30","Berlin",1999,3613495,0.774535,0.660279722034826,0.930268692903874,0.661421444334769,4,7,2
"223","DE30","Berlin",2000,3613495,0.724077,0.63515414459013,0.914368687124699,0.630176624972241,4,7,2
"224","DE30","Berlin",2001,3613495,0.673228,0.612456246694506,0.894255792010927,0.600157290913544,4,7,2
"225","DE30","Berlin",2002,3613495,0.668359,0.590639817634086,0.896869239383099,0.612385733779213,4,7,2
"226","DE30","Berlin",2003,3613495,0.674192,0.57906155992966,0.896770509619373,0.632417417785361,4,7,2
"227","DE30","Berlin",2004,3613495,0.657486,0.549401062359104,0.901755759597121,0.633165206628355,4,7,2
"228","DE30","Berlin",2005,3613495,0.651298,0.512603808474537,0.908209177078446,0.654645133705889,3,6,2
"229","DE30","Berlin",2006,3613495,0.618914,0.483513375141392,0.906882101604634,0.63868035796621,3,5,2
"230","DE30","Berlin",2007,3613495,0.583696,0.465162567320051,0.902605711196845,0.61086404124943,3,6,2
"231","DE30","Berlin",2008,3613495,0.528906,0.435483254907303,0.885581774261104,0.579092822724051,3,5,2
"232","DE30","Berlin",2009,3613495,0.491989,0.404205564853701,0.871864597666364,0.571212088306066,2,4,2
"233","DE30","Berlin",2010,3613495,0.474104,0.394381230108501,0.872490241183321,0.554793280949761,2,4,2
"234","DE30","Berlin",2011,3613495,0.42395,0.371855853692967,0.855305784891115,0.522668545826303,3,5,2
"235","DE30","Berlin",2012,3613495,0.358002,0.303718858241801,0.851099254289865,0.500555287171547,2,3,2
"236","DE30","Berlin",2013,3613495,0.366664,0.334247270247073,0.84709412692064,0.486438920269995,2,4,2
"237","DE30","Berlin",2014,3613495,0.338789,0.324169923991609,0.841547451459169,0.462138255929986,2,3,2
"238","DE30","Berlin",2015,3613495,0.304793,0.323143268823089,0.832595206221728,0.423424062468286,2,3,2
"239","DE30","Berlin",2016,3613495,0.234571,0.256540111815024,0.82668641620415,0.395358571760475,1,2,1
"240","DE30","Berlin",2017,3613495,0.196613,0.24535656045583,0.820020068188375,0.358841813368703,1,2,1
"241","DE40","Brandenburg",1998,2504040,0.822204,0.6920387997544,0.925314206827789,0.702893090425657,5,9,3
"242","DE40","Brandenburg",1999,2504040,0.808968,0.684592263212553,0.92093030594005,0.695765165041788,5,9,3
"243","DE40","Brandenburg",2000,2504040,0.787592,0.678423206328152,0.915535681852566,0.67671178030942,5,9,3
"244","DE40","Brandenburg",2001,2504040,0.761469,0.669255545740742,0.910569027270032,0.653431086650572,5,9,3
"245","DE40","Brandenburg",2002,2504040,0.756996,0.659098504547281,0.908744329611625,0.659006515428141,5,9,3
"246","DE40","Brandenburg",2003,2504040,0.757732,0.646272430197673,0.906460615517874,0.675169926241451,5,9,3
"247","DE40","Brandenburg",2004,2504040,0.756086,0.635896382564015,0.907364529514327,0.682285000687521,5,9,3
"248","DE40","Brandenburg",2005,2504040,0.757796,0.63939585950501,0.909304308374264,0.679294658703556,5,10,3
"249","DE40","Brandenburg",2006,2504040,0.732026,0.630554465502465,0.903850826898731,0.656679915994086,5,10,3
"250","DE40","Brandenburg",2007,2504040,0.671369,0.589568263270277,0.894717424385494,0.619920945732157,5,10,3
"251","DE40","Brandenburg",2008,2504040,0.598458,0.543607072127544,0.872254213893178,0.583915410830383,5,9,3
"252","DE40","Brandenburg",2009,2504040,0.528902,0.473868253097035,0.859018635550947,0.567264574323948,3,6,2
"253","DE40","Brandenburg",2010,2504040,0.521661,0.48690824560519,0.86020799605235,0.542664535607652,3,6,2
"254","DE40","Brandenburg",2011,2504040,0.517427,0.520603886901975,0.847036104415247,0.516076582333589,5,9,3
"255","DE40","Brandenburg",2012,2504040,0.459005,0.454014984257318,0.846036036483151,0.499987836285568,4,7,2
"256","DE40","Brandenburg",2013,2504040,0.478742,0.510687968242207,0.837925536811769,0.479694435367989,4,8,2
"257","DE40","Brandenburg",2014,2504040,0.464334,0.515609169667074,0.834676186466615,0.457386366815838,5,9,3
"258","DE40","Brandenburg",2015,2504040,0.429111,0.501395643687026,0.826370553358175,0.429455709074544,5,9,3
"259","DE40","Brandenburg",2016,2504040,0.398187,0.4861825908289,0.82119897717398,0.405549370305255,4,8,2
"260","DE40","Brandenburg",2017,2504040,0.351751,0.459030513564703,0.811196217369877,0.376193776287994,4,7,2
"261","DE50","Bremen",1998,681032,0.778472,0.678333394895635,0.93331130956013,0.645963837601483,4,7,2
"262","DE50","Bremen",1999,681032,0.743519,0.645130698706427,0.928402329129333,0.634012269839131,3,6,2
"263","DE50","Bremen",2000,681032,0.710216,0.646013328684571,0.911447226588283,0.602386442855191,3,6,2
"264","DE50","Bremen",2001,681032,0.652896,0.64191637760143,0.883201009412005,0.552630428850345,3,5,2
"265","DE50","Bremen",2002,681032,0.639807,0.614913059719677,0.886094294698696,0.557992829516435,3,5,2
"266","DE50","Bremen",2003,681032,0.642005,0.612643898195796,0.886187555324409,0.563316915558901,3,5,2
"267","DE50","Bremen",2004,681032,0.660436,0.636977391520743,0.88210036063174,0.569468846251825,4,7,2
"268","DE50","Bremen",2005,681032,0.664161,0.599984942126587,0.888151355666096,0.605745336315793,4,7,2
"269","DE50","Bremen",2006,681032,0.619458,0.562772022157758,0.884510093667834,0.582571877225993,3,5,2
"270","DE50","Bremen",2007,681032,0.589237,0.556388050156271,0.880463072184908,0.549718499691484,3,6,2
"271","DE50","Bremen",2008,681032,0.521622,0.520455515818751,0.85335806858719,0.515911580003262,3,5,2
"272","DE50","Bremen",2009,681032,0.515188,0.499973407584871,0.860344135823741,0.520191714957404,3,5,2
"273","DE50","Bremen",2010,681032,0.483576,0.461010092039526,0.864099225950358,0.51012328768823,3,5,2
"274","DE50","Bremen",2011,681032,0.456415,0.461334647445117,0.853081129743469,0.481913975367301,3,6,2
"275","DE50","Bremen",2012,681032,0.389312,0.386071570425908,0.848335521012854,0.46581210530837,2,3,2
"276","DE50","Bremen",2013,681032,0.408116,0.43364886117997,0.845579896029604,0.447923180620647,3,6,2
"277","DE50","Bremen",2014,681032,0.385539,0.419445270509311,0.842532677122205,0.432836379572655,3,6,2
"278","DE50","Bremen",2015,681032,0.359884,0.406075534794972,0.839020164790376,0.412974179024948,3,6,2
"279","DE50","Bremen",2016,681032,0.333519,0.391570320539692,0.834465870698439,0.394270638645756,3,6,2
"280","DE50","Bremen",2017,681032,0.334156,0.42755561527713,0.826488786062344,0.367174769216148,3,6,2
"281","DE60","Hamburg",1998,1830584,0.641485,0.661756609766303,0.872887986777581,0.526759478169804,1,1,1
"282","DE60","Hamburg",1999,1830584,0.606858,0.646081394181388,0.863307201053476,0.502419040876177,1,1,1
"283","DE60","Hamburg",2000,1830584,0.571843,0.641427424949531,0.849416433195887,0.470812581323621,1,1,1
"284","DE60","Hamburg",2001,1830584,0.514356,0.630418101720904,0.812849857948717,0.436050343326672,1,1,1
"285","DE60","Hamburg",2002,1830584,0.502756,0.606834822390834,0.8154614993099,0.44040748920196,1,1,1
"286","DE60","Hamburg",2003,1830584,0.501432,0.59339684795292,0.812135398543166,0.455274378045252,1,1,1
"287","DE60","Hamburg",2004,1830584,0.489077,0.580671748140747,0.807962077439317,0.45447665979039,1,1,1
"288","DE60","Hamburg",2005,1830584,0.490916,0.559515166544979,0.814787641197172,0.471442766553402,1,1,1
"289","DE60","Hamburg",2006,1830584,0.46542,0.541969292192198,0.807365954430593,0.459892382494122,1,1,1
"290","DE60","Hamburg",2007,1830584,0.414891,0.502072772964348,0.806798929215056,0.427983709952815,1,1,1
"291","DE60","Hamburg",2008,1830584,0.337259,0.445224212168413,0.783669031809226,0.396771195057094,1,1,1
"292","DE60","Hamburg",2009,1830584,0.300398,0.397925773932354,0.779710923069435,0.395231416311927,1,1,1
"293","DE60","Hamburg",2010,1830584,0.212113,0.27593288979932,0.788607944905408,0.381877864456091,1,1,1
"294","DE60","Hamburg",2011,1830584,0.200291,0.323324045534675,0.763521029770093,0.34264089700562,1,1,1
"295","DE60","Hamburg",2012,1830584,0.170327,0.310435952672113,0.755842892703697,0.320290562510801,1,1,1
"296","DE60","Hamburg",2013,1830584,0.100371,0.236404771444069,0.75018102092495,0.299786020670202,1,1,1
"297","DE60","Hamburg",2014,1830584,0.088772,0.235237552513872,0.749595740632244,0.284925238903271,1,1,1
"298","DE60","Hamburg",2015,1830584,0.060376,0.225338913023149,0.739250948815376,0.264497067318609,1,1,1
"299","DE60","Hamburg",2016,1830584,0.032323,0.211644343837962,0.735342091781627,0.241921188729757,1,1,1
"300","DE60","Hamburg",2017,1830584,0,0.203934299545511,0.721144665448346,0.217532090648172,1,1,1
"301","DE71","Darmstadt",1998,3978050,0.625009,0.654927628529191,0.870510513803183,0.512367423907227,1,1,1
"302","DE71","Darmstadt",1999,3978050,0.605245,0.659137938517636,0.861113177775283,0.489246200120563,1,1,1
"303","DE71","Darmstadt",2000,3978050,0.564243,0.644417028798872,0.846498566622663,0.459854342802305,1,1,1
"304","DE71","Darmstadt",2001,3978050,0.488444,0.620847052800641,0.809386444478929,0.411971566485463,1,1,1
"305","DE71","Darmstadt",2002,3978050,0.476356,0.602530069291196,0.810817831204817,0.411543478282434,1,1,1
"306","DE71","Darmstadt",2003,3978050,0.480727,0.597896520641587,0.810447453754618,0.422807528599474,1,1,1
"307","DE71","Darmstadt",2004,3978050,0.479375,0.585197028576821,0.811884093168001,0.432133816719624,1,1,1
"308","DE71","Darmstadt",2005,3978050,0.489416,0.58127846974836,0.814662737508733,0.447655972283546,1,1,1
"309","DE71","Darmstadt",2006,3978050,0.466544,0.563701687012661,0.807595677759716,0.439539956120416,1,1,1
"310","DE71","Darmstadt",2007,3978050,0.432214,0.552249448376839,0.799229129237319,0.410188113401187,1,1,1
"311","DE71","Darmstadt",2008,3978050,0.371541,0.513907184046469,0.784023403901617,0.376835415117351,1,1,1
"312","DE71","Darmstadt",2009,3978050,0.362522,0.497602663240668,0.784616418022077,0.379628910433948,1,1,1
"313","DE71","Darmstadt",2010,3978050,0.333481,0.461538237148267,0.788262895478037,0.370451476531356,1,1,1
"314","DE71","Darmstadt",2011,3978050,0.289094,0.435335000512193,0.777702166073374,0.343640917588996,1,1,1
"315","DE71","Darmstadt",2012,3978050,0.259112,0.413856350994338,0.770128235945458,0.329749688948094,1,2,1
"316","DE71","Darmstadt",2013,3978050,0.211019,0.361095671575304,0.766041296500118,0.317714106203349,1,1,1
"317","DE71","Darmstadt",2014,3978050,0.17666,0.336185426955479,0.757574393832232,0.301879055823491,1,1,1
"318","DE71","Darmstadt",2015,3978050,0.15344,0.33079298296829,0.750514676515554,0.281074678695783,1,1,1
"319","DE71","Darmstadt",2016,3978050,0.149553,0.35392356739806,0.743679802076361,0.259210493682827,1,1,1
"320","DE71","Darmstadt",2017,3978050,0.122549,0.349451130810086,0.730578593865511,0.238107010780532,1,1,1
"321","DE72","Gießen",1998,1045807,0.72917,0.724890009403295,0.88528295962172,0.576821453915153,2,4,2
"322","DE72","Gießen",1999,1045807,0.705868,0.718054892139115,0.878006112219833,0.557557319807441,2,4,2
"323","DE72","Gießen",2000,1045807,0.669395,0.715766683160421,0.869648832082803,0.515963797448975,2,4,2
"324","DE72","Gießen",2001,1045807,0.618403,0.712503503394158,0.840512958694958,0.475327664835467,2,4,2
"325","DE72","Gießen",2002,1045807,0.602216,0.687176398994772,0.841582843475767,0.476399565087022,2,3,2
"326","DE72","Gießen",2003,1045807,0.611146,0.693191847477918,0.842178557915772,0.482579264282608,2,3,2
"327","DE72","Gießen",2004,1045807,0.602192,0.673927346523726,0.842253414337942,0.488944160550466,2,4,2
"328","DE72","Gießen",2005,1045807,0.60866,0.658912966091614,0.843973593535296,0.511501840898593,2,4,2
"329","DE72","Gießen",2006,1045807,0.591684,0.656230599055693,0.837054045827185,0.496789315846993,2,4,2
"330","DE72","Gießen",2007,1045807,0.560169,0.648857110917152,0.828377223338277,0.467701489727744,2,4,2
"331","DE72","Gießen",2008,1045807,0.512134,0.604291877505712,0.81299872398657,0.458845035362586,2,4,2
"332","DE72","Gießen",2009,1045807,0.507908,0.592635606883463,0.812428183295155,0.465018309528943,3,5,2
"333","DE72","Gießen",2010,1045807,0.477498,0.562092386741448,0.814769847566228,0.449664800650299,3,5,2
"334","DE72","Gießen",2011,1045807,0.437974,0.545447773092126,0.80510674632765,0.419362400364373,3,6,2
"335","DE72","Gießen",2012,1045807,0.407051,0.520371532826003,0.799918453395889,0.405336116651975,3,5,2
"336","DE72","Gießen",2013,1045807,0.358695,0.470649326420142,0.794526875851822,0.391190557028911,2,3,2
"337","DE72","Gießen",2014,1045807,0.345379,0.475169692228477,0.787591967332353,0.374532716642693,2,4,2
"338","DE72","Gießen",2015,1045807,0.332788,0.478050418700194,0.783420993703291,0.357788899022367,2,4,2
"339","DE72","Gießen",2016,1045807,0.327257,0.498614668940054,0.775752272799919,0.336971556557471,3,5,2
"340","DE72","Gießen",2017,1045807,0.30522,0.497802249049682,0.764364685745402,0.317607980629317,3,5,2
"341","DE73","Kassel",1998,1219405,0.770197,0.756261869857914,0.90080652449535,0.588687406098467,3,6,2
"342","DE73","Kassel",1999,1219405,0.744268,0.7443131644927,0.894036572462773,0.570269006005076,4,7,2
"343","DE73","Kassel",2000,1219405,0.719294,0.759102380747037,0.885980611476894,0.527765086143345,4,7,2
"344","DE73","Kassel",2001,1219405,0.66526,0.741185377283091,0.856131249048785,0.498139878443919,3,6,2
"345","DE73","Kassel",2002,1219405,0.64739,0.717885748274151,0.856394785374363,0.49558092514961,3,5,2
"346","DE73","Kassel",2003,1219405,0.656494,0.729552650426864,0.857078953032854,0.496268505706231,3,6,2
"347","DE73","Kassel",2004,1219405,0.647039,0.716363922884564,0.852972869020714,0.500021161384452,3,5,2
"348","DE73","Kassel",2005,1219405,0.652437,0.70114574405757,0.856632931748007,0.51931090260054,3,6,2
"349","DE73","Kassel",2006,1219405,0.626846,0.691498239669405,0.853024595332758,0.495913971265442,3,6,2
"350","DE73","Kassel",2007,1219405,0.593889,0.685328849339112,0.845594751535599,0.462309110482913,3,6,2
"351","DE73","Kassel",2008,1219405,0.544981,0.635880316752723,0.831424252399845,0.455877335371093,3,6,2
"352","DE73","Kassel",2009,1219405,0.546226,0.633077243117612,0.831422366939392,0.460464853441816,4,7,2
"353","DE73","Kassel",2010,1219405,0.513899,0.613687682263114,0.831806874762265,0.433169350040291,3,6,2
"354","DE73","Kassel",2011,1219405,0.467091,0.588370665206566,0.823310446313932,0.399939596544023,3,6,2
"355","DE73","Kassel",2012,1219405,0.448829,0.583944430482978,0.81934247323806,0.382177785295263,3,6,2
"356","DE73","Kassel",2013,1219405,0.388939,0.520735962212091,0.8146863719027,0.364262824389779,3,5,2
"357","DE73","Kassel",2014,1219405,0.382162,0.533656544515702,0.808085675882736,0.348235590057766,3,6,2
"358","DE73","Kassel",2015,1219405,0.358794,0.524907040991912,0.802170104037482,0.32943141578495,3,6,2
"359","DE73","Kassel",2016,1219405,0.356201,0.544903161058646,0.796029258596426,0.311862094765323,3,6,2
"360","DE73","Kassel",2017,1219405,0.322734,0.535429541359573,0.783757401964733,0.285672517175718,3,6,2
"361","DE80","Mecklenburg-Vorpommern",1998,1611119,0.894436,0.732622228806128,0.939815511176292,0.751265300409948,5,10,3
"362","DE80","Mecklenburg-Vorpommern",1999,1611119,0.879974,0.738113081807325,0.934257272154366,0.730619223638221,5,10,3
"363","DE80","Mecklenburg-Vorpommern",2000,1611119,0.863127,0.734067333493658,0.929929667275745,0.714862586490228,5,10,3
"364","DE80","Mecklenburg-Vorpommern",2001,1611119,0.940773,0.879867304526443,0.924348506873738,0.685855399113745,5,10,3
"365","DE80","Mecklenburg-Vorpommern",2002,1611119,0.836352,0.72341408971101,0.923472492123451,0.693623432251283,5,10,3
"366","DE80","Mecklenburg-Vorpommern",2003,1611119,0.83797,0.708019390436884,0.920384437871672,0.714423287744251,5,10,3
"367","DE80","Mecklenburg-Vorpommern",2004,1611119,0.826782,0.685857877429402,0.919759826861216,0.721184856236728,5,10,3
"368","DE80","Mecklenburg-Vorpommern",2005,1611119,0.828131,0.681003474042608,0.923899415005665,0.723832338596543,5,10,3
"369","DE80","Mecklenburg-Vorpommern",2006,1611119,0.807619,0.676405942108658,0.919101927826953,0.703848100707348,5,10,3
"370","DE80","Mecklenburg-Vorpommern",2007,1611119,0.740082,0.625658443942445,0.911129640039562,0.66583468920137,5,10,3
"371","DE80","Mecklenburg-Vorpommern",2008,1611119,0.601408,0.489493685744834,0.891060157159991,0.623447897745455,5,9,3
"372","DE80","Mecklenburg-Vorpommern",2009,1611119,0.645238,0.582193955365833,0.878794753064613,0.605790090396802,5,10,3
"373","DE80","Mecklenburg-Vorpommern",2010,1611119,0.656627,0.61890645327607,0.879252437619331,0.584931775832958,5,10,3
"374","DE80","Mecklenburg-Vorpommern",2011,1611119,0.642535,0.631309960275275,0.868558664942118,0.563039529287175,5,10,3
"375","DE80","Mecklenburg-Vorpommern",2012,1611119,0.59824,0.591770531706582,0.867049071080095,0.540644603180006,5,10,3
"376","DE80","Mecklenburg-Vorpommern",2013,1611119,0.571553,0.57441066444004,0.862195949838224,0.524634429067783,5,10,3
"377","DE80","Mecklenburg-Vorpommern",2014,1611119,0.52153,0.530985379318448,0.857049002028709,0.501559417450709,5,10,3
"378","DE80","Mecklenburg-Vorpommern",2015,1611119,0.486736,0.514410097018317,0.84986413227498,0.475484511784975,5,10,3
"379","DE80","Mecklenburg-Vorpommern",2016,1611119,0.472437,0.523736652154046,0.846208142900449,0.449332783510734,5,10,3
"380","DE80","Mecklenburg-Vorpommern",2017,1611119,0.436892,0.514527137780013,0.836544072746793,0.417295738376559,5,10,3
"381","DE91","Braunschweig",1998,1595734,0.774317,0.720563379280515,0.902826667013188,0.628268167862584,4,7,2
"382","DE91","Braunschweig",1999,1595734,0.741203,0.699487736607037,0.896556346258295,0.608183995539463,3,6,2
"383","DE91","Braunschweig",2000,1595734,0.710049,0.701604696903057,0.885773898345992,0.572228394622536,3,6,2
"384","DE91","Braunschweig",2001,1595734,0.66636,0.688854318826693,0.867812137748244,0.540365262361086,3,6,2
"385","DE91","Braunschweig",2002,1595734,0.662768,0.683784384532833,0.867052353478089,0.54105092756273,3,6,2
"386","DE91","Braunschweig",2003,1595734,0.667084,0.693430808559795,0.865103167020762,0.539534965896351,4,7,2
"387","DE91","Braunschweig",2004,1595734,0.653382,0.669845249666095,0.863547669452908,0.545050413741407,3,6,2
"388","DE91","Braunschweig",2005,1595734,0.650587,0.639439333695233,0.868144084461385,0.566857527870056,3,5,2
"389","DE91","Braunschweig",2006,1595734,0.623334,0.620839987336852,0.863101251973466,0.551465387530535,3,6,2
"390","DE91","Braunschweig",2007,1595734,0.576669,0.581009471025204,0.857118875442202,0.530440494077449,3,5,2
"391","DE91","Braunschweig",2008,1595734,0.542703,0.582220160101098,0.840029988248774,0.497668670806262,3,6,2
"392","DE91","Braunschweig",2009,1595734,0.512201,0.545084926562266,0.835448232799876,0.495697990690797,3,5,2
"393","DE91","Braunschweig",2010,1595734,0.476888,0.511440093073593,0.837528264360617,0.476683882616444,3,5,2
"394","DE91","Braunschweig",2011,1595734,0.388481,0.436067319245578,0.824871795447176,0.438089119023907,2,3,2
"395","DE91","Braunschweig",2012,1595734,0.395044,0.480410992991052,0.815586976233134,0.412431356366681,2,4,2
"396","DE91","Braunschweig",2013,1595734,0.370923,0.470924786124701,0.809085383023682,0.393869473638111,2,4,2
"397","DE91","Braunschweig",2014,1595734,0.343892,0.461547464657074,0.801187999861448,0.37242878192837,2,3,2
"398","DE91","Braunschweig",2015,1595734,0.308002,0.437430353615938,0.794788166944063,0.351540712699179,2,3,2
"399","DE91","Braunschweig",2016,1595734,0.288694,0.428750153372931,0.789095426211176,0.33825893186882,2,3,2
"400","DE91","Braunschweig",2017,1595734,0.264748,0.42811215275473,0.777469815140884,0.316225062864196,2,3,2
"401","DE92","Hannover",1998,2144120,0.756688,0.714827069953132,0.907820236436404,0.603760467843241,3,6,2
"402","DE92","Hannover",1999,2144120,0.732148,0.704912549829976,0.901252883022965,0.58509328398153,3,6,2
"403","DE92","Hannover",2000,2144120,0.694139,0.702548635209726,0.887678372011747,0.546592700203075,3,6,2
"404","DE92","Hannover",2001,2144120,0.66096,0.705992437369172,0.869070301186811,0.514235094169691,3,5,2
"405","DE92","Hannover",2002,2144120,0.65466,0.691280019938735,0.870379473066279,0.518614130464473,3,6,2
"406","DE92","Hannover",2003,2144120,0.663745,0.696937895267369,0.869610039699917,0.526737877056276,3,6,2
"407","DE92","Hannover",2004,2144120,0.647765,0.677971566245673,0.863442819166737,0.528984436394068,3,6,2
"408","DE92","Hannover",2005,2144120,0.65497,0.64507774526665,0.869926068918408,0.565713527502935,3,6,2
"409","DE92","Hannover",2006,2144120,0.626894,0.631334451490452,0.865595413248434,0.543574782517641,3,6,2
"410","DE92","Hannover",2007,2144120,0.583756,0.600991060142211,0.860815352572747,0.516912562526969,3,6,2
"411","DE92","Hannover",2008,2144120,0.552149,0.598741423895916,0.844278551016364,0.490428350149869,3,6,2
"412","DE92","Hannover",2009,2144120,0.516625,0.554184822017039,0.838729019331311,0.489653431449888,3,6,2
"413","DE92","Hannover",2010,2144120,0.486872,0.521754133118643,0.842223671339751,0.475975180333745,3,5,2
"414","DE92","Hannover",2011,2144120,0.396648,0.43611491204353,0.830183031316624,0.444428230416168,2,4,2
"415","DE92","Hannover",2012,2144120,0.413626,0.486676710028255,0.824390703102534,0.423975927398189,3,5,2
"416","DE92","Hannover",2013,2144120,0.3952,0.479919155219621,0.819630644346509,0.409102190494977,3,6,2
"417","DE92","Hannover",2014,2144120,0.367267,0.464097114250211,0.811631199429824,0.392915070284183,3,5,2
"418","DE92","Hannover",2015,2144120,0.343638,0.455444368545937,0.806265109194981,0.373090898254578,3,5,2
"419","DE92","Hannover",2016,2144120,0.317409,0.43736049455006,0.801686659240808,0.358185109781464,2,4,2
"420","DE92","Hannover",2017,2144120,0.294331,0.441358556298373,0.790319320732106,0.332501137334989,2,4,2
"421","DE93","Lüneburg",1998,1706464,0.803834,0.77258941644976,0.894548235608454,0.626796749588949,4,8,2
"422","DE93","Lüneburg",1999,1706464,0.784766,0.767282419922561,0.888335273628936,0.61100522726562,4,8,2
"423","DE93","Lüneburg",2000,1706464,0.762295,0.776251487728916,0.878674181888308,0.579512553065432,4,8,2
"424","DE93","Lüneburg",2001,1706464,0.725648,0.764628172217346,0.862122278854997,0.555198290407031,4,8,2
"425","DE93","Lüneburg",2002,1706464,0.724433,0.759093208601292,0.863884556742252,0.557231008593783,4,8,2
"426","DE93","Lüneburg",2003,1706464,0.728707,0.758914835189763,0.861395787510917,0.566020490174336,4,8,2
"427","DE93","Lüneburg",2004,1706464,0.72154,0.747012201640038,0.859691308545091,0.569362742481196,5,9,3
"428","DE93","Lüneburg",2005,1706464,0.731824,0.73611456440425,0.86319695543995,0.59148362897167,5,9,3
"429","DE93","Lüneburg",2006,1706464,0.697217,0.709571184700886,0.856132077996958,0.575524175031523,5,9,3
"430","DE93","Lüneburg",2007,1706464,0.665275,0.696609663773208,0.849384418948265,0.549483995223578,5,9,3
"431","DE93","Lüneburg",2008,1706464,0.626175,0.682686783592346,0.833684528521605,0.523103852706293,5,10,3
"432","DE93","Lüneburg",2009,1706464,0.593948,0.647480744940152,0.830583569580342,0.515253201616013,5,9,3
"433","DE93","Lüneburg",2010,1706464,0.569414,0.623097510292522,0.832900946794389,0.502179229545024,5,9,3
"434","DE93","Lüneburg",2011,1706464,0.472589,0.525961206632422,0.820060216129792,0.473474732067176,4,7,2
"435","DE93","Lüneburg",2012,1706464,0.502724,0.594544890092696,0.810266138653274,0.457846954842071,5,9,3
"436","DE93","Lüneburg",2013,1706464,0.480316,0.581403700784371,0.80362119187122,0.445537414697376,4,8,2
"437","DE93","Lüneburg",2014,1706464,0.447934,0.563176776246593,0.795831308222306,0.425174238862947,4,8,2
"438","DE93","Lüneburg",2015,1706464,0.417763,0.542073826864322,0.789696512348834,0.409198647785669,4,8,2
"439","DE93","Lüneburg",2016,1706464,0.405666,0.544035745625677,0.784600112953489,0.395006701683352,5,9,3
"440","DE93","Lüneburg",2017,1706464,0.381174,0.545415299225141,0.772834759627621,0.37031320989638,4,8,2
"441","DE94","Weser-Ems",1998,2516457,0.828685,0.773372340155546,0.908024323662643,0.648131115519182,5,9,3
"442","DE94","Weser-Ems",1999,2516457,0.801784,0.757564376470963,0.902497319735436,0.630936855837602,5,9,3
"443","DE94","Weser-Ems",2000,2516457,0.780835,0.766305292825838,0.895778319500958,0.598909541091734,5,9,3
"444","DE94","Weser-Ems",2001,2516457,0.747892,0.758763354924905,0.881621326265815,0.573424200848535,5,9,3
"445","DE94","Weser-Ems",2002,2516457,0.74826,0.756015164603062,0.88295153937803,0.575370160696147,5,9,3
"446","DE94","Weser-Ems",2003,2516457,0.756864,0.764574186998429,0.880387623544042,0.581698510455849,5,9,3
"447","DE94","Weser-Ems",2004,2516457,0.739253,0.736916229427883,0.877972751135878,0.58654635433669,5,9,3
"448","DE94","Weser-Ems",2005,2516457,0.748659,0.726645334139151,0.881099141611942,0.60716311559387,5,9,3
"449","DE94","Weser-Ems",2006,2516457,0.725533,0.718193675243646,0.87487192456309,0.588719328064697,5,10,3
"450","DE94","Weser-Ems",2007,2516457,0.680142,0.686386846453982,0.86965210125477,0.560732892179229,5,10,3
"451","DE94","Weser-Ems",2008,2516457,0.651945,0.688745320914712,0.855151136429763,0.53248958305672,5,10,3
"452","DE94","Weser-Ems",2009,2516457,0.625837,0.657008855269434,0.850611792278705,0.531370292570769,5,10,3
"453","DE94","Weser-Ems",2010,2516457,0.605444,0.639485398031722,0.854154002176478,0.516143408825984,5,10,3
"454","DE94","Weser-Ems",2011,2516457,0.509293,0.549058366631149,0.840108888778607,0.48289908571058,4,8,2
"455","DE94","Weser-Ems",2012,2516457,0.536252,0.615254640685387,0.829727394742069,0.465697518518716,5,10,3
"456","DE94","Weser-Ems",2013,2516457,0.515124,0.603593256559212,0.824609905611934,0.452214312547512,5,10,3
"457","DE94","Weser-Ems",2014,2516457,0.488918,0.590621476093254,0.817153220203647,0.435109229594854,5,10,3
"458","DE94","Weser-Ems",2015,2516457,0.463705,0.580699544921122,0.811082416179883,0.41498909785948,5,10,3
"459","DE94","Weser-Ems",2016,2516457,0.446731,0.575291317230135,0.806987478941414,0.400180689014437,5,10,3
"460","DE94","Weser-Ems",2017,2516457,0.430165,0.587001088393684,0.796320489586364,0.375410579481053,5,10,3
"461","DEA1","Düsseldorf",1998,5198820,0.719738,0.668183210792027,0.912377160722858,0.592923753807157,2,3,2
"462","DEA1","Düsseldorf",1999,5198820,0.691579,0.648704900711765,0.905767996254475,0.578679868866007,2,3,2
"463","DEA1","Düsseldorf",2000,5198820,0.647308,0.640613097226187,0.88815213892892,0.540979209833696,2,3,2
"464","DEA1","Düsseldorf",2001,5198820,0.597781,0.645384531998923,0.860852531384259,0.492570170390292,1,2,1
"465","DEA1","Düsseldorf",2002,5198820,0.599566,0.648419911581957,0.861112372466611,0.491831034775182,2,3,2
"466","DEA1","Düsseldorf",2003,5198820,0.598683,0.637341400582025,0.85866230021671,0.504094400003627,2,3,2
"467","DEA1","Düsseldorf",2004,5198820,0.590939,0.628500823701712,0.850936964509384,0.509569643683656,2,3,2
"468","DEA1","Düsseldorf",2005,5198820,0.606821,0.620329127998461,0.858435904318347,0.532989888577385,2,3,2
"469","DEA1","Düsseldorf",2006,5198820,0.589083,0.595764888981101,0.858521869559352,0.532061957690752,2,4,2
"470","DEA1","Düsseldorf",2007,5198820,0.563148,0.589113306321585,0.853933279684147,0.506155207082415,3,5,2
"471","DEA1","Düsseldorf",2008,5198820,0.515432,0.56610705699018,0.838363459603239,0.476388354026995,2,4,2
"472","DEA1","Düsseldorf",2009,5198820,0.500599,0.54523499879298,0.834666923738368,0.479712227252123,2,4,2
"473","DEA1","Düsseldorf",2010,5198820,0.473723,0.518144275646254,0.837508252045447,0.46546747481063,2,4,2
"474","DEA1","Düsseldorf",2011,5198820,0.42478,0.492721632687855,0.82368468366481,0.434613160595192,3,5,2
"475","DEA1","Düsseldorf",2012,5198820,0.392563,0.46678190048118,0.8199122901962,0.418180722619965,2,4,2
"476","DEA1","Düsseldorf",2013,5198820,0.33696,0.399303848974889,0.816744644932783,0.40918748639881,2,3,2
"477","DEA1","Düsseldorf",2014,5198820,0.355998,0.452030142080901,0.811923004898483,0.388549602722948,2,4,2
"478","DEA1","Düsseldorf",2015,5198820,0.33111,0.430537342309951,0.808717683821535,0.377601447731875,2,4,2
"479","DEA1","Düsseldorf",2016,5198820,0.305533,0.417558692864279,0.805142754081873,0.357521140486096,2,4,2
"480","DEA1","Düsseldorf",2017,5198820,0.283458,0.419401068175453,0.795750260394974,0.333454397727491,2,4,2
"481","DEA2","Köln",1998,4454228,0.678705,0.625366372016506,0.896455870652984,0.592890874025168,1,2,1
"482","DEA2","Köln",1999,4454228,0.650862,0.606270549224629,0.889810124216009,0.57875318759317,1,2,1
"483","DEA2","Köln",2000,4454228,0.603826,0.598331436116564,0.874076899675085,0.535056648546543,1,2,1
"484","DEA2","Köln",2001,4454228,0.547515,0.588427683806915,0.847589029176756,0.49079394000457,1,2,1
"485","DEA2","Köln",2002,4454228,0.549568,0.590836230276343,0.848408895748391,0.490506138552439,1,2,1
"486","DEA2","Köln",2003,4454228,0.555693,0.587726410498919,0.844801779414575,0.505995757232898,1,2,1
"487","DEA2","Köln",2004,4454228,0.545377,0.570344518269768,0.84109169054057,0.512312493007204,1,2,1
"488","DEA2","Köln",2005,4454228,0.561396,0.564934150774512,0.848592777783783,0.533165445230264,1,2,1
"489","DEA2","Köln",2006,4454228,0.544928,0.545108837158567,0.845648171856814,0.532349224599143,1,2,1
"490","DEA2","Köln",2007,4454228,0.516004,0.533817636136942,0.840264592856848,0.507595905749573,1,2,1
"491","DEA2","Köln",2008,4454228,0.46591,0.507878567662503,0.823733400735958,0.478317341791914,1,2,1
"492","DEA2","Köln",2009,4454228,0.445537,0.484856123761273,0.819100583669313,0.47679192493245,1,2,1
"493","DEA2","Köln",2010,4454228,0.421622,0.463353050508499,0.822354779093527,0.460788851839903,1,2,1
"494","DEA2","Köln",2011,4454228,0.371212,0.437751893427477,0.807228321928537,0.429314236511362,2,3,2
"495","DEA2","Köln",2012,4454228,0.335475,0.409271104304602,0.801490397092349,0.412346541740188,2,3,2
"496","DEA2","Köln",2013,4454228,0.277808,0.337550642496845,0.798659921325989,0.404302580097267,1,2,1
"497","DEA2","Köln",2014,4454228,0.295645,0.388446258533542,0.792754026532204,0.384859437876173,1,2,1
"498","DEA2","Köln",2015,4454228,0.265361,0.364241305932292,0.785503577443535,0.372939646872172,1,2,1
"499","DEA2","Köln",2016,4454228,0.23823,0.353708948208295,0.780661272069915,0.349455749009863,1,2,1
"500","DEA2","Köln",2017,4454228,0.205781,0.342851666729313,0.770146582015097,0.324350475355139,1,2,1
"501","DEA3","Münster",1998,2621153,0.736974,0.665360310384158,0.90304920516039,0.629761763406011,2,4,2
"502","DEA3","Münster",1999,2621153,0.720738,0.662912133289751,0.896375257406744,0.615629316335214,3,5,2
"503","DEA3","Münster",2000,2621153,0.685727,0.66033540439556,0.885116743523174,0.579318287084718,3,5,2
"504","DEA3","Münster",2001,2621153,0.644316,0.660506106834262,0.862319604394873,0.542632017667145,3,5,2
"505","DEA3","Münster",2002,2621153,0.650195,0.665538661469692,0.862740387973102,0.545599593085524,3,6,2
"506","DEA3","Münster",2003,2621153,0.651756,0.660262887342312,0.859934373806218,0.555916854589916,3,5,2
"507","DEA3","Münster",2004,2621153,0.647559,0.659642323915506,0.850855983589937,0.559605358763723,3,5,2
"508","DEA3","Münster",2005,2621153,0.656281,0.650305993241788,0.855454745952303,0.576834913793113,4,7,2
"509","DEA3","Münster",2006,2621153,0.638193,0.637647336815025,0.852750655841505,0.56629068008832,4,7,2
"510","DEA3","Münster",2007,2621153,0.606377,0.625006408559001,0.847979759739242,0.538133234322742,4,7,2
"511","DEA3","Münster",2008,2621153,0.567236,0.61166666812451,0.833355454179442,0.510035221139737,4,7,2
"512","DEA3","Münster",2009,2621153,0.551664,0.589080456956925,0.832201223376178,0.511471594898295,4,7,2
"513","DEA3","Münster",2010,2621153,0.530807,0.572251692512851,0.834715839506969,0.495913424314262,4,7,2
"514","DEA3","Münster",2011,2621153,0.490322,0.553095181402838,0.824262699792603,0.467535981979124,4,7,2
"515","DEA3","Münster",2012,2621153,0.462523,0.533700734429179,0.82082801955448,0.450548833995158,4,7,2
"516","DEA3","Münster",2013,2621153,0.39749,0.457331641676326,0.815279521703903,0.439321347352978,3,6,2
"517","DEA3","Münster",2014,2621153,0.426565,0.522070672047379,0.809741845826559,0.421763761852986,4,7,2
"518","DEA3","Münster",2015,2621153,0.40801,0.511350308459469,0.80435680924113,0.411292049350609,4,8,2
"519","DEA3","Münster",2016,2621153,0.390022,0.50734061418245,0.799694505162542,0.394200171717242,4,8,2
"520","DEA3","Münster",2017,2621153,0.367348,0.508217458361879,0.789586169121568,0.370956977685303,4,8,2
"521","DEA4","Detmold",1998,2054343,0.719652,0.689573438566398,0.889678302911588,0.594109505981382,2,3,2
"522","DEA4","Detmold",1999,2054343,0.699019,0.680796588422818,0.883191750778719,0.579820787187389,2,4,2
"523","DEA4","Detmold",2000,2054343,0.65942,0.674038979075565,0.86915771785365,0.543895266134211,2,3,2
"524","DEA4","Detmold",2001,2054343,0.609992,0.671986302409353,0.844127637939593,0.500181853951507,2,3,2
"525","DEA4","Detmold",2002,2054343,0.612405,0.664181295846385,0.845702581566767,0.509868538890301,2,4,2
"526","DEA4","Detmold",2003,2054343,0.61407,0.654510178393327,0.843575205016084,0.524052454691883,2,4,2
"527","DEA4","Detmold",2004,2054343,0.601942,0.642372602941672,0.835591794745604,0.526802073092862,2,3,2
"528","DEA4","Detmold",2005,2054343,0.611701,0.632857864963754,0.841442537476661,0.544443400595786,2,4,2
"529","DEA4","Detmold",2006,2054343,0.580775,0.609529846192297,0.838730118172785,0.5261888435139,2,4,2
"530","DEA4","Detmold",2007,2054343,0.549303,0.603775513958871,0.833315857406308,0.492281157110979,2,4,2
"531","DEA4","Detmold",2008,2054343,0.502366,0.580736679603565,0.817783714797248,0.463623909351941,2,3,2
"532","DEA4","Detmold",2009,2054343,0.504933,0.571104861193649,0.819164914981021,0.475552245694594,3,5,2
"533","DEA4","Detmold",2010,2054343,0.476767,0.544662248212929,0.820795734968316,0.460021315591706,2,4,2
"534","DEA4","Detmold",2011,2054343,0.43542,0.528165501321229,0.810060707104602,0.428031997284574,3,6,2
"535","DEA4","Detmold",2012,2054343,0.401332,0.500997788054182,0.805367074916701,0.411069992365229,2,4,2
"536","DEA4","Detmold",2013,2054343,0.341651,0.434061661565065,0.799425235606594,0.398467973572025,2,3,2
"537","DEA4","Detmold",2014,2054343,0.367336,0.496520679708608,0.792072321077774,0.38015023955584,3,5,2
"538","DEA4","Detmold",2015,2054343,0.34975,0.487801265145686,0.788666151995034,0.367087106101502,3,5,2
"539","DEA4","Detmold",2016,2054343,0.323274,0.478120061018106,0.783007930458023,0.344504493174495,3,5,2
"540","DEA4","Detmold",2017,2054343,0.302094,0.481511524812168,0.772066118778319,0.321719787799865,3,5,2
"541","DEA5","Arnsberg",1998,3583590,0.746987,0.680980493703943,0.911013227052488,0.62051977882328,3,5,2
"542","DEA5","Arnsberg",1999,3583590,0.726941,0.673222540477638,0.904580491878409,0.605998045925698,3,5,2
"543","DEA5","Arnsberg",2000,3583590,0.685231,0.659922652960552,0.892950508586221,0.571187205198105,3,5,2
"544","DEA5","Arnsberg",2001,3583590,0.642975,0.66488030077514,0.867898254235073,0.530759627650748,3,5,2
"545","DEA5","Arnsberg",2002,3583590,0.647633,0.66934756294192,0.86777523677444,0.533085941094061,3,5,2
"546","DEA5","Arnsberg",2003,3583590,0.648726,0.661151368232948,0.865042541908993,0.545581214158438,3,5,2
"547","DEA5","Arnsberg",2004,3583590,0.644518,0.66145960314142,0.853428959401194,0.550859866006403,3,5,2
"548","DEA5","Arnsberg",2005,3583590,0.653565,0.647687055683188,0.858873491170963,0.572145261435429,3,6,2
"549","DEA5","Arnsberg",2006,3583590,0.636748,0.635361515846066,0.855825544661031,0.56343245955596,4,7,2
"550","DEA5","Arnsberg",2007,3583590,0.601609,0.624792928442989,0.850409795842547,0.529086408422635,4,7,2
"551","DEA5","Arnsberg",2008,3583590,0.559325,0.608660715625442,0.836072679017608,0.498993611614642,4,7,2
"552","DEA5","Arnsberg",2009,3583590,0.55441,0.590306264936355,0.835994942480796,0.510386081877703,4,8,2
"553","DEA5","Arnsberg",2010,3583590,0.525459,0.559084460901207,0.839982499854367,0.49615352615755,4,7,2
"554","DEA5","Arnsberg",2011,3583590,0.477537,0.537657379558351,0.827512936640115,0.461412757501246,4,7,2
"555","DEA5","Arnsberg",2012,3583590,0.45343,0.526034942164269,0.823551648500964,0.442467548812289,4,7,2
"556","DEA5","Arnsberg",2013,3583590,0.391633,0.4492138040694,0.822686638124197,0.431642889290907,3,5,2
"557","DEA5","Arnsberg",2014,3583590,0.409381,0.501526853606645,0.817095039594801,0.410341063600733,4,7,2
"558","DEA5","Arnsberg",2015,3583590,0.393875,0.496404330886944,0.814382622004424,0.395966753266813,4,7,2
"559","DEA5","Arnsberg",2016,3583590,0.364543,0.477208620013954,0.809639424708212,0.37789365418932,4,7,2
"560","DEA5","Arnsberg",2017,3583590,0.343967,0.48275872188864,0.798877630423067,0.353635059791112,4,7,2
"561","DEB1","Koblenz",1998,1493055,0.779293,0.773956954194911,0.891118518094055,0.593709517985781,4,7,2
"562","DEB1","Koblenz",1999,1493055,0.760073,0.768192726884314,0.884698927149539,0.578363812533976,4,7,2
"563","DEB1","Koblenz",2000,1493055,0.730844,0.76767627779237,0.87736591996194,0.544349916113427,4,7,2
"564","DEB1","Koblenz",2001,1493055,0.695037,0.757042510257802,0.862176655863424,0.518886751914271,4,7,2
"565","DEB1","Koblenz",2002,1493055,0.69221,0.748249456433696,0.861455924932991,0.524351759753554,4,7,2
"566","DEB1","Koblenz",2003,1493055,0.695175,0.749288729460749,0.857184218873005,0.531830729110232,4,8,2
"567","DEB1","Koblenz",2004,1493055,0.678767,0.725612138373682,0.854429457003097,0.534760167638645,4,8,2
"568","DEB1","Koblenz",2005,1493055,0.688548,0.71893525841329,0.854247640133342,0.555628024735682,4,8,2
"569","DEB1","Koblenz",2006,1493055,0.665565,0.709557666217336,0.847545631651333,0.538790017601337,4,8,2
"570","DEB1","Koblenz",2007,1493055,0.63079,0.695794058901617,0.839236715257692,0.511055034990771,4,8,2
"571","DEB1","Koblenz",2008,1493055,0.588245,0.67310714602966,0.82519066888547,0.486850660010929,4,8,2
"572","DEB1","Koblenz",2009,1493055,0.577329,0.663187009091187,0.816793560968315,0.489533152606162,5,9,3
"573","DEB1","Koblenz",2010,1493055,0.548629,0.634858938524589,0.822765088096659,0.470783422995622,4,8,2
"574","DEB1","Koblenz",2011,1493055,0.517122,0.617381308472772,0.813669531515165,0.452228602473254,4,8,2
"575","DEB1","Koblenz",2012,1493055,0.495243,0.603103968844145,0.809347700342492,0.43949064326086,4,8,2
"576","DEB1","Koblenz",2013,1493055,0.478924,0.602407440320219,0.805075047101721,0.421087077517666,4,8,2
"577","DEB1","Koblenz",2014,1493055,0.458286,0.594009667360964,0.800759751434252,0.404240530002301,5,9,3
"578","DEB1","Koblenz",2015,1493055,0.438973,0.592006532780259,0.792698328866955,0.386642173292412,5,9,3
"579","DEB1","Koblenz",2016,1493055,0.400677,0.55478313593672,0.792845531539349,0.368867670666308,5,9,3
"580","DEB1","Koblenz",2017,1493055,0.382605,0.562279654932113,0.782677031083701,0.345655378947073,5,9,3
"581","DEB2","Trier",1998,529597,0.767968,0.709867974509795,0.88527951639058,0.64741622188375,3,6,2
"582","DEB2","Trier",1999,529597,0.751996,0.705043455639508,0.879588154466108,0.635056266906559,4,7,2
"583","DEB2","Trier",2000,529597,0.731044,0.717290900038167,0.876250159033984,0.59613765952905,4,7,2
"584","DEB2","Trier",2001,529597,0.698085,0.723411409001819,0.860194022290833,0.558866331333053,4,7,2
"585","DEB2","Trier",2002,529597,0.696238,0.715078067405728,0.858726470798078,0.566020957467544,4,8,2
"586","DEB2","Trier",2003,529597,0.680478,0.703793779309176,0.853857025266147,0.559601971035928,4,7,2
"587","DEB2","Trier",2004,529597,0.677259,0.701519259380054,0.852943750047732,0.558179057714866,4,7,2
"588","DEB2","Trier",2005,529597,0.679985,0.695065356412556,0.850798654974496,0.570682453559919,4,7,2
"589","DEB2","Trier",2006,529597,0.655173,0.675326418032241,0.844278226223765,0.561404577211154,4,7,2
"590","DEB2","Trier",2007,529597,0.627087,0.663210402586253,0.83681041875346,0.540760973951629,4,8,2
"591","DEB2","Trier",2008,529597,0.59588,0.643119562032562,0.82222537425234,0.530738407490162,5,9,3
"592","DEB2","Trier",2009,529597,0.594027,0.644861347884182,0.815534102777531,0.533034164468297,5,10,3
"593","DEB2","Trier",2010,529597,0.559279,0.604650399157366,0.820744694643868,0.518265462076026,5,9,3
"594","DEB2","Trier",2011,529597,0.542069,0.600416051319142,0.811525325164897,0.507069227704865,5,9,3
"595","DEB2","Trier",2012,529597,0.526688,0.596292448891725,0.806382087810248,0.494306905696513,5,10,3
"596","DEB2","Trier",2013,529597,0.504996,0.584308439415704,0.803632001014742,0.477971738962296,5,9,3
"597","DEB2","Trier",2014,529597,0.488527,0.585655304663944,0.798075748608331,0.458592503230821,5,10,3
"598","DEB2","Trier",2015,529597,0.480174,0.591834623418708,0.794295522150084,0.444228959497458,5,10,3
"599","DEB2","Trier",2016,529597,0.450742,0.565587775705129,0.793016409606276,0.429600610759725,5,10,3
"600","DEB2","Trier",2017,529597,0.429763,0.565337633869929,0.781884412140876,0.410934270907685,5,10,3
"601","DEB3","Rheinhessen-Pfalz",1998,2051027,0.736002,0.73665575889426,0.88994877902063,0.570174578118921,2,4,2
"602","DEB3","Rheinhessen-Pfalz",1999,2051027,0.71399,0.728086760248168,0.883153945694962,0.554011663585377,3,5,2
"603","DEB3","Rheinhessen-Pfalz",2000,2051027,0.683893,0.725685263477323,0.873910770825074,0.522548712293638,2,4,2
"604","DEB3","Rheinhessen-Pfalz",2001,2051027,0.635293,0.712986419904634,0.85626277180068,0.483285410824681,2,4,2
"605","DEB3","Rheinhessen-Pfalz",2002,2051027,0.625956,0.696830965918982,0.855436914494855,0.48689343801014,2,4,2
"606","DEB3","Rheinhessen-Pfalz",2003,2051027,0.62114,0.689767546347009,0.850078885678946,0.492416542813065,2,4,2
"607","DEB3","Rheinhessen-Pfalz",2004,2051027,0.606005,0.665393957758443,0.848393720186515,0.496797804760857,2,4,2
"608","DEB3","Rheinhessen-Pfalz",2005,2051027,0.598565,0.638784900436657,0.848756349501847,0.512387969663612,2,3,2
"609","DEB3","Rheinhessen-Pfalz",2006,2051027,0.580549,0.630218688529452,0.843518154386845,0.500388079815908,2,3,2
"610","DEB3","Rheinhessen-Pfalz",2007,2051027,0.547688,0.615629910134101,0.836219714335065,0.475209972825205,2,4,2
"611","DEB3","Rheinhessen-Pfalz",2008,2051027,0.504131,0.597586404939376,0.820084222708398,0.447002885659323,2,4,2
"612","DEB3","Rheinhessen-Pfalz",2009,2051027,0.482521,0.56935751026718,0.814343932184918,0.450020303925057,2,3,2
"613","DEB3","Rheinhessen-Pfalz",2010,2051027,0.453408,0.536790569935443,0.817959007279167,0.437273572753739,2,3,2
"614","DEB3","Rheinhessen-Pfalz",2011,2051027,0.421445,0.529382911821684,0.805801837348267,0.411057951498347,3,5,2
"615","DEB3","Rheinhessen-Pfalz",2012,2051027,0.404363,0.526973141492961,0.798101532175611,0.396701291209781,3,5,2
"616","DEB3","Rheinhessen-Pfalz",2013,2051027,0.375908,0.504172480127922,0.797133575816219,0.379713727273494,3,5,2
"617","DEB3","Rheinhessen-Pfalz",2014,2051027,0.362902,0.508099414988523,0.790843299155503,0.363448518148317,3,5,2
"618","DEB3","Rheinhessen-Pfalz",2015,2051027,0.336087,0.494830420991697,0.783432785475667,0.345722405823098,3,5,2
"619","DEB3","Rheinhessen-Pfalz",2016,2051027,0.314645,0.471997781568218,0.783141060602461,0.338134634580557,2,4,2
"620","DEB3","Rheinhessen-Pfalz",2017,2051027,0.298891,0.477851788368368,0.772369612201971,0.320487730179249,3,5,2
"621","DEC0","Saarland",1998,994187,0.800047,0.759637924250297,0.915668766375,0.613204167230262,4,7,2
"622","DEC0","Saarland",1999,994187,0.778438,0.752100615764362,0.909555709278562,0.595903098835288,4,8,2
"623","DEC0","Saarland",2000,994187,0.739586,0.7284232777895,0.902967137508138,0.57052160590047,4,8,2
"624","DEC0","Saarland",2001,994187,0.71084,0.734550891732654,0.88667500423996,0.539514751656456,4,8,2
"625","DEC0","Saarland",2002,994187,0.692648,0.711618328840871,0.8834312882204,0.539633885896994,4,7,2
"626","DEC0","Saarland",2003,994187,0.687561,0.703790321584252,0.880695925835755,0.542911089612685,4,7,2
"627","DEC0","Saarland",2004,994187,0.674325,0.695890293166038,0.874590976864776,0.537958104424301,4,7,2
"628","DEC0","Saarland",2005,994187,0.672017,0.674239943907102,0.87792358652594,0.55297038886723,4,7,2
"629","DEC0","Saarland",2006,994187,0.646624,0.646397357826915,0.881860042537522,0.540507278474764,4,7,2
"630","DEC0","Saarland",2007,994187,0.622212,0.644095648670813,0.875951825588641,0.513751946451596,4,7,2
"631","DEC0","Saarland",2008,994187,0.57845,0.612683015209977,0.865378844177249,0.493058031529131,4,8,2
"632","DEC0","Saarland",2009,994187,0.493348,0.493862091093852,0.852889023167508,0.502477469856784,2,4,2
"633","DEC0","Saarland",2010,994187,0.528439,0.563509241739332,0.85304598137395,0.482933798432871,4,7,2
"634","DEC0","Saarland",2011,994187,0.484543,0.543923027090825,0.841673849607548,0.451020776159136,4,7,2
"635","DEC0","Saarland",2012,994187,0.469699,0.542246492847948,0.836595174519619,0.436514338994294,4,8,2
"636","DEC0","Saarland",2013,994187,0.453297,0.533372869521544,0.834121082679985,0.424369982423291,4,7,2
"637","DEC0","Saarland",2014,994187,0.42844,0.515360699685336,0.831508566141595,0.409391498598749,4,7,2
"638","DEC0","Saarland",2015,994187,0.395554,0.484577847216926,0.826886996949067,0.397693838862377,4,7,2
"639","DEC0","Saarland",2016,994187,0.412285,0.522373615385991,0.823500870422516,0.387247837893412,5,9,3
"640","DEC0","Saarland",2017,994187,0.385496,0.516649614456042,0.815499782204066,0.36260348328517,5,9,3
"641","DED1","Chemnitz",1998,1444953,0.840275,0.7080786225426,0.916627295152302,0.721423299748502,5,10,3
"642","DED1","Chemnitz",1999,1444953,0.838095,0.733859256252841,0.909742089292039,0.699405055287799,5,10,3
"643","DED1","Chemnitz",2000,1444953,0.821492,0.719678185116925,0.906145659898263,0.693401703159265,5,10,3
"644","DED1","Chemnitz",2001,1444953,0.791481,0.703268354536851,0.90107365441499,0.671899992820984,5,10,3
"645","DED1","Chemnitz",2002,1444953,0.790232,0.691591735434319,0.899684990974377,0.683175580757898,5,10,3
"646","DED1","Chemnitz",2003,1444953,0.782851,0.680743905143644,0.895981612408704,0.687155634660636,5,10,3
"647","DED1","Chemnitz",2004,1444953,0.758931,0.659349448426914,0.886177896860991,0.684093089330513,5,10,3
"648","DED1","Chemnitz",2005,1444953,0.753178,0.638184169216655,0.890503040248943,0.692693007934775,5,9,3
"649","DED1","Chemnitz",2006,1444953,0.713291,0.607888661390942,0.886301351529008,0.670060114008195,5,9,3
"650","DED1","Chemnitz",2007,1444953,0.666665,0.586673710169774,0.881803210544326,0.628992438706727,5,9,3
"651","DED1","Chemnitz",2008,1444953,0.592421,0.540505831924558,0.865881146759875,0.584742562281996,4,8,2
"652","DED1","Chemnitz",2009,1444953,0.580837,0.532991503369893,0.857215867476502,0.584330750388493,5,9,3
"653","DED1","Chemnitz",2010,1444953,0.588338,0.577589608650752,0.857076558757676,0.550615674938885,5,9,3
"654","DED1","Chemnitz",2011,1444953,0.547954,0.574894666024454,0.848024307861654,0.504520681344836,5,10,3
"655","DED1","Chemnitz",2012,1444953,0.520707,0.558649647362693,0.847678199624316,0.482086055489431,5,9,3
"656","DED1","Chemnitz",2013,1444953,0.513046,0.569441623567975,0.842070959649603,0.465929317429871,5,10,3
"657","DED1","Chemnitz",2014,1444953,0.476119,0.544160160865684,0.839943872575226,0.440447885612845,5,9,3
"658","DED1","Chemnitz",2015,1444953,0.43979,0.52227795616673,0.836389873853947,0.413850303781724,5,9,3
"659","DED1","Chemnitz",2016,1444953,0.416785,0.525874844898153,0.829782825998063,0.383910525676051,5,9,3
"660","DED1","Chemnitz",2017,1444953,0.384898,0.51890473537419,0.821665193534209,0.353326213200637,5,9,3
"661","DED2","Dresden",1998,1598573,0.808166,0.685234212147037,0.910936498186449,0.703969046209228,5,9,3
"662","DED2","Dresden",1999,1598573,0.793564,0.679592668473023,0.906083769554268,0.693547982024511,5,9,3
"663","DED2","Dresden",2000,1598573,0.784913,0.685942386178516,0.90003244144288,0.68085977035498,5,9,3
"664","DED2","Dresden",2001,1598573,0.750024,0.661282417578366,0.895154016369609,0.660426515745455,5,9,3
"665","DED2","Dresden",2002,1598573,0.743332,0.647576348464482,0.893399226509152,0.666302363059322,5,9,3
"666","DED2","Dresden",2003,1598573,0.730985,0.638202896046322,0.889136613697852,0.662254500983665,5,9,3
"667","DED2","Dresden",2004,1598573,0.704814,0.606095402523355,0.883716765839303,0.662296612139525,4,8,2
"668","DED2","Dresden",2005,1598573,0.70332,0.594957660597611,0.887154345995417,0.667857710573756,4,8,2
"669","DED2","Dresden",2006,1598573,0.668336,0.567832199356876,0.882888113468824,0.649141787697438,4,8,2
"670","DED2","Dresden",2007,1598573,0.614929,0.535686361619784,0.877141812507392,0.610538906789736,4,7,2
"671","DED2","Dresden",2008,1598573,0.542505,0.487763630623838,0.860702323568208,0.571169542813638,3,6,2
"672","DED2","Dresden",2009,1598573,0.517834,0.471269477399576,0.850414750499616,0.562615621450436,3,6,2
"673","DED2","Dresden",2010,1598573,0.536295,0.521606747886441,0.850859884763168,0.538274051933596,4,8,2
"674","DED2","Dresden",2011,1598573,0.496274,0.508770038446585,0.84129002796207,0.503359239424993,4,8,2
"675","DED2","Dresden",2012,1598573,0.464301,0.489229124818079,0.83942668362445,0.478968886972694,4,7,2
"676","DED2","Dresden",2013,1598573,0.443281,0.483668724310325,0.834570331949962,0.459279248533659,4,7,2
"677","DED2","Dresden",2014,1598573,0.400896,0.449636020648842,0.830645931183928,0.436527810057811,3,6,2
"678","DED2","Dresden",2015,1598573,0.370559,0.434831469246213,0.826025169846898,0.412502175843252,3,6,2
"679","DED2","Dresden",2016,1598573,0.338511,0.426947829307729,0.820635685627869,0.379873578830726,3,6,2
"680","DED2","Dresden",2017,1598573,0.307877,0.421527319331028,0.812946488835207,0.349107098551839,3,6,2
"681","DED3","Leipzig",1998,1037782,0.836155,0.711128451550091,0.936309620046121,0.692789849161884,5,9,3
"682","DED3","Leipzig",1999,1037782,0.81261,0.688686924750323,0.932139397379864,0.685678352174365,5,9,3
"683","DED3","Leipzig",2000,1037782,0.807578,0.690665555640727,0.927585853763983,0.681044985732968,5,9,3
"684","DED3","Leipzig",2001,1037782,0.786897,0.681983852458003,0.923193844100099,0.664497409868805,5,9,3
"685","DED3","Leipzig",2002,1037782,0.779823,0.656721595516373,0.921851500806023,0.680970539690244,5,9,3
"686","DED3","Leipzig",2003,1037782,0.770228,0.641352097292207,0.918102690924368,0.686346497716384,5,10,3
"687","DED3","Leipzig",2004,1037782,0.757455,0.63010671835103,0.910738430105229,0.686660576029754,5,10,3
"688","DED3","Leipzig",2005,1037782,0.755833,0.601987687677307,0.915263969636609,0.707930737400223,5,10,3
"689","DED3","Leipzig",2006,1037782,0.720583,0.580975638652018,0.913318801197465,0.680400715745056,5,9,3
"690","DED3","Leipzig",2007,1037782,0.666555,0.544703725992704,0.90938880905654,0.643218549719097,5,9,3
"691","DED3","Leipzig",2008,1037782,0.595085,0.498659891354536,0.891679324703981,0.60460680567793,5,9,3
"692","DED3","Leipzig",2009,1037782,0.558815,0.476352665706667,0.875657677861291,0.590985896599937,4,8,2
"693","DED3","Leipzig",2010,1037782,0.595509,0.551968130296185,0.877414031764126,0.566170821820236,5,10,3
"694","DED3","Leipzig",2011,1037782,0.565667,0.557952419856967,0.866923980645803,0.527933283219854,5,10,3
"695","DED3","Leipzig",2012,1037782,0.52294,0.526120418199009,0.865600445775729,0.499892034919758,5,9,3
"696","DED3","Leipzig",2013,1037782,0.501713,0.521882980866024,0.863968044251222,0.475359006159495,5,9,3
"697","DED3","Leipzig",2014,1037782,0.45549,0.486399503524713,0.860610259985236,0.447995054183486,4,8,2
"698","DED3","Leipzig",2015,1037782,0.39893,0.441591417780538,0.856597803710387,0.415805979475451,4,7,2
"699","DED3","Leipzig",2016,1037782,0.380268,0.448778823481358,0.853170138464588,0.385316209302948,4,7,2
"700","DED3","Leipzig",2017,1037782,0.334616,0.418767554029925,0.847453479276495,0.355657127121636,4,7,2
"701","DEE0","Sachsen-Anhalt",1998,2223081,0.91181,0.740459403809647,0.954049430938114,0.754078468138215,5,10,3
"702","DEE0","Sachsen-Anhalt",1999,2223081,0.899432,0.737019548903607,0.949466280686105,0.744373114512333,5,10,3
"703","DEE0","Sachsen-Anhalt",2000,2223081,0.890042,0.73836535487692,0.944252672921904,0.734791911116157,5,10,3
"704","DEE0","Sachsen-Anhalt",2001,2223081,1,0.933308496902733,0.937764899804061,0.703827622470274,5,10,3
"705","DEE0","Sachsen-Anhalt",2002,2223081,0.866957,0.742958490561274,0.936523517625718,0.704862172260437,5,10,3
"706","DEE0","Sachsen-Anhalt",2003,2223081,0.871422,0.741858641465292,0.933943887873745,0.714937800077551,5,10,3
"707","DEE0","Sachsen-Anhalt",2004,2223081,0.855194,0.729663285961412,0.923544632270042,0.714289529942633,5,10,3
"708","DEE0","Sachsen-Anhalt",2005,2223081,0.832762,0.689021636971797,0.930515172163903,0.715831487811029,5,10,3
"709","DEE0","Sachsen-Anhalt",2006,2223081,0.802461,0.675981213291406,0.927642505963409,0.688344320311092,5,10,3
"710","DEE0","Sachsen-Anhalt",2007,2223081,0.674114,0.532000704016794,0.923909667692244,0.652227404398229,5,10,3
"711","DEE0","Sachsen-Anhalt",2008,2223081,0.68131,0.606121510679169,0.903338204501236,0.608984415394532,5,10,3
"712","DEE0","Sachsen-Anhalt",2009,2223081,0.650315,0.59201064706969,0.889550019299029,0.592490578613061,5,10,3
"713","DEE0","Sachsen-Anhalt",2010,2223081,0.668505,0.642512577753188,0.8917815132105,0.565809819431655,5,10,3
"714","DEE0","Sachsen-Anhalt",2011,2223081,0.633865,0.636807206023295,0.882511908977337,0.5311700703316,5,10,3
"715","DEE0","Sachsen-Anhalt",2012,2223081,0.602472,0.609201443622847,0.882458921139682,0.513864989720128,5,10,3
"716","DEE0","Sachsen-Anhalt",2013,2223081,0.579681,0.594586928516139,0.878473173803242,0.499821829290538,5,10,3
"717","DEE0","Sachsen-Anhalt",2014,2223081,0.550045,0.583229017526601,0.872790327515742,0.474415624269358,5,10,3
"718","DEE0","Sachsen-Anhalt",2015,2223081,0.521859,0.576289527835384,0.866894555038541,0.44688005846168,5,10,3
"719","DEE0","Sachsen-Anhalt",2016,2223081,0.490706,0.561941726842836,0.862512990834241,0.420990177857577,5,10,3
"720","DEE0","Sachsen-Anhalt",2017,2223081,0.462413,0.567033463187101,0.853216771894256,0.384670491849373,5,10,3
"721","DEF0","Schleswig-Holstein",1998,2889821,0.802243,0.776091466407829,0.897843225624973,0.617720300335108,4,8,2
"722","DEF0","Schleswig-Holstein",1999,2889821,0.775047,0.757251233781564,0.891764729709718,0.603687122137871,4,8,2
"723","DEF0","Schleswig-Holstein",2000,2889821,0.739513,0.747710524383547,0.882304619604524,0.571793546191835,4,8,2
"724","DEF0","Schleswig-Holstein",2001,2889821,0.708316,0.751986361313169,0.861868709589099,0.543270480780608,4,8,2
"725","DEF0","Schleswig-Holstein",2002,2889821,0.707279,0.748357600565205,0.861781366086971,0.545500997773948,4,8,2
"726","DEF0","Schleswig-Holstein",2003,2889821,0.704802,0.731433391020722,0.860597472225465,0.560060542063581,4,8,2
"727","DEF0","Schleswig-Holstein",2004,2889821,0.703335,0.725137931251999,0.857971269559195,0.566881891623442,4,8,2
"728","DEF0","Schleswig-Holstein",2005,2889821,0.714462,0.716967250201547,0.861649420076194,0.587311828874253,4,8,2
"729","DEF0","Schleswig-Holstein",2006,2889821,0.691379,0.70644276648978,0.858340104634058,0.568083732990405,4,8,2
"730","DEF0","Schleswig-Holstein",2007,2889821,0.649302,0.681448277039163,0.850668233019706,0.540483355051656,5,9,3
"731","DEF0","Schleswig-Holstein",2008,2889821,0.60501,0.658019608622789,0.834616953168835,0.516524096211388,5,10,3
"732","DEF0","Schleswig-Holstein",2009,2889821,0.576667,0.625838661295393,0.828820985323399,0.513905612545257,5,9,3
"733","DEF0","Schleswig-Holstein",2010,2889821,0.551798,0.601456056331338,0.829927261763568,0.501562805009677,4,8,2
"734","DEF0","Schleswig-Holstein",2011,2889821,0.52951,0.606397577794476,0.815484194890616,0.4791410105194,5,9,3
"735","DEF0","Schleswig-Holstein",2012,2889821,0.510855,0.600789185113565,0.813085967118541,0.460428550084861,5,9,3
"736","DEF0","Schleswig-Holstein",2013,2889821,0.485746,0.586473984624813,0.807502231059425,0.444363375174978,5,9,3
"737","DEF0","Schleswig-Holstein",2014,2889821,0.470083,0.582305367975357,0.802963510361776,0.43063729354738,5,9,3
"738","DEF0","Schleswig-Holstein",2015,2889821,0.434445,0.556775542969084,0.79482215679242,0.41326448836708,5,9,3
"739","DEF0","Schleswig-Holstein",2016,2889821,0.356354,0.466825533487038,0.790699190730228,0.395488394629927,3,6,2
"740","DEF0","Schleswig-Holstein",2017,2889821,0.371854,0.523354759876087,0.778154115107676,0.373705502115661,4,8,2
"741","DEG0","Thüringen",1998,2151205,0.8511,0.742701883691258,0.920683152930805,0.698248721337558,5,10,3
"742","DEG0","Thüringen",1999,2151205,0.822636,0.735926304503997,0.914973457230122,0.669964936255804,5,10,3
"743","DEG0","Thüringen",2000,2151205,0.811534,0.722419716345894,0.911472557011947,0.671070489710803,5,10,3
"744","DEG0","Thüringen",2001,2151205,0.788567,0.720158403929634,0.909035227471305,0.642874113372064,5,10,3
"745","DEG0","Thüringen",2002,2151205,0.783119,0.70619487474314,0.906976996674879,0.651092398733803,5,10,3
"746","DEG0","Thüringen",2003,2151205,0.76054,0.664611452857272,0.903526943747433,0.663786356873143,5,9,3
"747","DEG0","Thüringen",2004,2151205,0.744019,0.641541858532872,0.903349146176177,0.663371646788737,5,9,3
"748","DEG0","Thüringen",2005,2151205,0.731277,0.610914066636771,0.907450865061925,0.671646817638616,5,9,3
"749","DEG0","Thüringen",2006,2151205,0.700995,0.599784659529603,0.90289444288771,0.643959527384235,5,9,3
"750","DEG0","Thüringen",2007,2151205,0.636758,0.555102700940644,0.896317615290863,0.603212733223734,4,8,2
"751","DEG0","Thüringen",2008,2151205,0.567726,0.5146465679225,0.87760779638397,0.563504997483552,4,7,2
"752","DEG0","Thüringen",2009,2151205,0.552001,0.504821768257311,0.865269839701479,0.563145438526961,4,8,2
"753","DEG0","Thüringen",2010,2151205,0.558357,0.544791366540923,0.865289479769607,0.532259707426065,5,9,3
"754","DEG0","Thüringen",2011,2151205,0.535243,0.56297409822972,0.853307445301873,0.492952745465791,5,9,3
"755","DEG0","Thüringen",2012,2151205,0.49613,0.528858361807142,0.851254738671401,0.473100603833549,4,8,2
"756","DEG0","Thüringen",2013,2151205,0.486918,0.542196455871629,0.846476047762832,0.451346123548769,5,9,3
"757","DEG0","Thüringen",2014,2151205,0.452097,0.521612130213568,0.840827889183713,0.427705432086053,4,8,2
"758","DEG0","Thüringen",2015,2151205,0.423524,0.508883784088593,0.83463408096671,0.405701887344241,4,8,2
"759","DEG0","Thüringen",2016,2151205,0.39452,0.503124907388108,0.828289585925584,0.376263722453077,4,8,2
"760","DEG0","Thüringen",2017,2151205,0.382778,0.523488120870603,0.819574121044145,0.34779846007334,5,9,3
