"","NUTS2","NUTS2 Name","Jahr","Bundesland","Bevoelkerung","GISD_Score","TS_Bildung_adj","TS_Einkommen_adj","TS_Arbeitswelt_adj","GISD_5","GISD_10","GISD_k"
"1","DE11","Stuttgart",1998,"Baden-Württemberg",4126688,0.505019,0.730795876408419,0.433193421691133,0.33338991983069,1,1,1
"2","DE11","Stuttgart",1999,"Baden-Württemberg",4126688,0.472027,0.718365397151767,0.415558900421064,0.313967176068052,1,1,1
"3","DE11","Stuttgart",2000,"Baden-Württemberg",4126688,0.431516,0.708062015323592,0.393379604541936,0.285683364665299,1,1,1
"4","DE11","Stuttgart",2001,"Baden-Württemberg",4126688,0.376926,0.702045631625596,0.352117753567316,0.251076181821197,1,1,1
"5","DE11","Stuttgart",2002,"Baden-Württemberg",4126688,0.376989,0.688830470181506,0.358064149517455,0.258439851410818,1,1,1
"6","DE11","Stuttgart",2003,"Baden-Württemberg",4126688,0.365721,0.662390292913139,0.353327088421874,0.272714977364647,1,1,1
"7","DE11","Stuttgart",2004,"Baden-Württemberg",4126688,0.359689,0.648769915436441,0.348402892213697,0.282210497642605,1,1,1
"8","DE11","Stuttgart",2005,"Baden-Württemberg",4126688,0.364423,0.629931532265249,0.352791923890485,0.303762109032515,1,1,1
"9","DE11","Stuttgart",2006,"Baden-Württemberg",4126688,0.33929,0.612152816679525,0.344343453542455,0.292289718903174,1,1,1
"10","DE11","Stuttgart",2007,"Baden-Württemberg",4126688,0.309038,0.589488837022277,0.341084644935274,0.272833213504903,1,1,1
"11","DE11","Stuttgart",2008,"Baden-Württemberg",4126688,0.282379,0.576044743993999,0.328524285539293,0.258849259803351,1,1,1
"12","DE11","Stuttgart",2009,"Baden-Württemberg",4126688,0.306296,0.566531012828212,0.343225643700955,0.289537895066957,1,1,1
"13","DE11","Stuttgart",2010,"Baden-Württemberg",4126688,0.285843,0.550583507159364,0.343138148459602,0.274893788197546,1,1,1
"14","DE11","Stuttgart",2011,"Baden-Württemberg",4126688,0.240285,0.531750130247966,0.329182149683471,0.239345462792473,1,1,1
"15","DE11","Stuttgart",2012,"Baden-Württemberg",4126688,0.247774,0.559270073097183,0.325191246437639,0.227049448554874,1,1,1
"16","DE11","Stuttgart",2013,"Baden-Württemberg",4126688,0.205998,0.500303708796236,0.327193548786337,0.221349553384606,1,1,1
"17","DE11","Stuttgart",2014,"Baden-Württemberg",4126688,0.19085,0.493254744415227,0.324368419780676,0.208501655304276,1,1,1
"18","DE11","Stuttgart",2015,"Baden-Württemberg",4126688,0.169651,0.488647928168103,0.318889787897483,0.186789402953033,1,1,1
"19","DE11","Stuttgart",2016,"Baden-Württemberg",4126688,0.151477,0.482756569471026,0.314212612671873,0.170097402707899,1,1,1
"20","DE11","Stuttgart",2017,"Baden-Württemberg",4126688,0.139195,0.493453601062049,0.300480303923871,0.154709191384661,1,1,1
"21","DE12","Karlsruhe",1998,"Baden-Württemberg",2795783,0.558003,0.71657993816965,0.478235656774277,0.382039807117752,1,2,1
"22","DE12","Karlsruhe",1999,"Baden-Württemberg",2795783,0.528435,0.706192597639395,0.460631664474011,0.36567803678271,1,2,1
"23","DE12","Karlsruhe",2000,"Baden-Württemberg",2795783,0.485235,0.700639667317046,0.434491446775122,0.332571333744656,1,2,1
"24","DE12","Karlsruhe",2001,"Baden-Württemberg",2795783,0.424802,0.683476762583523,0.391018799410077,0.302557403139468,1,2,1
"25","DE12","Karlsruhe",2002,"Baden-Württemberg",2795783,0.42823,0.673790266495841,0.396921206290266,0.311484199833087,1,2,1
"26","DE12","Karlsruhe",2003,"Baden-Württemberg",2795783,0.425254,0.657612611268618,0.395211333490106,0.324907946353601,1,2,1
"27","DE12","Karlsruhe",2004,"Baden-Württemberg",2795783,0.421107,0.64308238183138,0.39497992058887,0.333449212779611,1,2,1
"28","DE12","Karlsruhe",2005,"Baden-Württemberg",2795783,0.431163,0.632942504099662,0.403975070317291,0.349677247013739,1,2,1
"29","DE12","Karlsruhe",2006,"Baden-Württemberg",2795783,0.4044,0.606349320683059,0.397965279920601,0.342135787039083,1,2,1
"30","DE12","Karlsruhe",2007,"Baden-Württemberg",2795783,0.375854,0.589178402748125,0.394266768403205,0.320186180528656,1,2,1
"31","DE12","Karlsruhe",2008,"Baden-Württemberg",2795783,0.347342,0.575261349144102,0.378693648618208,0.306908038253313,1,2,1
"32","DE12","Karlsruhe",2009,"Baden-Württemberg",2795783,0.36128,0.561183789157946,0.390791694849822,0.329795349127085,1,2,1
"33","DE12","Karlsruhe",2010,"Baden-Württemberg",2795783,0.339969,0.545373049926599,0.39023043598736,0.314200084974269,1,2,1
"34","DE12","Karlsruhe",2011,"Baden-Württemberg",2795783,0.299655,0.538884618179413,0.367316460956625,0.283131340520356,1,2,1
"35","DE12","Karlsruhe",2012,"Baden-Württemberg",2795783,0.298551,0.550997326247735,0.362210040776798,0.274470095947234,1,2,1
"36","DE12","Karlsruhe",2013,"Baden-Württemberg",2795783,0.25781,0.492128686058509,0.366482398001325,0.267953958347284,1,2,1
"37","DE12","Karlsruhe",2014,"Baden-Württemberg",2795783,0.251324,0.493933481795906,0.36424097144715,0.258662663277706,1,2,1
"38","DE12","Karlsruhe",2015,"Baden-Württemberg",2795783,0.227874,0.481493150744367,0.358252475006295,0.241916539763913,1,2,1
"39","DE12","Karlsruhe",2016,"Baden-Württemberg",2795783,0.212624,0.478501080301577,0.355271057494148,0.225014824146877,1,2,1
"40","DE12","Karlsruhe",2017,"Baden-Württemberg",2795783,0.20392,0.491961863250735,0.344333763685131,0.209434708858259,1,2,1
"41","DE13","Freiburg",1998,"Baden-Württemberg",2254674,0.623493,0.761994375565205,0.483981426850101,0.429113479025966,2,4,2
"42","DE13","Freiburg",1999,"Baden-Württemberg",2254674,0.597832,0.763562693063981,0.464668801717446,0.408366325943372,2,4,2
"43","DE13","Freiburg",2000,"Baden-Württemberg",2254674,0.560157,0.755263484106816,0.45283777347624,0.371984315818611,2,4,2
"44","DE13","Freiburg",2001,"Baden-Württemberg",2254674,0.511555,0.753858626182007,0.410834271250191,0.342489854365751,2,3,2
"45","DE13","Freiburg",2002,"Baden-Württemberg",2254674,0.513683,0.74189610031352,0.414802569599202,0.353676645208366,2,4,2
"46","DE13","Freiburg",2003,"Baden-Württemberg",2254674,0.506753,0.7241951303654,0.410796246543517,0.364987940240968,2,3,2
"47","DE13","Freiburg",2004,"Baden-Württemberg",2254674,0.505651,0.71536060049875,0.41024076449035,0.372726011250859,2,4,2
"48","DE13","Freiburg",2005,"Baden-Württemberg",2254674,0.509341,0.697190391763332,0.417834359825613,0.388836428800453,2,3,2
"49","DE13","Freiburg",2006,"Baden-Württemberg",2254674,0.487707,0.683383906044767,0.408527289014856,0.379499234003362,2,3,2
"50","DE13","Freiburg",2007,"Baden-Württemberg",2254674,0.4663,0.672940853545598,0.406480977761268,0.359878987362235,2,4,2
"51","DE13","Freiburg",2008,"Baden-Württemberg",2254674,0.433321,0.653368121827195,0.38744743142377,0.349016123301318,2,3,2
"52","DE13","Freiburg",2009,"Baden-Württemberg",2254674,0.452857,0.644144514967735,0.401012673831691,0.373977987652848,2,4,2
"53","DE13","Freiburg",2010,"Baden-Württemberg",2254674,0.42837,0.628969626324167,0.397046427112659,0.356388609360911,2,4,2
"54","DE13","Freiburg",2011,"Baden-Württemberg",2254674,0.384611,0.618495201649082,0.371593395624147,0.326678270648619,2,3,2
"55","DE13","Freiburg",2012,"Baden-Württemberg",2254674,0.395013,0.651157158676287,0.365059338935106,0.316153545475232,2,4,2
"56","DE13","Freiburg",2013,"Baden-Württemberg",2254674,0.352593,0.592828975515989,0.365010781687645,0.310899698616766,2,4,2
"57","DE13","Freiburg",2014,"Baden-Württemberg",2254674,0.342447,0.594419467087437,0.359129799045262,0.299972193970794,2,4,2
"58","DE13","Freiburg",2015,"Baden-Württemberg",2254674,0.313578,0.581038093850093,0.346074641542927,0.283105247298711,2,4,2
"59","DE13","Freiburg",2016,"Baden-Württemberg",2254674,0.297359,0.57896324298449,0.340612622360098,0.266313638610339,2,4,2
"60","DE13","Freiburg",2017,"Baden-Württemberg",2254674,0.295405,0.601396354958133,0.329568493277737,0.251993625525708,2,4,2
"61","DE14","Tübingen",1998,"Baden-Württemberg",1846280,0.541745,0.722231183079727,0.449435410884882,0.380800906563667,1,1,1
"62","DE14","Tübingen",1999,"Baden-Württemberg",1846280,0.509636,0.706864070248379,0.43275804490931,0.364682676313038,1,1,1
"63","DE14","Tübingen",2000,"Baden-Württemberg",1846280,0.484435,0.708546148401935,0.416717655918849,0.341239276799175,1,2,1
"64","DE14","Tübingen",2001,"Baden-Württemberg",1846280,0.428165,0.691839020133176,0.37603944543106,0.314219094573523,1,2,1
"65","DE14","Tübingen",2002,"Baden-Württemberg",1846280,0.429476,0.680823067531504,0.383334141643218,0.319906679682631,1,2,1
"66","DE14","Tübingen",2003,"Baden-Württemberg",1846280,0.423397,0.662996035850091,0.380517779477693,0.331432213917411,1,2,1
"67","DE14","Tübingen",2004,"Baden-Württemberg",1846280,0.425512,0.6536920263162,0.384466255355195,0.339959442313244,1,2,1
"68","DE14","Tübingen",2005,"Baden-Württemberg",1846280,0.422994,0.63342921541514,0.388009468703263,0.352902781695279,1,2,1
"69","DE14","Tübingen",2006,"Baden-Württemberg",1846280,0.402289,0.626037990918075,0.376260247613132,0.340986052020348,1,1,1
"70","DE14","Tübingen",2007,"Baden-Württemberg",1846280,0.374916,0.611751188948465,0.368839652454494,0.32163371049949,1,1,1
"71","DE14","Tübingen",2008,"Baden-Württemberg",1846280,0.341008,0.593964325023581,0.353799539183919,0.303598427408507,1,2,1
"72","DE14","Tübingen",2009,"Baden-Württemberg",1846280,0.35999,0.580477453454676,0.368706233178479,0.330652268004473,1,2,1
"73","DE14","Tübingen",2010,"Baden-Württemberg",1846280,0.339287,0.567770243231479,0.366151573933399,0.314858398916329,1,2,1
"74","DE14","Tübingen",2011,"Baden-Württemberg",1846280,0.288616,0.55238620021684,0.341291307814138,0.279096561822728,1,2,1
"75","DE14","Tübingen",2012,"Baden-Württemberg",1846280,0.297793,0.583507278232132,0.333948428964593,0.269083788178042,1,2,1
"76","DE14","Tübingen",2013,"Baden-Württemberg",1846280,0.258619,0.534091913087115,0.332895079930433,0.260791996727941,1,2,1
"77","DE14","Tübingen",2014,"Baden-Württemberg",1846280,0.234431,0.518224544399381,0.324385921623353,0.248886091454413,1,2,1
"78","DE14","Tübingen",2015,"Baden-Württemberg",1846280,0.231199,0.534111702380804,0.319758767207862,0.23277788444197,1,2,1
"79","DE14","Tübingen",2016,"Baden-Württemberg",1846280,0.200472,0.512078713639119,0.314348358441569,0.214131046873014,1,2,1
"80","DE14","Tübingen",2017,"Baden-Württemberg",1846280,0.195491,0.527016948429317,0.30366491550625,0.202404635057639,1,2,1
"81","DE21","Oberbayern",1998,"Bayern",4649534,0.414895,0.657610299725325,0.37940542165999,0.325177411418439,1,1,1
"82","DE21","Oberbayern",1999,"Bayern",4649534,0.376246,0.632785600450122,0.363050622634653,0.308383010296627,1,1,1
"83","DE21","Oberbayern",2000,"Bayern",4649534,0.338197,0.619335692195656,0.335038114618501,0.292771887770934,1,1,1
"84","DE21","Oberbayern",2001,"Bayern",4649534,0.304832,0.634635464864904,0.299499081943828,0.262964534770672,1,1,1
"85","DE21","Oberbayern",2002,"Bayern",4649534,0.289297,0.598395702838673,0.30585944036142,0.269541213739057,1,1,1
"86","DE21","Oberbayern",2003,"Bayern",4649534,0.282862,0.570382762685665,0.302044873843084,0.291715637996485,1,1,1
"87","DE21","Oberbayern",2004,"Bayern",4649534,0.287398,0.56563503707117,0.308158047692195,0.297154993568367,1,1,1
"88","DE21","Oberbayern",2005,"Bayern",4649534,0.288971,0.541293218827396,0.314407724561253,0.317606386622621,1,1,1
"89","DE21","Oberbayern",2006,"Bayern",4649534,0.263092,0.516352950878643,0.30840109731111,0.309734244752548,1,1,1
"90","DE21","Oberbayern",2007,"Bayern",4649534,0.234157,0.502990163041357,0.297518697402551,0.290576666929066,1,1,1
"91","DE21","Oberbayern",2008,"Bayern",4649534,0.186043,0.475857432012931,0.286689081326894,0.256369241846905,1,1,1
"92","DE21","Oberbayern",2009,"Bayern",4649534,0.187906,0.461732945479464,0.291799847460602,0.26817617501505,1,1,1
"93","DE21","Oberbayern",2010,"Bayern",4649534,0.169121,0.441429702269511,0.296281986986503,0.255819950133106,1,1,1
"94","DE21","Oberbayern",2011,"Bayern",4649534,0.135617,0.429427373971932,0.280886962679294,0.232961207849313,1,1,1
"95","DE21","Oberbayern",2012,"Bayern",4649534,0.124167,0.434390779859684,0.269395741612568,0.222315117896236,1,1,1
"96","DE21","Oberbayern",2013,"Bayern",4649534,0.089203,0.386221526408121,0.271015327610196,0.216418105594028,1,1,1
"97","DE21","Oberbayern",2014,"Bayern",4649534,0.056525,0.367731965758159,0.253464307201369,0.203441930260892,1,1,1
"98","DE21","Oberbayern",2015,"Bayern",4649534,0.040192,0.358396670499738,0.253845131080329,0.187897334422129,1,1,1
"99","DE21","Oberbayern",2016,"Bayern",4649534,0.015618,0.343586254316479,0.250463072961448,0.169228376965914,1,1,1
"100","DE21","Oberbayern",2017,"Bayern",4649534,0,0.335181884263126,0.251600970660807,0.153067883706438,1,1,1
"101","DE22","Niederbayern",1998,"Bayern",1230037,0.619748,0.759138122428398,0.481488083999411,0.428846181981766,2,3,2
"102","DE22","Niederbayern",1999,"Bayern",1230037,0.594307,0.757471556215385,0.463455905768436,0.410383585935696,2,3,2
"103","DE22","Niederbayern",2000,"Bayern",1230037,0.568289,0.758464986295677,0.462734083198168,0.371085110857478,2,4,2
"104","DE22","Niederbayern",2001,"Bayern",1230037,0.53558,0.760477207441789,0.429775818617248,0.352966598476564,3,5,2
"105","DE22","Niederbayern",2002,"Bayern",1230037,0.539053,0.756140855034781,0.433572202021809,0.358717349609736,2,4,2
"106","DE22","Niederbayern",2003,"Bayern",1230037,0.529475,0.733168779687119,0.427729975407436,0.37316346296208,2,4,2
"107","DE22","Niederbayern",2004,"Bayern",1230037,0.525994,0.727726717398883,0.424873238698063,0.376240550817728,2,4,2
"108","DE22","Niederbayern",2005,"Bayern",1230037,0.529528,0.705066186365067,0.43140114270786,0.397675273239912,2,4,2
"109","DE22","Niederbayern",2006,"Bayern",1230037,0.506507,0.693442069880913,0.419736050314864,0.386433320934314,2,4,2
"110","DE22","Niederbayern",2007,"Bayern",1230037,0.46613,0.674983044033977,0.405307090690372,0.35875525600643,2,4,2
"111","DE22","Niederbayern",2008,"Bayern",1230037,0.454767,0.667816660211555,0.389316247126151,0.364867514012671,2,4,2
"112","DE22","Niederbayern",2009,"Bayern",1230037,0.457152,0.650164077688533,0.393756682438064,0.381657102818673,2,4,2
"113","DE22","Niederbayern",2010,"Bayern",1230037,0.440316,0.640529364711953,0.395326935090379,0.364467350176717,3,5,2
"114","DE22","Niederbayern",2011,"Bayern",1230037,0.405238,0.633526559145855,0.377317354993059,0.336863030149146,2,4,2
"115","DE22","Niederbayern",2012,"Bayern",1230037,0.391088,0.637633599740213,0.364136132773872,0.324712330324823,2,4,2
"116","DE22","Niederbayern",2013,"Bayern",1230037,0.346139,0.585660572096563,0.358363857963617,0.315034299924052,2,3,2
"117","DE22","Niederbayern",2014,"Bayern",1230037,0.32896,0.579129007760189,0.352932794963792,0.30122931627321,2,4,2
"118","DE22","Niederbayern",2015,"Bayern",1230037,0.321563,0.588505433326006,0.345324542591642,0.288365469784072,2,4,2
"119","DE22","Niederbayern",2016,"Bayern",1230037,0.314057,0.596855819869156,0.338763657602586,0.27531655830241,2,4,2
"120","DE22","Niederbayern",2017,"Bayern",1230037,0.300088,0.594315345870003,0.339419898492818,0.256247701388548,2,4,2
"121","DE23","Oberpfalz",1998,"Bayern",1104407,0.601812,0.736360528628468,0.482597849380799,0.423609271769185,2,3,2
"122","DE23","Oberpfalz",1999,"Bayern",1104407,0.574129,0.730872723686901,0.464987644722641,0.405183432723983,2,3,2
"123","DE23","Oberpfalz",2000,"Bayern",1104407,0.543757,0.719841252078307,0.453171157906113,0.382473303765436,2,3,2
"124","DE23","Oberpfalz",2001,"Bayern",1104407,0.51817,0.742114294930662,0.41569529195475,0.359296323883812,2,4,2
"125","DE23","Oberpfalz",2002,"Bayern",1104407,0.506203,0.713044925095653,0.422170405708427,0.363939785632525,2,3,2
"126","DE23","Oberpfalz",2003,"Bayern",1104407,0.507858,0.701727812296536,0.421938000594053,0.377972135753075,2,4,2
"127","DE23","Oberpfalz",2004,"Bayern",1104407,0.489758,0.677181864166283,0.418800955886439,0.378503769457981,2,3,2
"128","DE23","Oberpfalz",2005,"Bayern",1104407,0.498511,0.662708327989091,0.425993016529053,0.398915224640045,2,3,2
"129","DE23","Oberpfalz",2006,"Bayern",1104407,0.471293,0.651515765593849,0.415754735281291,0.379518772745134,2,3,2
"130","DE23","Oberpfalz",2007,"Bayern",1104407,0.430574,0.628823658518945,0.404494834269768,0.352393291140544,2,3,2
"131","DE23","Oberpfalz",2008,"Bayern",1104407,0.412609,0.618517438217744,0.389095336326785,0.35115048883632,2,3,2
"132","DE23","Oberpfalz",2009,"Bayern",1104407,0.41763,0.605472887160088,0.395715308650607,0.365107051892598,2,3,2
"133","DE23","Oberpfalz",2010,"Bayern",1104407,0.394583,0.590452483194611,0.397943843270102,0.343328027671057,2,3,2
"134","DE23","Oberpfalz",2011,"Bayern",1104407,0.367327,0.592088363146392,0.382431033079397,0.316321233931607,2,3,2
"135","DE23","Oberpfalz",2012,"Bayern",1104407,0.348444,0.582616314800607,0.374667424587892,0.305232957905437,2,3,2
"136","DE23","Oberpfalz",2013,"Bayern",1104407,0.312982,0.538206389149725,0.368917110029221,0.302199714208756,2,3,2
"137","DE23","Oberpfalz",2014,"Bayern",1104407,0.285891,0.522573465359606,0.361847323404874,0.284266779973995,2,3,2
"138","DE23","Oberpfalz",2015,"Bayern",1104407,0.272808,0.532015852384316,0.348038600143643,0.269008592085116,2,3,2
"139","DE23","Oberpfalz",2016,"Bayern",1104407,0.254575,0.527543939936148,0.341722449414732,0.25244638455245,2,3,2
"140","DE23","Oberpfalz",2017,"Bayern",1104407,0.247687,0.530604987928939,0.347752933337849,0.233023457401327,2,3,2
"141","DE24","Oberfranken",1998,"Bayern",1066840,0.63116,0.752651993728467,0.492117482559162,0.441820022794441,2,4,2
"142","DE24","Oberfranken",1999,"Bayern",1066840,0.603141,0.746541503226683,0.474342697766224,0.423678058417957,2,4,2
"143","DE24","Oberfranken",2000,"Bayern",1066840,0.560396,0.74058804034713,0.45512521342852,0.384730433300412,2,4,2
"144","DE24","Oberfranken",2001,"Bayern",1066840,0.516446,0.735650527996284,0.414598782671054,0.364270130681211,2,4,2
"145","DE24","Oberfranken",2002,"Bayern",1066840,0.527569,0.729069837752677,0.419388521514742,0.382745192039801,2,4,2
"146","DE24","Oberfranken",2003,"Bayern",1066840,0.525533,0.704451269940164,0.421925084409435,0.40177383340343,2,4,2
"147","DE24","Oberfranken",2004,"Bayern",1066840,0.514207,0.68431269998235,0.41760641581795,0.40924226999138,2,4,2
"148","DE24","Oberfranken",2005,"Bayern",1066840,0.524338,0.672212774417974,0.428221322667824,0.425923190732793,2,4,2
"149","DE24","Oberfranken",2006,"Bayern",1066840,0.502881,0.659941295234849,0.424848509667213,0.409382280300571,2,4,2
"150","DE24","Oberfranken",2007,"Bayern",1066840,0.464027,0.645133654550594,0.412879606878237,0.377878123126811,2,3,2
"151","DE24","Oberfranken",2008,"Bayern",1066840,0.435349,0.625498942310959,0.393772094746627,0.373603104695507,2,4,2
"152","DE24","Oberfranken",2009,"Bayern",1066840,0.431394,0.60671331681613,0.39764180897871,0.382586604106558,2,3,2
"153","DE24","Oberfranken",2010,"Bayern",1066840,0.411551,0.597034433175734,0.399612969087842,0.36052875171958,2,3,2
"154","DE24","Oberfranken",2011,"Bayern",1066840,0.385119,0.598671142421858,0.384690491381364,0.334167561855182,2,4,2
"155","DE24","Oberfranken",2012,"Bayern",1066840,0.386105,0.611759688710192,0.388194589186883,0.319053440841074,2,4,2
"156","DE24","Oberfranken",2013,"Bayern",1066840,0.349234,0.567295091551435,0.381291381050855,0.315114588916665,2,4,2
"157","DE24","Oberfranken",2014,"Bayern",1066840,0.328423,0.552727413858076,0.376985685002551,0.302772128548936,2,3,2
"158","DE24","Oberfranken",2015,"Bayern",1066840,0.313309,0.556733395606728,0.364356229830557,0.288723558883937,2,3,2
"159","DE24","Oberfranken",2016,"Bayern",1066840,0.293179,0.554459541531028,0.356144049183281,0.26901550500965,2,3,2
"160","DE24","Oberfranken",2017,"Bayern",1066840,0.282351,0.557269184595331,0.354814336907986,0.251293158892307,2,4,2
"161","DE25","Mittelfranken",1998,"Bayern",1759643,0.577899,0.758804182823216,0.454731932373538,0.393163139480201,1,2,1
"162","DE25","Mittelfranken",1999,"Bayern",1759643,0.543108,0.741809924465155,0.437926262601933,0.374776435717775,1,2,1
"163","DE25","Mittelfranken",2000,"Bayern",1759643,0.502824,0.749575156625707,0.408208057027507,0.336303485743853,1,2,1
"164","DE25","Mittelfranken",2001,"Bayern",1759643,0.462001,0.750302707899993,0.370697441948042,0.311851496862021,1,2,1
"165","DE25","Mittelfranken",2002,"Bayern",1759643,0.460632,0.728394815683106,0.377553638486175,0.32484922059453,1,2,1
"166","DE25","Mittelfranken",2003,"Bayern",1759643,0.464345,0.712531779746185,0.377717727225485,0.346118545159996,1,2,1
"167","DE25","Mittelfranken",2004,"Bayern",1759643,0.466326,0.700605779171552,0.382581971073511,0.356150942789302,1,2,1
"168","DE25","Mittelfranken",2005,"Bayern",1759643,0.466066,0.672615151808641,0.391537369276611,0.374796681275816,1,2,1
"169","DE25","Mittelfranken",2006,"Bayern",1759643,0.44103,0.65477739077097,0.3868298678711,0.359787675629056,1,2,1
"170","DE25","Mittelfranken",2007,"Bayern",1759643,0.406184,0.640721974179052,0.372573374533569,0.335831640707752,1,2,1
"171","DE25","Mittelfranken",2008,"Bayern",1759643,0.368641,0.618151398494325,0.35585480109031,0.318805839163987,1,2,1
"172","DE25","Mittelfranken",2009,"Bayern",1759643,0.367119,0.597635628050925,0.35940279305537,0.33349043727593,1,2,1
"173","DE25","Mittelfranken",2010,"Bayern",1759643,0.347803,0.582270329422368,0.361824698029573,0.317459129142931,1,2,1
"174","DE25","Mittelfranken",2011,"Bayern",1759643,0.30501,0.559965717079905,0.345777653576522,0.291622605038632,1,2,1
"175","DE25","Mittelfranken",2012,"Bayern",1759643,0.297213,0.562039584742174,0.345551633049657,0.278078088761382,1,2,1
"176","DE25","Mittelfranken",2013,"Bayern",1759643,0.273189,0.52452748031856,0.347925829828505,0.277180695505163,1,2,1
"177","DE25","Mittelfranken",2014,"Bayern",1759643,0.256308,0.518604130269246,0.343335500305819,0.262372608672362,1,2,1
"178","DE25","Mittelfranken",2015,"Bayern",1759643,0.236247,0.512616288283024,0.33460115487932,0.247004003629555,1,2,1
"179","DE25","Mittelfranken",2016,"Bayern",1759643,0.223746,0.513019545095852,0.33401011237941,0.228440013537671,1,2,1
"180","DE25","Mittelfranken",2017,"Bayern",1759643,0.212646,0.518239815089015,0.330885004228563,0.209694688492163,1,2,1
"181","DE26","Unterfranken",1998,"Bayern",1313375,0.591031,0.742473339906528,0.46364918534129,0.420273419115883,2,3,2
"182","DE26","Unterfranken",1999,"Bayern",1313375,0.556065,0.719911501149407,0.448213272012711,0.405822565774149,2,3,2
"183","DE26","Unterfranken",2000,"Bayern",1313375,0.524501,0.722626025482702,0.434702833939104,0.369272535466242,2,3,2
"184","DE26","Unterfranken",2001,"Bayern",1313375,0.482576,0.722481900485346,0.395960494333927,0.345271890991803,2,3,2
"185","DE26","Unterfranken",2002,"Bayern",1313375,0.482373,0.708545232149667,0.400668233688453,0.354196359833772,2,3,2
"186","DE26","Unterfranken",2003,"Bayern",1313375,0.486952,0.701643560595237,0.399639422706267,0.368995029955832,2,3,2
"187","DE26","Unterfranken",2004,"Bayern",1313375,0.472457,0.674306623495269,0.40033348225296,0.373896144029698,2,3,2
"188","DE26","Unterfranken",2005,"Bayern",1313375,0.474979,0.653033371419908,0.40748816149978,0.391796861479073,1,2,1
"189","DE26","Unterfranken",2006,"Bayern",1313375,0.45563,0.642695099971294,0.401606827749701,0.378993104687201,2,3,2
"190","DE26","Unterfranken",2007,"Bayern",1313375,0.418225,0.62332573323475,0.390727767716733,0.353134388666001,2,3,2
"191","DE26","Unterfranken",2008,"Bayern",1313375,0.397192,0.614501727774078,0.373193167125156,0.347943776048081,2,3,2
"192","DE26","Unterfranken",2009,"Bayern",1313375,0.39242,0.588777679239569,0.376640867505622,0.363061574211543,2,3,2
"193","DE26","Unterfranken",2010,"Bayern",1313375,0.371165,0.573812774446609,0.376942405599802,0.345842515993748,1,2,1
"194","DE26","Unterfranken",2011,"Bayern",1313375,0.342642,0.576389266996918,0.358160169514272,0.319264194381166,2,3,2
"195","DE26","Unterfranken",2012,"Bayern",1313375,0.335587,0.581083103069447,0.356195898376604,0.30595243470364,2,3,2
"196","DE26","Unterfranken",2013,"Bayern",1313375,0.300364,0.536131900445814,0.351908524685375,0.302356268086911,2,3,2
"197","DE26","Unterfranken",2014,"Bayern",1313375,0.276925,0.525216049052145,0.342440987565126,0.287581425450633,2,3,2
"198","DE26","Unterfranken",2015,"Bayern",1313375,0.264587,0.532806657306153,0.331616062915069,0.272308089227128,2,3,2
"199","DE26","Unterfranken",2016,"Bayern",1313375,0.261845,0.544265847242714,0.328972855980565,0.25937952490998,2,3,2
"200","DE26","Unterfranken",2017,"Bayern",1313375,0.239532,0.534826916577307,0.324435582624094,0.239886015305196,1,2,1
"201","DE27","Schwaben",1998,"Bayern",1873368,0.584076,0.771355062809486,0.456712436634221,0.387896941396523,1,2,1
"202","DE27","Schwaben",1999,"Bayern",1873368,0.544391,0.745202612998958,0.441220796671638,0.370012604791902,1,2,1
"203","DE27","Schwaben",2000,"Bayern",1873368,0.518302,0.759081500252355,0.424963264116513,0.333258854348483,1,2,1
"204","DE27","Schwaben",2001,"Bayern",1873368,0.474509,0.748875302561414,0.390551534897505,0.312187085889065,1,2,1
"205","DE27","Schwaben",2002,"Bayern",1873368,0.475521,0.7340039555603,0.395491049083149,0.323636620839038,1,2,1
"206","DE27","Schwaben",2003,"Bayern",1873368,0.471625,0.710224067420187,0.392207371977904,0.344855797835863,1,2,1
"207","DE27","Schwaben",2004,"Bayern",1873368,0.471457,0.697759725735604,0.394475693533668,0.354800912403105,1,2,1
"208","DE27","Schwaben",2005,"Bayern",1873368,0.483002,0.690983939576744,0.400900124275096,0.37246920050816,2,3,2
"209","DE27","Schwaben",2006,"Bayern",1873368,0.452767,0.6672067129243,0.393693929123425,0.358100690057316,1,2,1
"210","DE27","Schwaben",2007,"Bayern",1873368,0.418077,0.652079417705159,0.383206014180612,0.331680339021224,1,2,1
"211","DE27","Schwaben",2008,"Bayern",1873368,0.385925,0.633420042441626,0.364575620096278,0.320742710060516,1,2,1
"212","DE27","Schwaben",2009,"Bayern",1873368,0.390886,0.621111151811699,0.365495462895135,0.3395724134596,1,2,1
"213","DE27","Schwaben",2010,"Bayern",1873368,0.373254,0.608095326164604,0.367612527043156,0.324023023241396,2,3,2
"214","DE27","Schwaben",2011,"Bayern",1873368,0.340197,0.597218843595099,0.356243193075176,0.29668433833381,1,2,1
"215","DE27","Schwaben",2012,"Bayern",1873368,0.326898,0.595978300609961,0.351490312641373,0.282729112854604,1,2,1
"216","DE27","Schwaben",2013,"Bayern",1873368,0.295868,0.56054329699815,0.348312308876085,0.27479710561803,1,2,1
"217","DE27","Schwaben",2014,"Bayern",1873368,0.268411,0.540171665858748,0.340354497063988,0.261940141466101,1,2,1
"218","DE27","Schwaben",2015,"Bayern",1873368,0.261293,0.549133886429779,0.331865201266466,0.25079134909315,1,2,1
"219","DE27","Schwaben",2016,"Bayern",1873368,0.245763,0.546315220582653,0.326335099332955,0.235844626096419,1,2,1
"220","DE27","Schwaben",2017,"Bayern",1873368,0.241805,0.550236653533383,0.338079618383125,0.21424189628973,2,3,2
"221","DE30","Berlin",1998,"Berlin",3613495,0.873555,0.846397505511287,0.662361180159627,0.541423612538229,5,9,3
"222","DE30","Berlin",1999,"Berlin",3613495,0.839714,0.824311552599279,0.64571110090879,0.52939806487862,5,9,3
"223","DE30","Berlin",2000,"Berlin",3613495,0.770072,0.801366287635442,0.597447414484186,0.49614411419429,5,9,3
"224","DE30","Berlin",2001,"Berlin",3613495,0.708181,0.764602262825734,0.558681331917015,0.478837368012748,5,9,3
"225","DE30","Berlin",2002,"Berlin",3613495,0.716489,0.745487986262069,0.571641561777316,0.497454187708354,5,9,3
"226","DE30","Berlin",2003,"Berlin",3613495,0.728422,0.735678617050513,0.573592129116745,0.52321227659324,5,9,3
"227","DE30","Berlin",2004,"Berlin",3613495,0.725551,0.706509337853093,0.591765684418684,0.52990188793506,5,9,3
"228","DE30","Berlin",2005,"Berlin",3613495,0.737879,0.675611036639137,0.610586437786544,0.560471539994054,5,9,3
"229","DE30","Berlin",2006,"Berlin",3613495,0.721688,0.659945116794515,0.612866598604594,0.549570433679738,5,9,3
"230","DE30","Berlin",2007,"Berlin",3613495,0.70048,0.648717008135896,0.613628926798375,0.528223660195216,5,9,3
"231","DE30","Berlin",2008,"Berlin",3613495,0.657128,0.632126017895531,0.58895358415366,0.504462202377294,5,9,3
"232","DE30","Berlin",2009,"Berlin",3613495,0.617257,0.606474702013948,0.560424734007148,0.498835982526773,5,9,3
"233","DE30","Berlin",2010,"Berlin",3613495,0.605331,0.596766203566026,0.5653851473581,0.48569520858532,5,9,3
"234","DE30","Berlin",2011,"Berlin",3613495,0.557598,0.575973395815735,0.534212318830138,0.466061166175456,5,9,3
"235","DE30","Berlin",2012,"Berlin",3613495,0.549579,0.577648769263898,0.53548238072739,0.45108688243601,5,9,3
"236","DE30","Berlin",2013,"Berlin",3613495,0.51114,0.526944354639716,0.537514472538116,0.442100828150267,5,9,3
"237","DE30","Berlin",2014,"Berlin",3613495,0.492494,0.525029024121284,0.532611464280127,0.420951241966727,5,9,3
"238","DE30","Berlin",2015,"Berlin",3613495,0.467618,0.539109397950131,0.51820371163057,0.383964181230036,4,8,2
"239","DE30","Berlin",2016,"Berlin",3613495,0.411658,0.492169453967018,0.50812256998993,0.357045398971886,4,7,2
"240","DE30","Berlin",2017,"Berlin",3613495,0.387643,0.495990069636445,0.497857057098618,0.327467715792711,4,7,2
"241","DE40","Brandenburg",1998,"Brandenburg",2504040,0.871441,0.742259125688226,0.685989008708453,0.618763083964293,5,9,3
"242","DE40","Brandenburg",1999,"Brandenburg",2504040,0.848441,0.732518287266064,0.668157243627091,0.611835178615244,5,9,3
"243","DE40","Brandenburg",2000,"Brandenburg",2504040,0.820409,0.729710124547632,0.651800732268702,0.588952717190666,5,9,3
"244","DE40","Brandenburg",2001,"Brandenburg",2504040,0.795037,0.720304087763906,0.636190037543617,0.575911447832298,5,9,3
"245","DE40","Brandenburg",2002,"Brandenburg",2504040,0.797137,0.713484597345103,0.636540554448319,0.585530936000392,5,9,3
"246","DE40","Brandenburg",2003,"Brandenburg",2504040,0.798976,0.695413428443609,0.635111660771826,0.607789515552096,5,9,3
"247","DE40","Brandenburg",2004,"Brandenburg",2504040,0.812983,0.695108377227675,0.641547578158392,0.622668941512168,5,10,3
"248","DE40","Brandenburg",2005,"Brandenburg",2504040,0.822323,0.69956044698449,0.64976474525614,0.624009459956558,5,10,3
"249","DE40","Brandenburg",2006,"Brandenburg",2504040,0.80459,0.704368272265058,0.635292171816363,0.607074278841368,5,10,3
"250","DE40","Brandenburg",2007,"Brandenburg",2504040,0.760769,0.692254552244411,0.612412117240668,0.576336721266821,5,10,3
"251","DE40","Brandenburg",2008,"Brandenburg",2504040,0.704594,0.681240571107018,0.568470737700927,0.547029158372835,5,10,3
"252","DE40","Brandenburg",2009,"Brandenburg",2504040,0.653536,0.651295827321568,0.53920468055657,0.529653971871646,5,10,3
"253","DE40","Brandenburg",2010,"Brandenburg",2504040,0.635747,0.642299134760453,0.54581296738298,0.505358263846458,5,9,3
"254","DE40","Brandenburg",2011,"Brandenburg",2504040,0.606424,0.642574097424323,0.521354713072365,0.485557243357293,5,10,3
"255","DE40","Brandenburg",2012,"Brandenburg",2504040,0.600784,0.636445755967947,0.528434620426113,0.476145343393962,5,10,3
"256","DE40","Brandenburg",2013,"Brandenburg",2504040,0.559613,0.602917425738944,0.516730306307083,0.459622609602175,5,10,3
"257","DE40","Brandenburg",2014,"Brandenburg",2504040,0.539331,0.5981212935114,0.51286744608232,0.437858514558852,5,10,3
"258","DE40","Brandenburg",2015,"Brandenburg",2504040,0.50891,0.598299313733108,0.498957997753841,0.405958521707917,5,10,3
"259","DE40","Brandenburg",2016,"Brandenburg",2504040,0.483744,0.595147917515558,0.488995858840314,0.381322268505187,5,10,3
"260","DE40","Brandenburg",2017,"Brandenburg",2504040,0.456818,0.59428215872053,0.474413181812749,0.356381260660255,5,10,3
"261","DE50","Bremen",1998,"Bremen",681032,0.775593,0.748596047611926,0.643110020048152,0.511533890676613,4,8,2
"262","DE50","Bremen",1999,"Bremen",681032,0.727807,0.702418437105726,0.629446751242762,0.499695717980561,4,8,2
"263","DE50","Bremen",2000,"Bremen",681032,0.673339,0.700912405016821,0.581568257587006,0.467378149400245,4,8,2
"264","DE50","Bremen",2001,"Bremen",681032,0.611281,0.705529223159422,0.522410070865485,0.428832701991095,4,7,2
"265","DE50","Bremen",2002,"Bremen",681032,0.606855,0.670016077403704,0.540141647122149,0.439974808354832,4,7,2
"266","DE50","Bremen",2003,"Bremen",681032,0.613331,0.667962438348932,0.543247162073747,0.448637200659739,4,7,2
"267","DE50","Bremen",2004,"Bremen",681032,0.624803,0.674111445136216,0.541642979569546,0.461300368319547,4,8,2
"268","DE50","Bremen",2005,"Bremen",681032,0.645244,0.640263451457898,0.556265468231908,0.511187204798892,4,8,2
"269","DE50","Bremen",2006,"Bremen",681032,0.60532,0.602613263505181,0.554471480798123,0.490745437198971,4,7,2
"270","DE50","Bremen",2007,"Bremen",681032,0.587821,0.599886801551003,0.55735213694746,0.464343350812026,4,7,2
"271","DE50","Bremen",2008,"Bremen",681032,0.523273,0.575219498175693,0.510810836003079,0.438730078558266,3,6,2
"272","DE50","Bremen",2009,"Bremen",681032,0.522058,0.549045258895514,0.528716170427357,0.445175700751328,3,6,2
"273","DE50","Bremen",2010,"Bremen",681032,0.508172,0.521712982904471,0.540599091577291,0.43979679667592,3,6,2
"274","DE50","Bremen",2011,"Bremen",681032,0.496332,0.53660153935487,0.526499020159986,0.421247171531827,4,7,2
"275","DE50","Bremen",2012,"Bremen",681032,0.47845,0.519144416984522,0.524643011812526,0.413737471978767,4,7,2
"276","DE50","Bremen",2013,"Bremen",681032,0.455725,0.492792987544927,0.528194756221966,0.402450405197455,4,7,2
"277","DE50","Bremen",2014,"Bremen",681032,0.448996,0.493556059094057,0.527457723302348,0.392330672889742,4,7,2
"278","DE50","Bremen",2015,"Bremen",681032,0.435686,0.495911297518148,0.522796335139085,0.374671142130603,4,7,2
"279","DE50","Bremen",2016,"Bremen",681032,0.424244,0.501120409034641,0.516780582875107,0.358315479853553,4,7,2
"280","DE50","Bremen",2017,"Bremen",681032,0.429171,0.537905725663851,0.506153740502114,0.339546694924222,4,8,2
"281","DE60","Hamburg",1998,"Hamburg",1830584,0.542456,0.698532912733438,0.48539555851543,0.369606095267348,1,2,1
"282","DE60","Hamburg",1999,"Hamburg",1830584,0.512264,0.697169895422163,0.465430738639328,0.345645100287905,1,1,1
"283","DE60","Hamburg",2000,"Hamburg",1830584,0.47618,0.698564743173282,0.438513407203374,0.317041418309101,1,1,1
"284","DE60","Hamburg",2001,"Hamburg",1830584,0.418758,0.689119787058978,0.387089024917765,0.291779049743363,1,1,1
"285","DE60","Hamburg",2002,"Hamburg",1830584,0.414171,0.657535820281398,0.399964122397794,0.303607031235281,1,1,1
"286","DE60","Hamburg",2003,"Hamburg",1830584,0.413771,0.640016215412655,0.396052189461267,0.324438717792632,1,1,1
"287","DE60","Hamburg",2004,"Hamburg",1830584,0.398815,0.622874944533409,0.385079836826955,0.330118534044111,1,1,1
"288","DE60","Hamburg",2005,"Hamburg",1830584,0.422455,0.613211521174958,0.403210754113985,0.357109854828522,1,1,1
"289","DE60","Hamburg",2006,"Hamburg",1830584,0.407615,0.600833111389298,0.397870985814185,0.352568779431588,1,2,1
"290","DE60","Hamburg",2007,"Hamburg",1830584,0.376128,0.564168583628118,0.412289518774315,0.327584574145842,1,2,1
"291","DE60","Hamburg",2008,"Hamburg",1830584,0.32137,0.518037332067963,0.396226178673968,0.307642413688088,1,1,1
"292","DE60","Hamburg",2009,"Hamburg",1830584,0.297526,0.496381510782128,0.380041991209194,0.309716368399588,1,1,1
"293","DE60","Hamburg",2010,"Hamburg",1830584,0.288544,0.474106787151715,0.397543424675452,0.301016048149892,1,1,1
"294","DE60","Hamburg",2011,"Hamburg",1830584,0.237783,0.457484641590819,0.362894770746783,0.276145494346437,1,1,1
"295","DE60","Hamburg",2012,"Hamburg",1830584,0.224968,0.451114677752603,0.36230153674497,0.263885570739033,1,1,1
"296","DE60","Hamburg",2013,"Hamburg",1830584,0.180765,0.393708567652021,0.364806686064041,0.252482375621233,1,1,1
"297","DE60","Hamburg",2014,"Hamburg",1830584,0.166278,0.37450614503777,0.370019967417633,0.24474098195962,1,1,1
"298","DE60","Hamburg",2015,"Hamburg",1830584,0.146684,0.372145827849555,0.358982476128063,0.22874857535896,1,1,1
"299","DE60","Hamburg",2016,"Hamburg",1830584,0.125102,0.363422090074013,0.353802272759393,0.210279841910295,1,1,1
"300","DE60","Hamburg",2017,"Hamburg",1830584,0.09536,0.342429022166434,0.344808763604228,0.195653459846431,1,1,1
"301","DE71","Darmstadt",1998,"Hessen",3978050,0.534203,0.694142449186528,0.488607237825352,0.358405256009934,1,1,1
"302","DE71","Darmstadt",1999,"Hessen",3978050,0.512585,0.705339472314504,0.467867627858648,0.33552103724871,1,2,1
"303","DE71","Darmstadt",2000,"Hessen",3978050,0.469704,0.700289231589194,0.437092421894055,0.30702467705971,1,1,1
"304","DE71","Darmstadt",2001,"Hessen",3978050,0.393828,0.675800528564575,0.384459119760796,0.270332649850954,1,1,1
"305","DE71","Darmstadt",2002,"Hessen",3978050,0.388579,0.655987736485338,0.390408690775187,0.276322507282756,1,1,1
"306","DE71","Darmstadt",2003,"Hessen",3978050,0.394316,0.645886076726771,0.391762883961148,0.293675407349641,1,1,1
"307","DE71","Darmstadt",2004,"Hessen",3978050,0.394492,0.624581513391584,0.395908329531085,0.311098278173403,1,1,1
"308","DE71","Darmstadt",2005,"Hessen",3978050,0.410136,0.609624885479442,0.408490129871467,0.336939182387617,1,1,1
"309","DE71","Darmstadt",2006,"Hessen",3978050,0.393777,0.589712591556296,0.404842958817279,0.335959604231946,1,1,1
"310","DE71","Darmstadt",2007,"Hessen",3978050,0.37246,0.578662808702495,0.406387609902639,0.313490109374462,1,1,1
"311","DE71","Darmstadt",2008,"Hessen",3978050,0.329429,0.548566117738147,0.393497820767061,0.291929389794187,1,1,1
"312","DE71","Darmstadt",2009,"Hessen",3978050,0.320931,0.536611307514563,0.387666789840373,0.296968786731924,1,1,1
"313","DE71","Darmstadt",2010,"Hessen",3978050,0.301787,0.507314572709587,0.393419476174163,0.291797483945688,1,1,1
"314","DE71","Darmstadt",2011,"Hessen",3978050,0.268217,0.483623522548925,0.383456344335239,0.275096252759233,1,1,1
"315","DE71","Darmstadt",2012,"Hessen",3978050,0.258001,0.475471978772395,0.38082905222503,0.27055149069331,1,1,1
"316","DE71","Darmstadt",2013,"Hessen",3978050,0.243823,0.453093964956383,0.385693918694411,0.266796923173093,1,1,1
"317","DE71","Darmstadt",2014,"Hessen",3978050,0.217367,0.430026516955933,0.379011994192357,0.256862737141531,1,1,1
"318","DE71","Darmstadt",2015,"Hessen",3978050,0.196048,0.425224784950897,0.369691384650778,0.239006155020949,1,1,1
"319","DE71","Darmstadt",2016,"Hessen",3978050,0.184691,0.432024840305505,0.363669900878588,0.221192449678709,1,1,1
"320","DE71","Darmstadt",2017,"Hessen",3978050,0.159507,0.416067047219855,0.354075693053116,0.20896869760001,1,1,1
"321","DE72","Gießen",1998,"Hessen",1045807,0.651931,0.743774742678718,0.539361813165015,0.434610458989047,2,4,2
"322","DE72","Gießen",1999,"Hessen",1045807,0.625415,0.743117158201325,0.520252274390758,0.414602852043848,2,4,2
"323","DE72","Gießen",2000,"Hessen",1045807,0.584713,0.744836244924949,0.502786176861794,0.369297974201721,2,4,2
"324","DE72","Gießen",2001,"Hessen",1045807,0.526764,0.74034819785126,0.450513287490498,0.339134882605238,2,4,2
"325","DE72","Gießen",2002,"Hessen",1045807,0.515833,0.710463180621543,0.457070277033202,0.346066383930811,2,4,2
"326","DE72","Gießen",2003,"Hessen",1045807,0.528354,0.716661557176247,0.458886072686818,0.356833180587259,2,4,2
"327","DE72","Gießen",2004,"Hessen",1045807,0.521418,0.688226597840122,0.462733918953624,0.371016663412211,2,4,2
"328","DE72","Gießen",2005,"Hessen",1045807,0.535295,0.665835385533854,0.471585440217983,0.405372522994775,3,5,2
"329","DE72","Gießen",2006,"Hessen",1045807,0.520653,0.661469732929571,0.46310336940709,0.396256303448992,2,4,2
"330","DE72","Gießen",2007,"Hessen",1045807,0.498369,0.654200934399389,0.459432704315308,0.37377012822548,2,4,2
"331","DE72","Gießen",2008,"Hessen",1045807,0.4661,0.621563692678586,0.440551634506294,0.376884759195391,2,4,2
"332","DE72","Gießen",2009,"Hessen",1045807,0.4578,0.603771324842671,0.43721733630008,0.385561119286559,3,5,2
"333","DE72","Gießen",2010,"Hessen",1045807,0.440112,0.585587676128407,0.441493132888548,0.372937680547512,2,4,2
"334","DE72","Gießen",2011,"Hessen",1045807,0.410397,0.575289056098412,0.43011549116961,0.35004116836465,3,5,2
"335","DE72","Gießen",2012,"Hessen",1045807,0.401346,0.568194287615647,0.429263280957918,0.34441169765917,3,5,2
"336","DE72","Gießen",2013,"Hessen",1045807,0.383129,0.548584177209535,0.428459762037624,0.337499857247333,3,5,2
"337","DE72","Gießen",2014,"Hessen",1045807,0.361034,0.534711317717594,0.42198933722887,0.324701024883634,3,5,2
"338","DE72","Gießen",2015,"Hessen",1045807,0.349735,0.538590311112363,0.416744625785529,0.309118132926996,3,5,2
"339","DE72","Gießen",2016,"Hessen",1045807,0.337011,0.548447596711568,0.406104465855921,0.290815344979648,3,5,2
"340","DE72","Gießen",2017,"Hessen",1045807,0.317289,0.541313433138468,0.395738847240525,0.278731547314525,3,5,2
"341","DE73","Kassel",1998,"Hessen",1219405,0.679058,0.731835156396898,0.577357866775322,0.449243697093491,3,5,2
"342","DE73","Kassel",1999,"Hessen",1219405,0.651265,0.727682836284517,0.558607976701377,0.430456130910169,3,5,2
"343","DE73","Kassel",2000,"Hessen",1219405,0.628581,0.755822409133737,0.541405473769197,0.385494461507651,3,6,2
"344","DE73","Kassel",2001,"Hessen",1219405,0.563643,0.736347283418635,0.484794440352417,0.364173507382878,3,5,2
"345","DE73","Kassel",2002,"Hessen",1219405,0.548884,0.706978365837713,0.489269646107647,0.366927909268696,3,5,2
"346","DE73","Kassel",2003,"Hessen",1219405,0.558538,0.717181764020008,0.489003224800626,0.371472026880302,3,5,2
"347","DE73","Kassel",2004,"Hessen",1219405,0.553966,0.702610408936118,0.485433245850088,0.382755495053082,3,6,2
"348","DE73","Kassel",2005,"Hessen",1219405,0.564475,0.674236672953931,0.498745932870229,0.413579322230889,3,5,2
"349","DE73","Kassel",2006,"Hessen",1219405,0.550515,0.673949283014141,0.497007701145575,0.394665241356106,3,5,2
"350","DE73","Kassel",2007,"Hessen",1219405,0.526105,0.668142785693677,0.493794653691773,0.367070658562496,3,5,2
"351","DE73","Kassel",2008,"Hessen",1219405,0.483099,0.614067958279455,0.476456081123203,0.37397525028219,3,5,2
"352","DE73","Kassel",2009,"Hessen",1219405,0.485136,0.611108147537066,0.475008519568431,0.381437895510541,3,5,2
"353","DE73","Kassel",2010,"Hessen",1219405,0.458288,0.596811408119671,0.474750420977847,0.355720664799769,3,5,2
"354","DE73","Kassel",2011,"Hessen",1219405,0.422572,0.577236346173228,0.465958979653896,0.330513699586699,3,5,2
"355","DE73","Kassel",2012,"Hessen",1219405,0.424435,0.588561155529974,0.466250964793425,0.321690165025083,3,5,2
"356","DE73","Kassel",2013,"Hessen",1219405,0.395362,0.554638876660841,0.466474316491182,0.311780813264465,3,5,2
"357","DE73","Kassel",2014,"Hessen",1219405,0.372948,0.539187520391948,0.459407592495963,0.300677263172553,3,5,2
"358","DE73","Kassel",2015,"Hessen",1219405,0.356492,0.539044378745633,0.452103423812168,0.283440881110582,3,5,2
"359","DE73","Kassel",2016,"Hessen",1219405,0.349748,0.552141110895813,0.443915498467429,0.268416007292586,3,5,2
"360","DE73","Kassel",2017,"Hessen",1219405,0.319628,0.538894782230894,0.430572758443431,0.24982450179767,3,5,2
"361","DE80","Mecklenburg-Vorpommern",1998,"Mecklenburg-Vorpommern",1611119,0.965085,0.753295920261198,0.74839689177042,0.685784941805195,5,10,3
"362","DE80","Mecklenburg-Vorpommern",1999,"Mecklenburg-Vorpommern",1611119,0.933287,0.759089988704107,0.719284074275664,0.661406036839798,5,10,3
"363","DE80","Mecklenburg-Vorpommern",2000,"Mecklenburg-Vorpommern",1611119,0.913488,0.760108927093179,0.70580770719943,0.644165841351344,5,10,3
"364","DE80","Mecklenburg-Vorpommern",2001,"Mecklenburg-Vorpommern",1611119,0.917582,0.800779538045289,0.688996502291685,0.626446327458639,5,10,3
"365","DE80","Mecklenburg-Vorpommern",2002,"Mecklenburg-Vorpommern",1611119,0.889086,0.741662613160474,0.694726930322797,0.63708979192795,5,10,3
"366","DE80","Mecklenburg-Vorpommern",2003,"Mecklenburg-Vorpommern",1611119,0.890768,0.727085217813251,0.685891642945898,0.663025268869386,5,10,3
"367","DE80","Mecklenburg-Vorpommern",2004,"Mecklenburg-Vorpommern",1611119,0.891598,0.709525819011487,0.690591047467983,0.677130427563554,5,10,3
"368","DE80","Mecklenburg-Vorpommern",2005,"Mecklenburg-Vorpommern",1611119,0.909187,0.718832232900268,0.699653201430309,0.685144156817775,5,10,3
"369","DE80","Mecklenburg-Vorpommern",2006,"Mecklenburg-Vorpommern",1611119,0.89551,0.726286089885013,0.684924532044587,0.671903756434474,5,10,3
"370","DE80","Mecklenburg-Vorpommern",2007,"Mecklenburg-Vorpommern",1611119,0.840909,0.699620895846807,0.663327544725977,0.638264359031672,5,10,3
"371","DE80","Mecklenburg-Vorpommern",2008,"Mecklenburg-Vorpommern",1611119,0.792123,0.706294325615247,0.620874566961756,0.600865764239635,5,10,3
"372","DE80","Mecklenburg-Vorpommern",2009,"Mecklenburg-Vorpommern",1611119,0.768938,0.718849948059061,0.593388427434736,0.581018945658157,5,10,3
"373","DE80","Mecklenburg-Vorpommern",2010,"Mecklenburg-Vorpommern",1611119,0.76638,0.732573862406456,0.597191643916141,0.559654776465047,5,10,3
"374","DE80","Mecklenburg-Vorpommern",2011,"Mecklenburg-Vorpommern",1611119,0.743162,0.73432504253171,0.576784297062253,0.543484247249137,5,10,3
"375","DE80","Mecklenburg-Vorpommern",2012,"Mecklenburg-Vorpommern",1611119,0.703226,0.691980044895404,0.578036447275875,0.524672234390293,5,10,3
"376","DE80","Mecklenburg-Vorpommern",2013,"Mecklenburg-Vorpommern",1611119,0.662488,0.648869996632377,0.570871505326753,0.513840292874089,5,10,3
"377","DE80","Mecklenburg-Vorpommern",2014,"Mecklenburg-Vorpommern",1611119,0.610959,0.603804011437646,0.56232852199458,0.490156808413776,5,10,3
"378","DE80","Mecklenburg-Vorpommern",2015,"Mecklenburg-Vorpommern",1611119,0.590521,0.617930567847349,0.548016229660396,0.459684207342035,5,10,3
"379","DE80","Mecklenburg-Vorpommern",2016,"Mecklenburg-Vorpommern",1611119,0.577441,0.634793292635856,0.539552971437543,0.431665282621141,5,10,3
"380","DE80","Mecklenburg-Vorpommern",2017,"Mecklenburg-Vorpommern",1611119,0.542356,0.627627290252202,0.523264679983711,0.402492276332804,5,10,3
"381","DE91","Braunschweig",1998,"Niedersachsen",1595734,0.69788,0.692736688330639,0.583514264749188,0.510419734122783,3,6,2
"382","DE91","Braunschweig",1999,"Niedersachsen",1595734,0.658386,0.673521840548867,0.565017641647436,0.48888935602773,3,6,2
"383","DE91","Braunschweig",2000,"Niedersachsen",1595734,0.616616,0.679152278989709,0.53718628940644,0.448436226885432,3,6,2
"384","DE91","Braunschweig",2001,"Niedersachsen",1595734,0.57066,0.668781786608099,0.50018795698667,0.426871077625413,3,6,2
"385","DE91","Braunschweig",2002,"Niedersachsen",1595734,0.567668,0.65376190971916,0.504372793786954,0.433218018785293,3,6,2
"386","DE91","Braunschweig",2003,"Niedersachsen",1595734,0.579102,0.670472263563866,0.502347933639429,0.435682813828048,3,6,2
"387","DE91","Braunschweig",2004,"Niedersachsen",1595734,0.539941,0.59853510846511,0.505675022365252,0.445551934325308,3,5,2
"388","DE91","Braunschweig",2005,"Niedersachsen",1595734,0.583753,0.613412999117081,0.52024553573391,0.481821178977922,3,6,2
"389","DE91","Braunschweig",2006,"Niedersachsen",1595734,0.56152,0.593986234170107,0.515459349603981,0.472685161788795,3,5,2
"390","DE91","Braunschweig",2007,"Niedersachsen",1595734,0.527035,0.559092653668635,0.513682136581685,0.457627893715063,3,5,2
"391","DE91","Braunschweig",2008,"Niedersachsen",1595734,0.494977,0.559938764929567,0.490425302575353,0.431951508886394,3,5,2
"392","DE91","Braunschweig",2009,"Niedersachsen",1595734,0.46996,0.532994551550514,0.480431304608272,0.431364743740087,3,5,2
"393","DE91","Braunschweig",2010,"Niedersachsen",1595734,0.450694,0.514959854300222,0.486850456409845,0.414081355662067,3,5,2
"394","DE91","Braunschweig",2011,"Niedersachsen",1595734,0.422451,0.521785243618663,0.467922052499414,0.383819938394314,3,5,2
"395","DE91","Braunschweig",2012,"Niedersachsen",1595734,0.390492,0.499749112274137,0.458988452469478,0.366850538138336,2,4,2
"396","DE91","Braunschweig",2013,"Niedersachsen",1595734,0.355968,0.464903146330344,0.454107202297961,0.354792705096171,2,4,2
"397","DE91","Braunschweig",2014,"Niedersachsen",1595734,0.331513,0.455076227026514,0.444728796507207,0.337315457192039,2,4,2
"398","DE91","Braunschweig",2015,"Niedersachsen",1595734,0.316682,0.462519945358814,0.435486727165168,0.316866938955492,2,4,2
"399","DE91","Braunschweig",2016,"Niedersachsen",1595734,0.298581,0.455366056059859,0.426732219227528,0.305624034955598,2,4,2
"400","DE91","Braunschweig",2017,"Niedersachsen",1595734,0.281492,0.457850045818912,0.413121764121736,0.291115972877167,2,4,2
"401","DE92","Hannover",1998,"Niedersachsen",2144120,0.700651,0.725620283546258,0.589357759998829,0.475849186960237,3,6,2
"402","DE92","Hannover",1999,"Niedersachsen",2144120,0.668493,0.715467229366341,0.570964993010509,0.456156801203059,3,6,2
"403","DE92","Hannover",2000,"Niedersachsen",2144120,0.615093,0.714627017262618,0.534469235869772,0.413392971629636,3,6,2
"404","DE92","Hannover",2001,"Niedersachsen",2144120,0.579782,0.718913287787229,0.498191090800394,0.392418667014876,3,6,2
"405","DE92","Hannover",2002,"Niedersachsen",2144120,0.580962,0.698929925096405,0.508574862775001,0.403788584153039,3,6,2
"406","DE92","Hannover",2003,"Niedersachsen",2144120,0.596693,0.708706254988637,0.509847143384012,0.416336562492093,3,6,2
"407","DE92","Hannover",2004,"Niedersachsen",2144120,0.55365,0.640361175481956,0.504504806172507,0.425458612176355,3,6,2
"408","DE92","Hannover",2005,"Niedersachsen",2144120,0.606404,0.649802914648364,0.522221378967593,0.477431462413741,3,6,2
"409","DE92","Hannover",2006,"Niedersachsen",2144120,0.58036,0.633513398752242,0.518478246073636,0.45839879249829,3,6,2
"410","DE92","Hannover",2007,"Niedersachsen",2144120,0.553105,0.613095954333233,0.519193869906213,0.437217973513822,3,6,2
"411","DE92","Hannover",2008,"Niedersachsen",2144120,0.523975,0.608372002226607,0.497748927288334,0.419691585777313,3,6,2
"412","DE92","Hannover",2009,"Niedersachsen",2144120,0.494092,0.575250552151236,0.48539407182013,0.420343910220731,3,5,2
"413","DE92","Hannover",2010,"Niedersachsen",2144120,0.482885,0.55946646343165,0.495148344698692,0.409562269578701,3,6,2
"414","DE92","Hannover",2011,"Niedersachsen",2144120,0.455247,0.557524760442477,0.478257278790687,0.386939138110718,3,6,2
"415","DE92","Hannover",2012,"Niedersachsen",2144120,0.44185,0.550587800390706,0.477626123430064,0.37441208623508,3,5,2
"416","DE92","Hannover",2013,"Niedersachsen",2144120,0.40927,0.510973457240187,0.477124874458983,0.365656523491024,3,5,2
"417","DE92","Hannover",2014,"Niedersachsen",2144120,0.387302,0.49933624751685,0.467605417964515,0.353861886685742,3,5,2
"418","DE92","Hannover",2015,"Niedersachsen",2144120,0.371954,0.503443584985314,0.45977747748742,0.334560490793027,3,5,2
"419","DE92","Hannover",2016,"Niedersachsen",2144120,0.351106,0.49216045149159,0.453147582216038,0.321201806156999,3,5,2
"420","DE92","Hannover",2017,"Niedersachsen",2144120,0.331336,0.49438935160361,0.439735042941086,0.302729720670933,3,5,2
"421","DE93","Lüneburg",1998,"Niedersachsen",1706464,0.719914,0.741982216586252,0.560131795630047,0.517606523082231,4,7,2
"422","DE93","Lüneburg",1999,"Niedersachsen",1706464,0.689676,0.730710205045745,0.543214529810934,0.500439824794224,4,7,2
"423","DE93","Lüneburg",2000,"Niedersachsen",1706464,0.660373,0.746803200443538,0.520432582231896,0.463173482260963,4,7,2
"424","DE93","Lüneburg",2001,"Niedersachsen",1706464,0.613463,0.726274635766662,0.486339029539037,0.447430526222174,4,7,2
"425","DE93","Lüneburg",2002,"Niedersachsen",1706464,0.620131,0.715826665480086,0.498363673507334,0.455856276438026,4,7,2
"426","DE93","Lüneburg",2003,"Niedersachsen",1706464,0.622358,0.707992373516207,0.496091085451291,0.469303676821055,4,8,2
"427","DE93","Lüneburg",2004,"Niedersachsen",1706464,0.605928,0.669133339812408,0.499586450884147,0.48002188468643,4,7,2
"428","DE93","Lüneburg",2005,"Niedersachsen",1706464,0.651116,0.690956743889402,0.510681425429675,0.514885951086973,4,8,2
"429","DE93","Lüneburg",2006,"Niedersachsen",1706464,0.616274,0.660403051476009,0.500153414670635,0.503705173163982,4,7,2
"430","DE93","Lüneburg",2007,"Niedersachsen",1706464,0.595362,0.654265045089726,0.495410324746338,0.483217484761047,4,8,2
"431","DE93","Lüneburg",2008,"Niedersachsen",1706464,0.556154,0.634473101772834,0.474614083422871,0.464993942378416,4,7,2
"432","DE93","Lüneburg",2009,"Niedersachsen",1706464,0.533638,0.616451037496575,0.467253398590159,0.456602706721237,4,7,2
"433","DE93","Lüneburg",2010,"Niedersachsen",1706464,0.518718,0.598260550003723,0.474575984867759,0.445090700382088,4,7,2
"434","DE93","Lüneburg",2011,"Niedersachsen",1706464,0.490352,0.595625881633316,0.4559807157096,0.423772256633539,3,6,2
"435","DE93","Lüneburg",2012,"Niedersachsen",1706464,0.474382,0.587990154962215,0.447661567480875,0.415771476003089,3,6,2
"436","DE93","Lüneburg",2013,"Niedersachsen",1706464,0.441866,0.550748925824598,0.44204749963594,0.409852796234061,3,6,2
"437","DE93","Lüneburg",2014,"Niedersachsen",1706464,0.412633,0.534956954753097,0.432661374653287,0.391181614832717,3,6,2
"438","DE93","Lüneburg",2015,"Niedersachsen",1706464,0.39952,0.539378994557879,0.425281143098465,0.37446960933168,3,6,2
"439","DE93","Lüneburg",2016,"Niedersachsen",1706464,0.392511,0.549949613752313,0.417409345355074,0.361257739439019,3,6,2
"440","DE93","Lüneburg",2017,"Niedersachsen",1706464,0.373224,0.554159603684727,0.403043542109462,0.342483932071414,3,6,2
"441","DE94","Weser-Ems",1998,"Niedersachsen",2516457,0.778208,0.758603162071265,0.606683539815471,0.541875032880631,4,8,2
"442","DE94","Weser-Ems",1999,"Niedersachsen",2516457,0.743683,0.743298414334368,0.589303759696939,0.522771612514026,4,8,2
"443","DE94","Weser-Ems",2000,"Niedersachsen",2516457,0.712626,0.751485256990417,0.572890818545369,0.484412672756695,4,8,2
"444","DE94","Weser-Ems",2001,"Niedersachsen",2516457,0.673321,0.742799736787612,0.539739108384706,0.467293361773881,4,8,2
"445","DE94","Weser-Ems",2002,"Niedersachsen",2516457,0.68058,0.734463430474232,0.550872734137794,0.475384468609608,4,8,2
"446","DE94","Weser-Ems",2003,"Niedersachsen",2516457,0.689192,0.741575036774483,0.546830079275089,0.485232449937263,4,8,2
"447","DE94","Weser-Ems",2004,"Niedersachsen",2516457,0.661883,0.685539060530022,0.549479713759936,0.497655596627131,4,8,2
"448","DE94","Weser-Ems",2005,"Niedersachsen",2516457,0.703979,0.706395245256592,0.55950930187362,0.529913461412043,4,8,2
"449","DE94","Weser-Ems",2006,"Niedersachsen",2516457,0.682682,0.700386947444004,0.547617424596437,0.515868965348755,4,8,2
"450","DE94","Weser-Ems",2007,"Niedersachsen",2516457,0.647544,0.673228881568708,0.544395579413986,0.493542252084978,4,8,2
"451","DE94","Weser-Ems",2008,"Niedersachsen",2516457,0.616426,0.66903538726982,0.522877034447783,0.472577071642435,5,9,3
"452","DE94","Weser-Ems",2009,"Niedersachsen",2516457,0.594134,0.644071902311064,0.51418830481744,0.472790211355304,5,9,3
"453","DE94","Weser-Ems",2010,"Niedersachsen",2516457,0.583717,0.631587117578901,0.524839910055374,0.458999205272194,5,9,3
"454","DE94","Weser-Ems",2011,"Niedersachsen",2516457,0.547037,0.626767221864656,0.500772510761932,0.432866557380209,5,9,3
"455","DE94","Weser-Ems",2012,"Niedersachsen",2516457,0.53255,0.628495968961225,0.487056712031865,0.423121945033776,5,9,3
"456","DE94","Weser-Ems",2013,"Niedersachsen",2516457,0.493653,0.581041082509274,0.483290826357734,0.415997876150849,4,8,2
"457","DE94","Weser-Ems",2014,"Niedersachsen",2516457,0.471997,0.574286974858746,0.472392384805193,0.401165939189785,4,8,2
"458","DE94","Weser-Ems",2015,"Niedersachsen",2516457,0.465343,0.594505091322591,0.463020628314807,0.380338609317329,4,8,2
"459","DE94","Weser-Ems",2016,"Niedersachsen",2516457,0.447255,0.587597320436687,0.456204089463178,0.366931296464906,4,8,2
"460","DE94","Weser-Ems",2017,"Niedersachsen",2516457,0.437191,0.605762097639085,0.441909731401898,0.347964890683926,5,9,3
"461","DEA1","Düsseldorf",1998,"Nordrhein-Westfalen",5198820,0.681209,0.718006586408172,0.591371974189466,0.452285483586196,3,5,2
"462","DEA1","Düsseldorf",1999,"Nordrhein-Westfalen",5198820,0.649784,0.702045370774214,0.574073337610347,0.438406632022504,3,5,2
"463","DEA1","Düsseldorf",2000,"Nordrhein-Westfalen",5198820,0.587249,0.695364763337722,0.527582260067248,0.397776169773302,3,5,2
"464","DEA1","Düsseldorf",2001,"Nordrhein-Westfalen",5198820,0.539133,0.705993315533522,0.480311672185711,0.36224402624407,3,5,2
"465","DEA1","Düsseldorf",2002,"Nordrhein-Westfalen",5198820,0.542322,0.698831668231343,0.487032933309094,0.367467887581319,3,5,2
"466","DEA1","Düsseldorf",2003,"Nordrhein-Westfalen",5198820,0.542816,0.685095308589582,0.484263004060894,0.384716290631895,3,5,2
"467","DEA1","Düsseldorf",2004,"Nordrhein-Westfalen",5198820,0.537351,0.675411440393544,0.472549459269157,0.397915798312772,3,5,2
"468","DEA1","Düsseldorf",2005,"Nordrhein-Westfalen",5198820,0.569593,0.666374198490027,0.494387695012747,0.433478235246989,3,5,2
"469","DEA1","Düsseldorf",2006,"Nordrhein-Westfalen",5198820,0.567078,0.647533619964468,0.50302308651492,0.439910704065276,3,6,2
"470","DEA1","Düsseldorf",2007,"Nordrhein-Westfalen",5198820,0.554073,0.643513605941249,0.506753332777287,0.420693073120423,3,6,2
"471","DEA1","Düsseldorf",2008,"Nordrhein-Westfalen",5198820,0.519994,0.631848197935617,0.488622798050885,0.399370875092592,3,6,2
"472","DEA1","Düsseldorf",2009,"Nordrhein-Westfalen",5198820,0.508153,0.617021932684728,0.480100515770416,0.404957341223841,3,6,2
"473","DEA1","Düsseldorf",2010,"Nordrhein-Westfalen",5198820,0.492791,0.59820790859491,0.486800641790387,0.394027881728183,3,6,2
"474","DEA1","Düsseldorf",2011,"Nordrhein-Westfalen",5198820,0.457305,0.58371709829567,0.469272327234929,0.372817690415863,3,6,2
"475","DEA1","Düsseldorf",2012,"Nordrhein-Westfalen",5198820,0.453308,0.580769649909855,0.473443252001511,0.365599777181768,3,6,2
"476","DEA1","Düsseldorf",2013,"Nordrhein-Westfalen",5198820,0.444481,0.565469427969935,0.476382002544373,0.364720863435467,3,6,2
"477","DEA1","Düsseldorf",2014,"Nordrhein-Westfalen",5198820,0.428132,0.559088977771386,0.473699961749514,0.349259801536265,3,6,2
"478","DEA1","Düsseldorf",2015,"Nordrhein-Westfalen",5198820,0.414612,0.549310117578496,0.472407247464524,0.340050952534956,3,6,2
"479","DEA1","Düsseldorf",2016,"Nordrhein-Westfalen",5198820,0.395838,0.542051833764701,0.468653672839158,0.322901182194986,3,6,2
"480","DEA1","Düsseldorf",2017,"Nordrhein-Westfalen",5198820,0.380873,0.544491372091077,0.459614803615124,0.307053117976314,3,6,2
"481","DEA2","Köln",1998,"Nordrhein-Westfalen",4454228,0.628196,0.67092623557664,0.557689896921567,0.453528352530508,2,4,2
"482","DEA2","Köln",1999,"Nordrhein-Westfalen",4454228,0.595937,0.653983930808813,0.540237238805629,0.439535039071598,2,4,2
"483","DEA2","Köln",2000,"Nordrhein-Westfalen",4454228,0.534478,0.650842011601305,0.499436699575848,0.391288780479611,2,3,2
"484","DEA2","Köln",2001,"Nordrhein-Westfalen",4454228,0.479785,0.646299685649216,0.453450954188657,0.359777068900366,2,3,2
"485","DEA2","Köln",2002,"Nordrhein-Westfalen",4454228,0.486736,0.642735984221721,0.461401313666749,0.365817225673364,2,3,2
"486","DEA2","Köln",2003,"Nordrhein-Westfalen",4454228,0.488651,0.629476705794853,0.456399805136772,0.386949804776971,2,3,2
"487","DEA2","Köln",2004,"Nordrhein-Westfalen",4454228,0.485155,0.614405713579599,0.452419614451439,0.400757717721817,2,3,2
"488","DEA2","Köln",2005,"Nordrhein-Westfalen",4454228,0.51846,0.610710380382966,0.474391822190094,0.43243758456515,2,4,2
"489","DEA2","Köln",2006,"Nordrhein-Westfalen",4454228,0.512194,0.591985485020513,0.477287234588081,0.438869191443549,2,4,2
"490","DEA2","Köln",2007,"Nordrhein-Westfalen",4454228,0.496273,0.584076212801743,0.47941757886145,0.42076537904302,2,4,2
"491","DEA2","Köln",2008,"Nordrhein-Westfalen",4454228,0.458817,0.568876637429658,0.459066728518564,0.400132219582979,2,4,2
"492","DEA2","Köln",2009,"Nordrhein-Westfalen",4454228,0.439558,0.54998632220508,0.448649412054205,0.400550858858374,2,4,2
"493","DEA2","Köln",2010,"Nordrhein-Westfalen",4454228,0.425249,0.535402870480179,0.455380011527671,0.386940969650401,2,4,2
"494","DEA2","Köln",2011,"Nordrhein-Westfalen",4454228,0.38679,0.519859437463518,0.434800300552817,0.365375904149603,2,4,2
"495","DEA2","Köln",2012,"Nordrhein-Westfalen",4454228,0.378427,0.51500573465029,0.435545783204349,0.356939144725955,2,3,2
"496","DEA2","Köln",2013,"Nordrhein-Westfalen",4454228,0.364054,0.490156509463866,0.438722636826273,0.357052859650318,2,4,2
"497","DEA2","Köln",2014,"Nordrhein-Westfalen",4454228,0.340256,0.474111952383599,0.433857824229263,0.342264805427257,2,4,2
"498","DEA2","Köln",2015,"Nordrhein-Westfalen",4454228,0.327448,0.473477160756745,0.425503774153285,0.332041409782521,2,4,2
"499","DEA2","Köln",2016,"Nordrhein-Westfalen",4454228,0.305281,0.467470677376763,0.419049897447241,0.311251717368643,2,4,2
"500","DEA2","Köln",2017,"Nordrhein-Westfalen",4454228,0.278145,0.454816427928005,0.408235643027851,0.294015343374362,2,3,2
"501","DEA3","Münster",1998,"Nordrhein-Westfalen",2621153,0.684506,0.673719110432304,0.586850780441061,0.506038698298174,3,6,2
"502","DEA3","Münster",1999,"Nordrhein-Westfalen",2621153,0.664201,0.677842821362209,0.567133854757262,0.491174844184785,3,6,2
"503","DEA3","Münster",2000,"Nordrhein-Westfalen",2621153,0.615056,0.677713836405932,0.536390084906413,0.448329537283383,3,5,2
"504","DEA3","Münster",2001,"Nordrhein-Westfalen",2621153,0.570043,0.68148768209522,0.4903492259339,0.423077373939619,3,6,2
"505","DEA3","Münster",2002,"Nordrhein-Westfalen",2621153,0.578558,0.677627037447553,0.49759156247376,0.432468380166705,3,6,2
"506","DEA3","Münster",2003,"Nordrhein-Westfalen",2621153,0.578227,0.66594503561503,0.493536809643642,0.447708920519452,3,6,2
"507","DEA3","Münster",2004,"Nordrhein-Westfalen",2621153,0.577274,0.668003938147633,0.479039934060003,0.458717544437789,3,6,2
"508","DEA3","Münster",2005,"Nordrhein-Westfalen",2621153,0.596283,0.653637668767788,0.494493383039447,0.48614394007011,3,6,2
"509","DEA3","Münster",2006,"Nordrhein-Westfalen",2621153,0.589616,0.64686324260071,0.495557596070894,0.481853258495643,3,6,2
"510","DEA3","Münster",2007,"Nordrhein-Westfalen",2621153,0.566119,0.632663494345964,0.496432972006487,0.459931727304627,3,6,2
"511","DEA3","Münster",2008,"Nordrhein-Westfalen",2621153,0.536268,0.627549828608927,0.477445584465807,0.439256784488055,3,6,2
"512","DEA3","Münster",2009,"Nordrhein-Westfalen",2621153,0.524686,0.608857936444086,0.475648978361797,0.442372159924551,3,6,2
"513","DEA3","Münster",2010,"Nordrhein-Westfalen",2621153,0.511969,0.59759491529676,0.481538188441652,0.428670720216064,3,6,2
"514","DEA3","Münster",2011,"Nordrhein-Westfalen",2621153,0.485311,0.592034056630189,0.468545186334018,0.407237912418389,3,6,2
"515","DEA3","Münster",2012,"Nordrhein-Westfalen",2621153,0.47505,0.582990408079268,0.472006460178514,0.397428578607795,3,6,2
"516","DEA3","Münster",2013,"Nordrhein-Westfalen",2621153,0.455408,0.561257024404773,0.467949199349357,0.393756183138126,3,6,2
"517","DEA3","Münster",2014,"Nordrhein-Westfalen",2621153,0.439724,0.557302179994394,0.462314394512209,0.379819127576338,3,6,2
"518","DEA3","Münster",2015,"Nordrhein-Westfalen",2621153,0.437907,0.569502176543841,0.456317982479873,0.370891178899105,4,7,2
"519","DEA3","Münster",2016,"Nordrhein-Westfalen",2621153,0.424538,0.571282479019892,0.449271499732268,0.35610265578503,4,7,2
"520","DEA3","Münster",2017,"Nordrhein-Westfalen",2621153,0.408853,0.575840193053244,0.437322756047784,0.339967160503531,4,7,2
"521","DEA4","Detmold",1998,"Nordrhein-Westfalen",2054343,0.667585,0.731368014634197,0.543945074014318,0.465915044460866,3,5,2
"522","DEA4","Detmold",1999,"Nordrhein-Westfalen",2054343,0.640889,0.723899518840384,0.525980760433302,0.451303421570385,3,5,2
"523","DEA4","Detmold",2000,"Nordrhein-Westfalen",2054343,0.586165,0.718618344900428,0.489865602935063,0.410614059274529,3,5,2
"524","DEA4","Detmold",2001,"Nordrhein-Westfalen",2054343,0.534001,0.719077975652083,0.442000063207705,0.379774023725928,2,4,2
"525","DEA4","Detmold",2002,"Nordrhein-Westfalen",2054343,0.543748,0.706627122080729,0.452304784225077,0.396540169130698,3,5,2
"526","DEA4","Detmold",2003,"Nordrhein-Westfalen",2054343,0.548323,0.69687009344002,0.449680562170244,0.415783443434729,3,5,2
"527","DEA4","Detmold",2004,"Nordrhein-Westfalen",2054343,0.538089,0.683387290267618,0.438183336486864,0.425413585432189,3,5,2
"528","DEA4","Detmold",2005,"Nordrhein-Westfalen",2054343,0.564714,0.6773974821797,0.45626455830275,0.453258501033411,3,5,2
"529","DEA4","Detmold",2006,"Nordrhein-Westfalen",2054343,0.546268,0.661815498167867,0.457728360710371,0.439707725606584,3,5,2
"530","DEA4","Detmold",2007,"Nordrhein-Westfalen",2054343,0.524876,0.657934491706207,0.458093520967356,0.411136203757743,3,5,2
"531","DEA4","Detmold",2008,"Nordrhein-Westfalen",2054343,0.490021,0.646654669058641,0.437914069425354,0.39031371099395,3,5,2
"532","DEA4","Detmold",2009,"Nordrhein-Westfalen",2054343,0.504103,0.650132777070554,0.440273439055416,0.405598719028672,3,6,2
"533","DEA4","Detmold",2010,"Nordrhein-Westfalen",2054343,0.481931,0.625240362596261,0.444893646592055,0.392612216904254,3,5,2
"534","DEA4","Detmold",2011,"Nordrhein-Westfalen",2054343,0.453481,0.620934283299844,0.432570041679205,0.366567279235545,3,5,2
"535","DEA4","Detmold",2012,"Nordrhein-Westfalen",2054343,0.448243,0.621153828008642,0.434041880668766,0.35701922181314,3,6,2
"536","DEA4","Detmold",2013,"Nordrhein-Westfalen",2054343,0.427719,0.599381762338122,0.429645799182725,0.352401666702346,3,6,2
"537","DEA4","Detmold",2014,"Nordrhein-Westfalen",2054343,0.410581,0.597606502511329,0.420424546007943,0.337690888063392,3,6,2
"538","DEA4","Detmold",2015,"Nordrhein-Westfalen",2054343,0.405352,0.604517425077275,0.41743673347865,0.325923540850968,3,6,2
"539","DEA4","Detmold",2016,"Nordrhein-Westfalen",2054343,0.383047,0.600088927311595,0.408788131195848,0.305543105063447,3,6,2
"540","DEA4","Detmold",2017,"Nordrhein-Westfalen",2054343,0.364951,0.601158481602438,0.395933821461953,0.290184461705655,3,6,2
"541","DEA5","Arnsberg",1998,"Nordrhein-Westfalen",3583590,0.721593,0.736068728435378,0.596653236511973,0.489517016284909,4,7,2
"542","DEA5","Arnsberg",1999,"Nordrhein-Westfalen",3583590,0.693127,0.726403624863935,0.578505763726545,0.474631535696841,4,7,2
"543","DEA5","Arnsberg",2000,"Nordrhein-Westfalen",3583590,0.640692,0.717660788846545,0.547461767674572,0.435764785823047,3,6,2
"544","DEA5","Arnsberg",2001,"Nordrhein-Westfalen",3583590,0.593607,0.724529021219377,0.498312882986509,0.407418739808145,3,6,2
"545","DEA5","Arnsberg",2002,"Nordrhein-Westfalen",3583590,0.602547,0.724393248998005,0.504121185809432,0.415156798229707,3,6,2
"546","DEA5","Arnsberg",2003,"Nordrhein-Westfalen",3583590,0.606138,0.716145221817498,0.499768040043054,0.43314426483796,4,7,2
"547","DEA5","Arnsberg",2004,"Nordrhein-Westfalen",3583590,0.602164,0.716793671878098,0.480428043630115,0.445874152393739,4,7,2
"548","DEA5","Arnsberg",2005,"Nordrhein-Westfalen",3583590,0.623273,0.699000865732539,0.497633170837717,0.478125672684001,4,7,2
"549","DEA5","Arnsberg",2006,"Nordrhein-Westfalen",3583590,0.618606,0.693568866198926,0.498305816604209,0.475885035969308,4,7,2
"550","DEA5","Arnsberg",2007,"Nordrhein-Westfalen",3583590,0.590828,0.680775945862678,0.498435635221309,0.44687988564815,4,7,2
"551","DEA5","Arnsberg",2008,"Nordrhein-Westfalen",3583590,0.559659,0.67350672725817,0.481368271891527,0.424463941644928,4,7,2
"552","DEA5","Arnsberg",2009,"Nordrhein-Westfalen",3583590,0.561494,0.661616101779762,0.481242904184807,0.43923209758486,4,8,2
"553","DEA5","Arnsberg",2010,"Nordrhein-Westfalen",3583590,0.544588,0.638018935792997,0.491042136029792,0.427671862943021,4,8,2
"554","DEA5","Arnsberg",2011,"Nordrhein-Westfalen",3583590,0.508116,0.626315225608567,0.474391885853172,0.401317235031945,4,8,2
"555","DEA5","Arnsberg",2012,"Nordrhein-Westfalen",3583590,0.505464,0.631038088604157,0.477014487392152,0.389993521425166,4,7,2
"556","DEA5","Arnsberg",2013,"Nordrhein-Westfalen",3583590,0.491571,0.605761248074083,0.484470901174788,0.38697388023722,4,8,2
"557","DEA5","Arnsberg",2014,"Nordrhein-Westfalen",3583590,0.469392,0.595349008486705,0.479382591144494,0.369206716057278,4,8,2
"558","DEA5","Arnsberg",2015,"Nordrhein-Westfalen",3583590,0.468708,0.609417922520452,0.477519031688669,0.355975466398462,5,9,3
"559","DEA5","Arnsberg",2016,"Nordrhein-Westfalen",3583590,0.448001,0.600356324160156,0.470875176125009,0.340620065879779,4,8,2
"560","DEA5","Arnsberg",2017,"Nordrhein-Westfalen",3583590,0.432737,0.606639439368476,0.458439752972859,0.323876063608,4,8,2
"561","DEB1","Koblenz",1998,"Rheinland-Pfalz",1493055,0.711487,0.791345734289274,0.544410392288648,0.471323986411535,3,6,2
"562","DEB1","Koblenz",1999,"Rheinland-Pfalz",1493055,0.685316,0.785599036397875,0.527194587953385,0.455029982253704,3,6,2
"563","DEB1","Koblenz",2000,"Rheinland-Pfalz",1493055,0.64861,0.785064854845318,0.511993519989473,0.415705979483223,4,7,2
"564","DEB1","Koblenz",2001,"Rheinland-Pfalz",1493055,0.607632,0.768702086050079,0.481977265367631,0.400618050590311,4,7,2
"565","DEB1","Koblenz",2002,"Rheinland-Pfalz",1493055,0.609907,0.756865318706287,0.485265277339562,0.41257956744711,4,7,2
"566","DEB1","Koblenz",2003,"Rheinland-Pfalz",1493055,0.611348,0.753283577566092,0.478008644098852,0.425579294847148,4,7,2
"567","DEB1","Koblenz",2004,"Rheinland-Pfalz",1493055,0.597895,0.722186523554777,0.478304238718212,0.43620240391,3,6,2
"568","DEB1","Koblenz",2005,"Rheinland-Pfalz",1493055,0.620921,0.719765402410375,0.482215473288554,0.469251100208987,4,7,2
"569","DEB1","Koblenz",2006,"Rheinland-Pfalz",1493055,0.602068,0.712263720219917,0.473339879268505,0.457348249688083,4,7,2
"570","DEB1","Koblenz",2007,"Rheinland-Pfalz",1493055,0.575549,0.701622118262646,0.465990825671526,0.435560235416118,3,6,2
"571","DEB1","Koblenz",2008,"Rheinland-Pfalz",1493055,0.5459,0.689090052001483,0.450439168031316,0.419171700911584,4,7,2
"572","DEB1","Koblenz",2009,"Rheinland-Pfalz",1493055,0.533647,0.685435017615107,0.43103156267984,0.423854434310454,4,7,2
"573","DEB1","Koblenz",2010,"Rheinland-Pfalz",1493055,0.517492,0.661209597114155,0.448568977665167,0.406309785215859,4,7,2
"574","DEB1","Koblenz",2011,"Rheinland-Pfalz",1493055,0.495556,0.648532642575728,0.439727429662462,0.394924689225653,4,7,2
"575","DEB1","Koblenz",2012,"Rheinland-Pfalz",1493055,0.498432,0.656164623173329,0.441963356716694,0.389369792130941,4,7,2
"576","DEB1","Koblenz",2013,"Rheinland-Pfalz",1493055,0.467011,0.622854177788499,0.440796359372021,0.376715716440293,4,7,2
"577","DEB1","Koblenz",2014,"Rheinland-Pfalz",1493055,0.447719,0.610056039612744,0.438270599060123,0.36310204542158,4,7,2
"578","DEB1","Koblenz",2015,"Rheinland-Pfalz",1493055,0.442583,0.633573647431872,0.424380989249519,0.345770261268208,4,7,2
"579","DEB1","Koblenz",2016,"Rheinland-Pfalz",1493055,0.421468,0.617254118699294,0.425493868954818,0.329304484171611,4,7,2
"580","DEB1","Koblenz",2017,"Rheinland-Pfalz",1493055,0.405474,0.619998015734966,0.415646002175246,0.31241713863401,4,7,2
"581","DEB2","Trier",1998,"Rheinland-Pfalz",529597,0.712603,0.730998554189915,0.546912005413861,0.530844123949323,4,7,2
"582","DEB2","Trier",1999,"Rheinland-Pfalz",529597,0.688521,0.725329969573023,0.529852679503248,0.517449395712825,4,7,2
"583","DEB2","Trier",2000,"Rheinland-Pfalz",529597,0.66186,0.73964202966498,0.525843651804784,0.467154946324074,4,7,2
"584","DEB2","Trier",2001,"Rheinland-Pfalz",529597,0.617826,0.736744593241043,0.487382076937115,0.442461921028318,4,8,2
"585","DEB2","Trier",2002,"Rheinland-Pfalz",529597,0.627247,0.738646788106724,0.488582161782793,0.453491404438966,4,8,2
"586","DEB2","Trier",2003,"Rheinland-Pfalz",529597,0.604006,0.716220493164872,0.478431795683152,0.451207299111937,3,6,2
"587","DEB2","Trier",2004,"Rheinland-Pfalz",529597,0.610245,0.716795791700223,0.48139355144165,0.457028617354728,4,7,2
"588","DEB2","Trier",2005,"Rheinland-Pfalz",529597,0.618499,0.707021746080202,0.48028253948877,0.480294159644417,3,6,2
"589","DEB2","Trier",2006,"Rheinland-Pfalz",529597,0.599436,0.692593625989275,0.470600178301872,0.47580987084348,3,6,2
"590","DEB2","Trier",2007,"Rheinland-Pfalz",529597,0.583226,0.691870975441132,0.462734607095375,0.460082954903771,4,7,2
"591","DEB2","Trier",2008,"Rheinland-Pfalz",529597,0.561481,0.676991615210565,0.443126633648885,0.46195300687691,4,8,2
"592","DEB2","Trier",2009,"Rheinland-Pfalz",529597,0.555112,0.676487403135191,0.428465113336993,0.46756634751969,4,7,2
"593","DEB2","Trier",2010,"Rheinland-Pfalz",529597,0.542292,0.655774588812663,0.444540097771869,0.452972843699177,4,8,2
"594","DEB2","Trier",2011,"Rheinland-Pfalz",529597,0.52556,0.645785941449718,0.434369064782624,0.448035270747433,4,8,2
"595","DEB2","Trier",2012,"Rheinland-Pfalz",529597,0.528693,0.657682723509194,0.433668878952715,0.441538651816726,4,8,2
"596","DEB2","Trier",2013,"Rheinland-Pfalz",529597,0.495371,0.618048105776861,0.435032941306582,0.429825134230143,5,9,3
"597","DEB2","Trier",2014,"Rheinland-Pfalz",529597,0.481882,0.623591357137344,0.428285593742918,0.410796686462838,5,9,3
"598","DEB2","Trier",2015,"Rheinland-Pfalz",529597,0.487141,0.652020512425623,0.423702743133711,0.394838059007679,5,9,3
"599","DEB2","Trier",2016,"Rheinland-Pfalz",529597,0.468423,0.638484353477665,0.420945851870182,0.383054209090149,5,9,3
"600","DEB2","Trier",2017,"Rheinland-Pfalz",529597,0.4491,0.637072611982149,0.406444347232298,0.369983676649406,5,9,3
"601","DEB3","Rheinhessen-Pfalz",1998,"Rheinland-Pfalz",2051027,0.66416,0.754405388711179,0.54092398759347,0.440760118952153,3,5,2
"602","DEB3","Rheinhessen-Pfalz",1999,"Rheinland-Pfalz",2051027,0.635697,0.745869182664959,0.52329993082091,0.424225781947973,3,5,2
"603","DEB3","Rheinhessen-Pfalz",2000,"Rheinland-Pfalz",2051027,0.600152,0.747100856783129,0.502885268644645,0.39009236886679,3,5,2
"604","DEB3","Rheinhessen-Pfalz",2001,"Rheinland-Pfalz",2051027,0.548931,0.732838602055246,0.469717953242062,0.360690182910299,3,5,2
"605","DEB3","Rheinhessen-Pfalz",2002,"Rheinland-Pfalz",2051027,0.545363,0.714865278751498,0.472283004824156,0.370746846525119,3,5,2
"606","DEB3","Rheinhessen-Pfalz",2003,"Rheinland-Pfalz",2051027,0.541643,0.706817994157572,0.464047493635353,0.381448989123718,3,5,2
"607","DEB3","Rheinhessen-Pfalz",2004,"Rheinland-Pfalz",2051027,0.533523,0.680230730348023,0.466105393958487,0.393797939716423,3,5,2
"608","DEB3","Rheinhessen-Pfalz",2005,"Rheinland-Pfalz",2051027,0.533681,0.648274146656663,0.472475235545671,0.419622543637242,2,4,2
"609","DEB3","Rheinhessen-Pfalz",2006,"Rheinland-Pfalz",2051027,0.528,0.650174643458405,0.468373051319336,0.413302210652955,3,5,2
"610","DEB3","Rheinhessen-Pfalz",2007,"Rheinland-Pfalz",2051027,0.507512,0.641861376910638,0.4645496905207,0.394706911681624,3,5,2
"611","DEB3","Rheinhessen-Pfalz",2008,"Rheinland-Pfalz",2051027,0.472448,0.627610670270283,0.446261620091525,0.374649276855228,3,5,2
"612","DEB3","Rheinhessen-Pfalz",2009,"Rheinland-Pfalz",2051027,0.448929,0.601504854264507,0.431809361024127,0.379929907540688,2,4,2
"613","DEB3","Rheinhessen-Pfalz",2010,"Rheinland-Pfalz",2051027,0.433572,0.57720214171908,0.443143451228768,0.369862525700158,2,4,2
"614","DEB3","Rheinhessen-Pfalz",2011,"Rheinland-Pfalz",2051027,0.408795,0.571126705351816,0.429455062356862,0.352461474250485,2,4,2
"615","DEB3","Rheinhessen-Pfalz",2012,"Rheinland-Pfalz",2051027,0.405111,0.575086224499295,0.426266268009879,0.34616426937217,3,5,2
"616","DEB3","Rheinhessen-Pfalz",2013,"Rheinland-Pfalz",2051027,0.379314,0.540156058226405,0.432613955154719,0.336051372705549,3,5,2
"617","DEB3","Rheinhessen-Pfalz",2014,"Rheinland-Pfalz",2051027,0.367089,0.539822976150179,0.42652636825394,0.324135170627909,3,5,2
"618","DEB3","Rheinhessen-Pfalz",2015,"Rheinland-Pfalz",2051027,0.353841,0.548085441665829,0.414670426533969,0.307855447454639,3,5,2
"619","DEB3","Rheinhessen-Pfalz",2016,"Rheinland-Pfalz",2051027,0.347317,0.543291849074991,0.414756468913785,0.302777694359145,3,5,2
"620","DEB3","Rheinhessen-Pfalz",2017,"Rheinland-Pfalz",2051027,0.33917,0.551172716951025,0.405309560649271,0.292123296375694,3,5,2
"621","DEC0","Saarland",1998,"Saarland",994187,0.771854,0.799104124246047,0.615929117310862,0.482597075762384,4,8,2
"622","DEC0","Saarland",1999,"Saarland",994187,0.744092,0.793731072382167,0.597784802452491,0.464472179555981,4,8,2
"623","DEC0","Saarland",2000,"Saarland",994187,0.70411,0.7760309681504,0.582146239723827,0.437837457579754,4,8,2
"624","DEC0","Saarland",2001,"Saarland",994187,0.667849,0.783096362846286,0.544588553163649,0.413938415046261,4,8,2
"625","DEC0","Saarland",2002,"Saarland",994187,0.642821,0.742242482222443,0.541097359016081,0.420742481497147,4,8,2
"626","DEC0","Saarland",2003,"Saarland",994187,0.640116,0.733813316539696,0.5378927705849,0.428318475713466,4,8,2
"627","DEC0","Saarland",2004,"Saarland",994187,0.628635,0.722267938964349,0.531072609040808,0.429461733406831,4,8,2
"628","DEC0","Saarland",2005,"Saarland",994187,0.641508,0.705111400656542,0.542103491541331,0.454897665570971,4,7,2
"629","DEC0","Saarland",2006,"Saarland",994187,0.635853,0.68874731909336,0.556935879576992,0.447946208941042,4,8,2
"630","DEC0","Saarland",2007,"Saarland",994187,0.60963,0.673394388237937,0.552923546147817,0.427977223887311,4,8,2
"631","DEC0","Saarland",2008,"Saarland",994187,0.58305,0.655118522206922,0.542635865358039,0.416670844328644,4,8,2
"632","DEC0","Saarland",2009,"Saarland",994187,0.567554,0.644720361025234,0.517347601238349,0.429113444511047,4,8,2
"633","DEC0","Saarland",2010,"Saarland",994187,0.541283,0.620606876081292,0.519595663402685,0.411571657281346,4,7,2
"634","DEC0","Saarland",2011,"Saarland",994187,0.501813,0.601293796113644,0.503520657158889,0.387755551485719,4,7,2
"635","DEC0","Saarland",2012,"Saarland",994187,0.510921,0.622515760822887,0.50250726162953,0.381208572342224,4,8,2
"636","DEC0","Saarland",2013,"Saarland",994187,0.4821,0.582198422259831,0.50412066301653,0.376681150808566,4,7,2
"637","DEC0","Saarland",2014,"Saarland",994187,0.47033,0.574713885680412,0.504613934423449,0.366016906285503,4,8,2
"638","DEC0","Saarland",2015,"Saarland",994187,0.452077,0.564469100981274,0.497228012178682,0.356269274675831,4,8,2
"639","DEC0","Saarland",2016,"Saarland",994187,0.462822,0.594583103084953,0.49130186243199,0.348198056087541,5,9,3
"640","DEC0","Saarland",2017,"Saarland",994187,0.437126,0.582954116564498,0.482500677843902,0.330085147395305,5,9,3
"641","DED1","Chemnitz",1998,"Sachsen",1444953,0.886324,0.727297917671508,0.683928791601997,0.65810988244631,5,9,3
"642","DED1","Chemnitz",1999,"Sachsen",1444953,0.871022,0.765362157719399,0.649344366725198,0.631676941091628,5,10,3
"643","DED1","Chemnitz",2000,"Sachsen",1444953,0.846517,0.740143225404602,0.640063091419671,0.629419375421015,5,10,3
"644","DED1","Chemnitz",2001,"Sachsen",1444953,0.818566,0.719006459150896,0.630619790434434,0.61807207979676,5,9,3
"645","DED1","Chemnitz",2002,"Sachsen",1444953,0.815384,0.69448787782626,0.635073757363091,0.633363542098647,5,10,3
"646","DED1","Chemnitz",2003,"Sachsen",1444953,0.806219,0.68479583594362,0.624982019869873,0.639401257547274,5,10,3
"647","DED1","Chemnitz",2004,"Sachsen",1444953,0.782093,0.661952224347023,0.609103893056546,0.641933079960263,5,9,3
"648","DED1","Chemnitz",2005,"Sachsen",1444953,0.796472,0.653688576817043,0.623586992532756,0.657282517972714,5,9,3
"649","DED1","Chemnitz",2006,"Sachsen",1444953,0.756564,0.627980321044373,0.608011736110814,0.638703834159093,5,9,3
"650","DED1","Chemnitz",2007,"Sachsen",1444953,0.720527,0.623665852102697,0.595035281144304,0.601940106883771,5,9,3
"651","DED1","Chemnitz",2008,"Sachsen",1444953,0.668269,0.619791624524494,0.561180496431238,0.561280697229131,5,9,3
"652","DED1","Chemnitz",2009,"Sachsen",1444953,0.64956,0.609863020359536,0.542920027342132,0.56140746461501,5,9,3
"653","DED1","Chemnitz",2010,"Sachsen",1444953,0.632554,0.617922949091688,0.5449049127504,0.52585350227199,5,9,3
"654","DED1","Chemnitz",2011,"Sachsen",1444953,0.591612,0.617030851277652,0.528347235346593,0.481889963784731,5,9,3
"655","DED1","Chemnitz",2012,"Sachsen",1444953,0.572695,0.602528660483939,0.532911115671669,0.463452796624707,5,9,3
"656","DED1","Chemnitz",2013,"Sachsen",1444953,0.553552,0.5948863189027,0.523612473489208,0.451679703750493,5,9,3
"657","DED1","Chemnitz",2014,"Sachsen",1444953,0.51694,0.567931314467038,0.520983795561168,0.426345753656803,5,9,3
"658","DED1","Chemnitz",2015,"Sachsen",1444953,0.496165,0.574252602642498,0.513178917318765,0.396666707294347,5,10,3
"659","DED1","Chemnitz",2016,"Sachsen",1444953,0.468514,0.57829523356843,0.498764410003648,0.365562080695657,5,10,3
"660","DED1","Chemnitz",2017,"Sachsen",1444953,0.44581,0.583568812781404,0.486476151083324,0.338520233609343,5,9,3
"661","DED2","Dresden",1998,"Sachsen",1598573,0.839664,0.706554043343384,0.668391624910056,0.624400282018491,5,9,3
"662","DED2","Dresden",1999,"Sachsen",1598573,0.817025,0.707682282752075,0.644396007139067,0.613309166577989,5,9,3
"663","DED2","Dresden",2000,"Sachsen",1598573,0.800914,0.716194247515859,0.622310448041163,0.602715869799774,5,9,3
"664","DED2","Dresden",2001,"Sachsen",1598573,0.762464,0.680816311919011,0.610005980837511,0.592723363558824,5,9,3
"665","DED2","Dresden",2002,"Sachsen",1598573,0.752046,0.65372162475293,0.612768926579246,0.601428155399959,5,9,3
"666","DED2","Dresden",2003,"Sachsen",1598573,0.736411,0.644244565027939,0.601366796014945,0.598855188062423,5,9,3
"667","DED2","Dresden",2004,"Sachsen",1598573,0.72146,0.623158276632998,0.594260817404148,0.604620791712856,5,9,3
"668","DED2","Dresden",2005,"Sachsen",1598573,0.728605,0.60840516710116,0.607581996967324,0.616770112982478,5,9,3
"669","DED2","Dresden",2006,"Sachsen",1598573,0.702017,0.595364960560499,0.594818838810482,0.602692019589618,5,9,3
"670","DED2","Dresden",2007,"Sachsen",1598573,0.659961,0.579665041122497,0.580552786523063,0.56957378098966,5,9,3
"671","DED2","Dresden",2008,"Sachsen",1598573,0.609956,0.572182270843803,0.547734282640984,0.534868201531936,4,8,2
"672","DED2","Dresden",2009,"Sachsen",1598573,0.58583,0.566034732462683,0.52648171048052,0.526079295972305,4,8,2
"673","DED2","Dresden",2010,"Sachsen",1598573,0.571384,0.564932227976192,0.529697118979692,0.502297082574467,4,8,2
"674","DED2","Dresden",2011,"Sachsen",1598573,0.53261,0.551442985175937,0.512714573688429,0.474607682892926,4,8,2
"675","DED2","Dresden",2012,"Sachsen",1598573,0.516465,0.544756194697942,0.515081966142195,0.454710205255263,4,8,2
"676","DED2","Dresden",2013,"Sachsen",1598573,0.482745,0.515795633475813,0.508459464176363,0.439713123982651,4,8,2
"677","DED2","Dresden",2014,"Sachsen",1598573,0.439996,0.478451195087985,0.503115881063441,0.418277920487137,4,7,2
"678","DED2","Dresden",2015,"Sachsen",1598573,0.422712,0.488278465417539,0.494285462238308,0.391353730902865,3,6,2
"679","DED2","Dresden",2016,"Sachsen",1598573,0.389151,0.483034233341563,0.483245764611818,0.357296698713845,3,6,2
"680","DED2","Dresden",2017,"Sachsen",1598573,0.368821,0.489697182739881,0.472409976391444,0.330974443838813,3,6,2
"681","DED3","Leipzig",1998,"Sachsen",1037782,0.890944,0.770253677379587,0.704140133506588,0.601872215560164,5,10,3
"682","DED3","Leipzig",1999,"Sachsen",1037782,0.868389,0.759012849140775,0.688190926491802,0.595229188380715,5,10,3
"683","DED3","Leipzig",2000,"Sachsen",1037782,0.853235,0.750786612394543,0.676042178144643,0.592873387517286,5,10,3
"684","DED3","Leipzig",2001,"Sachsen",1037782,0.832492,0.732971397315121,0.667829130100699,0.587787672122787,5,10,3
"685","DED3","Leipzig",2002,"Sachsen",1037782,0.826578,0.69818137243281,0.671858574483626,0.609677207351815,5,10,3
"686","DED3","Leipzig",2003,"Sachsen",1037782,0.812475,0.677969538783798,0.662596527574441,0.61799677318202,5,10,3
"687","DED3","Leipzig",2004,"Sachsen",1037782,0.802649,0.667735757273503,0.650970458671871,0.625116618530499,5,10,3
"688","DED3","Leipzig",2005,"Sachsen",1037782,0.814234,0.638453054199489,0.666766893106741,0.655980680167834,5,10,3
"689","DED3","Leipzig",2006,"Sachsen",1037782,0.787421,0.628832235294548,0.658702339051997,0.633446390404535,5,10,3
"690","DED3","Leipzig",2007,"Sachsen",1037782,0.749176,0.61419961180721,0.648694180227465,0.600720166765675,5,10,3
"691","DED3","Leipzig",2008,"Sachsen",1037782,0.692991,0.598180773839244,0.613551353575694,0.567604188550149,5,10,3
"692","DED3","Leipzig",2009,"Sachsen",1037782,0.652186,0.584146777464333,0.580838705892865,0.553143857228727,5,10,3
"693","DED3","Leipzig",2010,"Sachsen",1037782,0.65951,0.613668429359697,0.586413829871801,0.52903279228849,5,10,3
"694","DED3","Leipzig",2011,"Sachsen",1037782,0.627061,0.616541973852509,0.565653735565205,0.498245178126154,5,10,3
"695","DED3","Leipzig",2012,"Sachsen",1037782,0.598729,0.594735366375387,0.568744064186262,0.474463479392108,5,10,3
"696","DED3","Leipzig",2013,"Sachsen",1037782,0.566545,0.566994007264998,0.569324310281364,0.453349178058063,5,10,3
"697","DED3","Leipzig",2014,"Sachsen",1037782,0.517048,0.522774438753631,0.566063243929018,0.426584238218117,5,10,3
"698","DED3","Leipzig",2015,"Sachsen",1037782,0.482415,0.513133492033994,0.559527313192792,0.39081175168165,5,9,3
"699","DED3","Leipzig",2016,"Sachsen",1037782,0.457818,0.514345916120663,0.553388975833158,0.358842812662711,5,9,3
"700","DED3","Leipzig",2017,"Sachsen",1037782,0.422226,0.492397355695241,0.547185189200772,0.333607046847217,4,8,2
"701","DEE0","Sachsen-Anhalt",1998,"Sachsen-Anhalt",2223081,1,0.775234898442475,0.775841590031742,0.688773240582055,5,10,3
"702","DEE0","Sachsen-Anhalt",1999,"Sachsen-Anhalt",2223081,0.978431,0.776508608888028,0.752704802862889,0.678282189027162,5,10,3
"703","DEE0","Sachsen-Anhalt",2000,"Sachsen-Anhalt",2223081,0.965186,0.783301229485034,0.732935235968078,0.67139297603963,5,10,3
"704","DEE0","Sachsen-Anhalt",2001,"Sachsen-Anhalt",2223081,0.949691,0.803264027128847,0.712780154464092,0.648341939225087,5,10,3
"705","DEE0","Sachsen-Anhalt",2002,"Sachsen-Anhalt",2223081,0.951718,0.801340159982942,0.715227155886275,0.65085903276336,5,10,3
"706","DEE0","Sachsen-Anhalt",2003,"Sachsen-Anhalt",2223081,0.953294,0.793309727668159,0.710727678021124,0.665752920982084,5,10,3
"707","DEE0","Sachsen-Anhalt",2004,"Sachsen-Anhalt",2223081,0.930548,0.780562115902445,0.684250126938782,0.670859204409291,5,10,3
"708","DEE0","Sachsen-Anhalt",2005,"Sachsen-Anhalt",2223081,0.923208,0.738643178350655,0.708934026327355,0.677085263305681,5,10,3
"709","DEE0","Sachsen-Anhalt",2006,"Sachsen-Anhalt",2223081,0.884508,0.717127001661727,0.695802264663177,0.653683143667844,5,10,3
"710","DEE0","Sachsen-Anhalt",2007,"Sachsen-Anhalt",2223081,0.833816,0.68037682603616,0.686536736490942,0.623660882450451,5,10,3
"711","DEE0","Sachsen-Anhalt",2008,"Sachsen-Anhalt",2223081,0.793051,0.701118042854468,0.643708559265069,0.584600359434485,5,10,3
"712","DEE0","Sachsen-Anhalt",2009,"Sachsen-Anhalt",2223081,0.75337,0.691007571653707,0.613754761189184,0.565142381484239,5,10,3
"713","DEE0","Sachsen-Anhalt",2010,"Sachsen-Anhalt",2223081,0.753609,0.711668513634167,0.621084148025926,0.537510822801964,5,10,3
"714","DEE0","Sachsen-Anhalt",2011,"Sachsen-Anhalt",2223081,0.717851,0.705141456976983,0.603460594213904,0.508024724817825,5,10,3
"715","DEE0","Sachsen-Anhalt",2012,"Sachsen-Anhalt",2223081,0.699944,0.686417051517007,0.607742569569302,0.495605921064986,5,10,3
"716","DEE0","Sachsen-Anhalt",2013,"Sachsen-Anhalt",2223081,0.661251,0.643199670988943,0.602740268485057,0.485786485671454,5,10,3
"717","DEE0","Sachsen-Anhalt",2014,"Sachsen-Anhalt",2223081,0.628229,0.629428811206527,0.592190676628773,0.460574259869713,5,10,3
"718","DEE0","Sachsen-Anhalt",2015,"Sachsen-Anhalt",2223081,0.615156,0.653001205851882,0.580374158878494,0.429209064112932,5,10,3
"719","DEE0","Sachsen-Anhalt",2016,"Sachsen-Anhalt",2223081,0.581231,0.638907734841439,0.570557878310505,0.402230796656784,5,10,3
"720","DEE0","Sachsen-Anhalt",2017,"Sachsen-Anhalt",2223081,0.557803,0.651865711553234,0.555341526960999,0.36934748721707,5,10,3
"721","DEF0","Schleswig-Holstein",1998,"Schleswig-Holstein",2889821,0.718517,0.758617292618967,0.561318546685744,0.49768997226221,4,7,2
"722","DEF0","Schleswig-Holstein",1999,"Schleswig-Holstein",2889821,0.686036,0.740734695404453,0.545309856875465,0.482859447663257,4,7,2
"723","DEF0","Schleswig-Holstein",2000,"Schleswig-Holstein",2889821,0.643706,0.735236328314078,0.523832601716346,0.446340498395664,4,7,2
"724","DEF0","Schleswig-Holstein",2001,"Schleswig-Holstein",2889821,0.607553,0.738099976032952,0.485014664625919,0.428064775671964,4,7,2
"725","DEF0","Schleswig-Holstein",2002,"Schleswig-Holstein",2889821,0.609477,0.728603147502471,0.490074550691304,0.435388113978162,4,7,2
"726","DEF0","Schleswig-Holstein",2003,"Schleswig-Holstein",2889821,0.607625,0.706215044024968,0.489463360565631,0.455609025656852,4,7,2
"727","DEF0","Schleswig-Holstein",2004,"Schleswig-Holstein",2889821,0.610964,0.69608088550741,0.489692475597796,0.47052266562235,4,7,2
"728","DEF0","Schleswig-Holstein",2005,"Schleswig-Holstein",2889821,0.637441,0.692044972806682,0.501648073542053,0.50231782225193,4,7,2
"729","DEF0","Schleswig-Holstein",2006,"Schleswig-Holstein",2889821,0.621926,0.682691208479396,0.501837735330753,0.48821075307761,4,8,2
"730","DEF0","Schleswig-Holstein",2007,"Schleswig-Holstein",2889821,0.587303,0.65887897053779,0.495977818420786,0.465947348441546,4,7,2
"731","DEF0","Schleswig-Holstein",2008,"Schleswig-Holstein",2889821,0.557351,0.649915691206511,0.475448931604796,0.450511924801145,4,7,2
"732","DEF0","Schleswig-Holstein",2009,"Schleswig-Holstein",2889821,0.525329,0.614889369859272,0.463111800007844,0.449841852599801,4,7,2
"733","DEF0","Schleswig-Holstein",2010,"Schleswig-Holstein",2889821,0.519414,0.609839514711529,0.469008781279411,0.440122921922993,4,7,2
"734","DEF0","Schleswig-Holstein",2011,"Schleswig-Holstein",2889821,0.494851,0.606641222289693,0.450020801345946,0.425464663935534,4,7,2
"735","DEF0","Schleswig-Holstein",2012,"Schleswig-Holstein",2889821,0.49426,0.614991215109476,0.452777004401343,0.413472038326843,4,7,2
"736","DEF0","Schleswig-Holstein",2013,"Schleswig-Holstein",2889821,0.467155,0.587246537579498,0.449752057039584,0.403584776881577,4,7,2
"737","DEF0","Schleswig-Holstein",2014,"Schleswig-Holstein",2889821,0.456305,0.584380114695108,0.446416994694429,0.393510897171311,4,7,2
"738","DEF0","Schleswig-Holstein",2015,"Schleswig-Holstein",2889821,0.439424,0.588487652859806,0.434234673247628,0.376264660400547,4,7,2
"739","DEF0","Schleswig-Holstein",2016,"Schleswig-Holstein",2889821,0.426712,0.591023824913162,0.4295219247974,0.359372993666461,4,8,2
"740","DEF0","Schleswig-Holstein",2017,"Schleswig-Holstein",2889821,0.402117,0.582537858941228,0.416144740877579,0.344342895404454,4,7,2
"741","DEG0","Thüringen",1998,"Thüringen",2151205,0.890368,0.776069139666182,0.677993563601784,0.621338959620044,5,10,3
"742","DEG0","Thüringen",1999,"Thüringen",2151205,0.846492,0.768336297029288,0.652928286515491,0.58832326260644,5,9,3
"743","DEG0","Thüringen",2000,"Thüringen",2151205,0.838257,0.753410617759111,0.645630601727437,0.598194311372734,5,9,3
"744","DEG0","Thüringen",2001,"Thüringen",2151205,0.819821,0.741425137780673,0.649931011487541,0.578225066228863,5,10,3
"745","DEG0","Thüringen",2002,"Thüringen",2151205,0.812561,0.721159354806427,0.648567337437036,0.588964600940719,5,9,3
"746","DEG0","Thüringen",2003,"Thüringen",2151205,0.782432,0.671058826142156,0.637999247673586,0.604439609721235,5,9,3
"747","DEG0","Thüringen",2004,"Thüringen",2151205,0.796785,0.681041546745187,0.64386955593213,0.610116782725361,5,9,3
"748","DEG0","Thüringen",2005,"Thüringen",2151205,0.799262,0.65772704892162,0.655916557015897,0.625099980574897,5,9,3
"749","DEG0","Thüringen",2006,"Thüringen",2151205,0.772289,0.654243520274975,0.643213963488064,0.600825392159777,5,9,3
"750","DEG0","Thüringen",2007,"Thüringen",2151205,0.718593,0.627595100560952,0.625699966122223,0.564445160243394,5,9,3
"751","DEG0","Thüringen",2008,"Thüringen",2151205,0.663349,0.618245583507488,0.587013435688933,0.529614545277756,5,9,3
"752","DEG0","Thüringen",2009,"Thüringen",2151205,0.645448,0.615569400726553,0.562308566649336,0.530144790322908,5,9,3
"753","DEG0","Thüringen",2010,"Thüringen",2151205,0.636124,0.631132793591742,0.564491046658186,0.498412437982443,5,10,3
"754","DEG0","Thüringen",2011,"Thüringen",2151205,0.59463,0.627245102905539,0.540169918461956,0.464379717631187,5,9,3
"755","DEG0","Thüringen",2012,"Thüringen",2151205,0.567701,0.601230094332202,0.541135942459996,0.449035237401604,5,9,3
"756","DEG0","Thüringen",2013,"Thüringen",2151205,0.538026,0.581410381204484,0.534420150457287,0.4310592178645,5,9,3
"757","DEG0","Thüringen",2014,"Thüringen",2151205,0.501652,0.560183470407724,0.524687851277348,0.407457016324559,5,9,3
"758","DEG0","Thüringen",2015,"Thüringen",2151205,0.488329,0.57739211186881,0.51262326443895,0.382328702511512,5,9,3
"759","DEG0","Thüringen",2016,"Thüringen",2151205,0.461798,0.581964623830239,0.498732088817276,0.351849900102259,5,9,3
"760","DEG0","Thüringen",2017,"Thüringen",2151205,0.450463,0.602066944903522,0.485575764222819,0.32790212321419,5,10,3
