"","X","Gemeindekennziffer","GISD_Score","GISD_5","GISD_10","GISD_k","Name.der.Gemeinde","Jahr","Kreis","digits","Lebenserwartung_Frauen_2016","Lebenserwartung_MÃ¤nner_2016"
"1",19,1001000,0.809183347584658,5,10,3,"Flensburg, Stadt",2016,1001,0,80.9633333333333,76.2866666666667
"2",41,1002000,0.642236805505476,4,8,2,"Kiel, Landeshauptstadt",2016,1002,0,82.4666666666667,77.17
"3",63,1003000,0.707737954196586,5,9,3,"Lübeck, Hansestadt",2016,1003,0,82.4733333333333,76.75
"4",85,1004000,0.846559592858541,5,10,3,"Neumünster, Stadt",2016,1004,0,81.8066666666667,76.3833333333333
"5",107,1051001,0.744836041085024,5,10,3,"Albersdorf",2016,1051,0,82.2766666666667,76.9066666666667
"6",2659,1053001,0.570667683146692,3,5,2,"Albsfelde",2016,1053,0,83.2,78.5366666666667
"7",5563,1054001,0.636179134000227,4,8,2,"Achtrup",2016,1054,0,82.9666666666667,77.8566666666667
"8",8489,1055001,0.682641886531983,5,9,3,"Ahrensbök",2016,1055,0,82.9233333333333,78.2433333333333
"9",9281,1056001,0.466368590767202,2,3,2,"Appen",2016,1056,0,83.2,78.98
"10",10359,1057001,0.642020460094574,4,8,2,"Ascheberg (Holstein)",2016,1057,0,83.96,79.5366666666667
"11",12229,1058001,0.545118320335438,3,5,2,"Achterwehr",2016,1058,0,83.29,78.9533333333333
"12",15859,1059001,0.71026198399044,5,9,3,"Alt Bennebek",2016,1059,0,82.2866666666667,78.15
"13",18609,1060002,0.525399981456108,2,4,2,"Alveslohe",2016,1060,0,83.27,78.7733333333333
"14",20699,1061001,0.657195545344968,4,8,2,"Aasbüttel",2016,1061,0,82.59,77.1433333333333
"15",23141,1062001,0.397107152791371,1,2,1,"Ahrensburg, Stadt",2016,1062,0,83.64,79.78
"16",24351,2e+06,0.322509194679963,1,1,1,"Hamburg, Freie und Hansestadt",2016,2000,0,83.1033333333333,78.47
"17",24373,3101000,0.323044907126006,1,1,1,"Braunschweig, Stadt",2016,3101,0,82.9366666666667,77.7966666666667
"18",24395,3102000,0.647913297001041,4,8,2,"Salzgitter, Stadt",2016,3102,0,81.95,76.5966666666667
"19",24417,3103000,0.151349068169409,1,1,1,"Wolfsburg, Stadt",2016,3103,0,83.1133333333333,78.4233333333333
"20",24439,3151001,0.43233024611866,1,2,1,"Adenbüttel",2016,3151,0,83.6233333333333,78.63
"21",25341,3153002,0.666508700176167,4,8,2,"Bad Harzburg, Stadt",2016,3153,0,82.4333333333333,77.4233333333333
"22",25561,3154001,0.475218148289326,2,3,2,"Bahrdorf",2016,3154,0,81.9666666666667,76.4266666666667
"23",26067,3155001,0.599575550908136,3,6,2,"Bad Gandersheim, Stadt",2016,3155,0,82.5366666666667,78.04
"24",26309,3157001,0.54133742672587,3,5,2,"Edemissen",2016,3157,0,82.46,77.88
"25",26463,3158002,0.498841006727312,2,4,2,"Baddeckenstedt",2016,3158,0,82.66,78.1566666666667
"26",27167,3159001,0.451121390379841,2,3,2,"Adelebsen, Flecken",2016,3159,0,82.92,78.2566666666667
"27",28025,3241001,0.508092348583968,2,4,2,"Hannover, Landeshauptstadt",2016,3241,0,83.21,78.3333333333333
"28",28487,3251001,0.544129312742745,3,5,2,"Affinghausen",2016,3251,0,83.1233333333333,78.1666666666667
"29",29477,3252001,0.538174662861735,3,5,2,"Aerzen, Flecken",2016,3252,0,82.2966666666667,77.5266666666667
"30",29653,3254002,0.587233560324312,3,6,2,"Alfeld (Leine), Stadt",2016,3254,0,82.5466666666667,77.2866666666667
"31",30093,3255001,0.679005223196349,5,9,3,"Arholzen",2016,3255,0,82.7066666666667,77.2666666666667
"32",30797,3256001,0.599297392522691,3,6,2,"Balge",2016,3256,0,82.6766666666667,77.0266666666667
"33",31589,3257001,0.592405245861106,3,6,2,"Ahnsen",2016,3257,0,82.65,77.36
"34",32425,3351001,0.589922424716948,3,6,2,"Adelheidsdorf",2016,3351,0,82.7033333333333,77.5666666666667
"35",32865,3351501,0.594084498336201,3,6,2,"Lohheide, gemfr. Bezirk",2016,3352,0,82.45,77.66
"36",33525,3353001,0.411705316946027,1,2,1,"Appel",2016,3353,0,83.87,79.4666666666667
"37",34449,3354001,0.701803908640424,5,9,3,"Bergen an der Dumme, Flecken",2016,3354,0,81.81,77.4633333333333
"38",35043,3355001,0.487601347522845,2,3,2,"Adendorf",2016,3355,0,83.0233333333333,77.8566666666667
"39",35989,3356001,0.514469387124357,2,4,2,"Axstedt",2016,3356,0,83.0466666666667,78.57
"40",36231,3357001,0.592157993962933,3,6,2,"Ahausen",2016,3357,0,83.1066666666667,77.6966666666667
"41",37485,3358001,0.639434617326177,4,8,2,"Ahlden (Aller), Flecken",2016,3358,0,83.0533333333333,78.02
"42",37991,3358501,0.960717854677697,5,10,3,"Osterheide, gemfr. Bezirk",2016,3359,0,83.22,78.49
"43",38893,3360001,0.648459311609507,4,8,2,"Altenmedingen",2016,3360,0,81.89,77.0633333333333
"44",39487,3361001,0.497305984526152,2,4,2,"Achim, Stadt",2016,3361,0,83.0633333333333,78.96
"45",39729,3401000,0.848053406410005,5,10,3,"Delmenhorst, Stadt",2016,3401,0,82.6933333333333,77.94
"46",39751,3402000,0.676779956112788,4,8,2,"Emden, Stadt",2016,3402,0,81.1466666666667,76.16
"47",39773,3403000,0.511419947046885,2,4,2,"Oldenburg (Oldenburg), Stadt",2016,3403,0,82.8766666666667,78.79
"48",39795,3404000,0.537432907167214,2,4,2,"Osnabrück, Stadt",2016,3404,0,83.1766666666667,78.4733333333333
"49",39817,3405000,0.775505578620952,5,10,3,"Wilhelmshaven, Stadt",2016,3405,0,81.88,76.7966666666667
"50",39839,3451001,0.548847703132888,3,5,2,"Apen",2016,3451,0,83.42,79.0233333333333
"51",39971,3452001,0.740437017730022,5,10,3,"Aurich, Stadt",2016,3452,0,81.8966666666667,76.54
"52",40499,3453001,0.757466492216716,5,10,3,"Barßel",2016,3453,0,83.0766666666667,77.4966666666667
"53",40785,3454001,0.585090710540142,3,6,2,"Andervenne",2016,3454,0,82.8533333333333,77.9666666666667
"54",42105,3455007,0.593693016164093,3,6,2,"Jever, Stadt",2016,3455,0,82.7466666666667,78.6366666666667
"55",42281,3456001,0.655155717185037,4,8,2,"Bad Bentheim, Stadt",2016,3456,0,83.4566666666667,79.14
"56",42831,3457002,0.641618675760042,4,8,2,"Borkum, Stadt",2016,3457,0,81.87,77.4933333333333
"57",43249,3458001,0.53416712167884,2,4,2,"Beckeln",2016,3458,0,82.9166666666667,78.6666666666667
"58",43579,3459001,0.569719884203694,3,5,2,"Alfhausen",2016,3459,0,83.6266666666667,78.9666666666667
"59",44327,3460001,0.587243862486736,3,6,2,"Bakum",2016,3460,0,83.59,79.8333333333333
"60",44547,3461001,0.561684197513058,3,5,2,"Berne",2016,3461,0,82.4133333333333,77.5533333333333
"61",44745,3462001,0.724005068663913,5,9,3,"Blomberg",2016,3462,0,82.2033333333333,77.4433333333333
"62",45163,4011000,0.555925288718102,3,5,2,"Bremen, Stadt",2016,4011,0,82.75,77.69
"63",45185,4012000,0.905941257069859,5,10,3,"Bremerhaven, Stadt",2016,4012,0,80.92,74.6166666666667
"64",45207,5111000,0.30304840986123,1,1,1,"Düsseldorf, Stadt",2016,5111,0,82.8366666666667,78.52
"65",45229,5112000,0.849990212945697,5,10,3,"Duisburg, Stadt",2016,5112,0,81.5766666666667,76.47
"66",45251,5113000,0.631254700361606,4,7,2,"Essen, Stadt",2016,5113,0,81.8066666666667,76.8066666666667
"67",45273,5114000,0.672360328432938,4,8,2,"Krefeld, Stadt",2016,5114,0,82.0133333333333,77.5233333333333
"68",45295,5116000,0.753778318068963,5,10,3,"Mönchengladbach, Stadt",2016,5116,0,81.9966666666667,76.9366666666667
"69",45317,5117000,0.502137698702958,2,4,2,"Mülheim an der Ruhr, Stadt",2016,5117,0,82.61,78.0366666666667
"70",45339,5119000,0.781099652817126,5,10,3,"Oberhausen, Stadt",2016,5119,0,81.56,76.4233333333333
"71",45361,5120000,0.695385661450338,5,9,3,"Remscheid, Stadt",2016,5120,0,82.2566666666667,77.4266666666667
"72",45383,5122000,0.689688565629926,5,9,3,"Solingen, Klingenstadt",2016,5122,0,82.1666666666667,78.0166666666667
"73",45405,5124000,0.722737902685774,5,9,3,"Wuppertal, Stadt",2016,5124,0,82.39,77.3866666666667
"74",45427,5154004,0.662975058464772,4,8,2,"Bedburg-Hau",2016,5154,0,82.6166666666667,78.0633333333333
"75",45779,5158004,0.43884121277056,1,2,1,"Erkrath, Fundort des Neanderthalers, Stadt",2016,5158,0,83.1566666666667,78.9533333333333
"76",45999,5162004,0.406327588160755,1,2,1,"Dormagen, Stadt",2016,5162,0,83.01,78.9666666666667
"77",46175,5166004,0.561179391554287,3,5,2,"Brüggen, Burggemeinde",2016,5166,0,82.52,78.8933333333333
"78",46373,5170004,0.539483037489569,3,5,2,"Alpen",2016,5170,0,82.9,78.33
"79",46659,5314000,0.297598565938991,1,1,1,"Bonn, Stadt",2016,5314,0,84.07,79.2733333333333
"80",46681,5315000,0.433618016421647,1,2,1,"Köln, Stadt",2016,5315,0,82.8433333333333,78.5933333333333
"81",46703,5316000,0.496986617491011,2,4,2,"Leverkusen, Stadt",2016,5316,0,83.4333333333333,78.7833333333333
"82",46725,5334002,0.590303604726632,3,6,2,"Aachen, Stadt",2016,5334,0,82.86,78.7333333333333
"83",46945,5358004,0.667332873170078,4,8,2,"Aldenhoven",2016,5358,0,82.1766666666667,77.9233333333333
"84",47275,5362004,0.542254319181596,3,5,2,"Bedburg, Stadt",2016,5362,0,82.85,78.91
"85",47495,5366004,0.620200480080769,4,7,2,"Bad Münstereifel, Stadt",2016,5366,0,82.3866666666667,77.58
"86",47737,5370004,0.690347904025055,5,9,3,"Erkelenz, Stadt",2016,5370,0,82.32,78.4766666666667
"87",47957,5374004,0.613359844231304,4,7,2,"Bergneustadt, Stadt",2016,5374,0,82.71,78.0333333333333
"88",48243,5378004,0.448329504362966,2,3,2,"Bergisch Gladbach, Stadt",2016,5378,0,83.64,79.73
"89",48419,5382004,0.478978437574047,2,3,2,"Alfter",2016,5382,0,83.4566666666667,79.6366666666667
"90",48837,5512000,0.661192784365438,4,8,2,"Bottrop, Stadt",2016,5512,0,81.9466666666667,77.32
"91",48859,5513000,1,5,10,3,"Gelsenkirchen, Stadt",2016,5513,0,81.16,75.81
"92",48881,5515000,0.352859365180751,1,1,1,"Münster, Stadt",2016,5515,0,84.1466666666667,79.8833333333333
"93",48903,5554004,0.578734276324601,3,6,2,"Ahaus, Stadt",2016,5554,0,83.2966666666667,78.6266666666667
"94",49277,5558004,0.464411179906662,2,3,2,"Ascheberg",2016,5558,0,83.47,79.4233333333333
"95",49519,5562004,0.692810120844365,5,9,3,"Castrop-Rauxel, Stadt",2016,5562,0,82.36,77.43
"96",49739,5566004,0.556945202798067,3,5,2,"Altenberge",2016,5566,0,83.5866666666667,78.5966666666667
"97",50267,5570004,0.622477257976449,4,7,2,"Ahlen, Stadt",2016,5570,0,84.0866666666667,78.9666666666667
"98",50553,5711000,0.577209556285864,3,6,2,"Bielefeld, Stadt",2016,5711,0,83.24,78.2366666666667
"99",50575,5754004,0.521835433257441,2,4,2,"Borgholzhausen, Stadt",2016,5754,0,83.74,79.4033333333333
"100",50861,5758004,0.577642247107668,3,6,2,"Bünde, Stadt",2016,5758,0,83.5266666666667,78.4066666666667
"101",51059,5762004,0.631254700361606,4,7,2,"Bad Driburg, Stadt",2016,5762,0,83.3033333333333,78.4333333333333
"102",51279,5766004,0.603552185603758,4,7,2,"Augustdorf",2016,5766,0,83.0866666666667,78.36
"103",51631,5770004,0.582762421832343,3,6,2,"Bad Oeynhausen, Stadt",2016,5770,0,83.3466666666667,78.1133333333333
"104",51873,5774004,0.558377203374988,3,5,2,"Altenbeken",2016,5774,0,83.65,79.1233333333333
"105",52093,5911000,0.610032245768387,4,7,2,"Bochum, Stadt",2016,5911,0,82.49,77.1
"106",52115,5913000,0.688060823966951,5,9,3,"Dortmund, Stadt",2016,5913,0,81.82,76.7466666666667
"107",52137,5914000,0.796017184006923,5,10,3,"Hagen, Stadt der FernUniversität",2016,5914,0,81.5233333333333,76.47
"108",52159,5915000,0.820577539225483,5,10,3,"Hamm, Stadt",2016,5915,0,82.29,77.1733333333333
"109",52181,5916000,0.854461351437667,5,10,3,"Herne, Stadt",2016,5916,0,81.42,75.86
"110",52203,5954004,0.484294353384775,2,3,2,"Breckerfeld, Hansestadt",2016,5954,0,82.1733333333333,77.7
"111",52401,5958004,0.624620107760619,4,7,2,"Arnsberg, Stadt",2016,5958,0,82.7666666666667,77.8233333333333
"112",52665,5962004,0.648644750533137,4,8,2,"Altena, Stadt",2016,5962,0,82.3166666666667,77.5666666666667
"113",52995,5966004,0.492412457374803,2,3,2,"Attendorn, Hansestadt",2016,5966,0,82.6833333333333,78.5633333333333
"114",53149,5970004,0.472992881205765,2,3,2,"Bad Berleburg, Stadt",2016,5970,0,82.7066666666667,77.89
"115",53391,5974004,0.550753603181308,3,5,2,"Anröchte",2016,5974,0,82.5666666666667,77.7733333333333
"116",53699,5978004,0.695509287399425,5,9,3,"Bergkamen, Stadt",2016,5978,0,82.45,77.6033333333333
"117",53919,6411000,0.259655701731793,1,1,1,"Darmstadt, Wissenschaftsstadt",2016,6411,0,83.0366666666667,78.94
"118",53941,6412000,0.282279250414662,1,1,1,"Frankfurt am Main, Stadt",2016,6412,0,83.65,79.04
"119",53963,6413000,0.770591447144756,5,10,3,"Offenbach am Main, Stadt",2016,6413,0,82.9466666666667,78.3
"120",53985,6414000,0.455098025075463,2,3,2,"Wiesbaden, Landeshauptstadt",2016,6414,0,83.22,79.0033333333333
"121",54007,6431001,0.394665540296908,1,2,1,"Abtsteinach",2016,6431,0,82.9333333333333,78.8266666666667
"122",54491,6432001,0.389267207186788,1,2,1,"Alsbach-Hähnlein",2016,6432,0,83.52,79.7233333333333
"123",54997,6433001,0.462412560396427,2,3,2,"Biebesheim am Rhein",2016,6433,0,83.2666666666667,79.01
"124",55305,6434001,0.0855388546055817,1,1,1,"Bad Homburg v. d. Höhe, Stadt",2016,6434,0,84.57,80.72
"125",55591,6435001,0.493473580104464,2,3,2,"Bad Orb, Stadt",2016,6435,0,83.4266666666667,79.18
"126",56229,6436001,0.122121833372825,1,1,1,"Bad Soden am Taunus, Stadt",2016,6436,0,84.25,80.3566666666667
"127",56493,6437001,0.629348800313186,4,7,2,"Bad König, Stadt",2016,6437,0,83.2333333333333,78.8833333333333
"128",56757,6438001,0.445733359432145,2,3,2,"Dietzenbach, Kreisstadt",2016,6438,0,83.96,80.0433333333333
"129",57043,6439001,0.381952671865825,1,2,1,"Aarbergen",2016,6439,0,83.77,79.9166666666667
"130",57417,6440001,0.426808287059454,1,2,1,"Altenstadt",2016,6440,0,83.23,78.8733333333333
"131",57967,6531001,0.462876157705502,2,3,2,"Allendorf (Lumda), Stadt",2016,6531,0,83.48,78.7433333333333
"132",58363,6532001,0.559397117454954,3,5,2,"Aßlar, Stadt",2016,6532,0,82.8133333333333,78.4966666666667
"133",58869,6533001,0.513624609805598,2,4,2,"Beselich",2016,6533,0,82.6666666666667,78.22
"134",59287,6534001,0.440376234971721,1,2,1,"Amöneburg, Stadt",2016,6534,0,83.4633333333333,78.5266666666667
"135",59771,6535001,0.613133196657979,4,7,2,"Alsfeld, Stadt",2016,6535,0,83.58,77.7066666666667
"136",60189,6611000,0.616275356197266,4,7,2,"Kassel, documenta-Stadt",2016,6611,0,82.93,77.5866666666667
"137",60211,6631001,0.493133608744475,2,3,2,"Bad Salzschlirf",2016,6631,0,83.8933333333333,79.5166666666667
"138",60717,6632001,0.489641175682776,2,3,2,"Alheim",2016,6632,0,83.0266666666667,78.22
"139",61157,6633001,0.393995899739355,1,2,1,"Ahnatal",2016,6633,0,83.3033333333333,78.9066666666667
"140",61795,6634001,0.585142221352262,3,6,2,"Borken (Hessen), Stadt",2016,6634,0,82.4966666666667,78.1233333333333
"141",62389,6635001,0.522948066799221,2,4,2,"Allendorf (Eder)",2016,6635,0,82.8366666666667,78.0633333333333
"142",62873,6636001,0.638600142169842,4,8,2,"Bad Sooden-Allendorf, Stadt",2016,6636,0,82.4166666666667,77.4233333333333
"143",63225,7111000,0.551330524277046,3,5,2,"Koblenz, Stadt",2016,7111,0,83.5133333333333,78.2766666666667
"144",63247,7131001,0.514644523885564,2,4,2,"Adenau, Stadt",2016,7131,0,83.2966666666667,79.0166666666667
"145",64831,7131501,0.514644523885564,2,4,2,"Dümpelfeld",2016,7132,0,82.3233333333333,78.05
"146",67471,7132501,0.701463937280435,5,9,3,"Altenkirchen (Westerwald), Stadt",2016,7133,0,82.7333333333333,78.24
"147",70067,7133501,0.62255967527584,4,7,2,"Bad Sobernheim, Stadt",2016,7134,0,81.5733333333333,77.15
"148",72179,7134502,0.659719575138822,4,8,2,"Langweiler",2016,7135,0,82.47,78.0833333333333
"149",74115,7135501,0.616872881617852,4,7,2,"Bad Bertrich",2016,7136,0,NA,NA
"150",74159,7137001,0.57915666498398,3,6,2,"Acht",2016,7137,0,83.1066666666667,78.9766666666667
"151",76029,7137501,0.577137441148897,3,6,2,"Münstermaifeld, Stadt",2016,7138,0,82.9166666666667,78.3366666666667
"152",77415,7138501,0.600863321211122,3,6,2,"Kasbach-Ohlenberg",2016,7139,0,NA,NA
"153",77437,7140001,0.560447938022191,3,5,2,"Alterkülz",2016,7140,0,83.1833333333333,78.3833333333333
"154",80363,7140501,0.550032451811635,3,5,2,"Boppard, Stadt",2016,7141,0,82.6566666666667,77.8133333333333
"155",83399,7141501,0.613617398291902,4,7,2,"Braubach, Stadt",2016,7142,0,NA,NA
"156",83465,7143001,0.584791947829849,3,6,2,"Alsbach",2016,7143,0,83.02,78.1933333333333
"157",87645,7143501,0.5645481986669,3,5,2,"Elbingen",2016,7144,0,NA,NA
"158",87689,7211000,0.64489476341084,4,8,2,"Trier, Stadt",2016,7211,0,82.2233333333333,78.07
"159",87711,7231001,0.597865391945769,3,6,2,"Altrich",2016,7231,0,83.4366666666667,78.96
"160",89977,7231501,0.617738263261459,4,7,2,"Irmenach",2016,7232,0,82.84,78.1733333333333
"161",95169,7232501,0.654826047987473,4,8,2,"Wißmannsdorf",2016,7233,0,82.2566666666667,79.1733333333333
"162",97589,7233501,0.632830931212461,4,7,2,"Daun, Stadt",2016,7234,0,NA,NA
"163",97611,7235001,0.708933005037757,5,9,3,"Aach",2016,7235,0,84.14,79.0166666666667
"164",99877,7235501,0.708933005037757,5,9,3,"Welschbillig",2016,7236,0,NA,NA
"165",99899,7311000,0.605653826738232,4,7,2,"Frankenthal (Pfalz), Stadt",2016,7311,0,83.28,77.6233333333333
"166",99921,7312000,0.708757868276551,5,9,3,"Kaiserslautern, Stadt",2016,7312,0,82.04,77.4666666666667
"167",99943,7313000,0.614050089113705,4,7,2,"Landau in der Pfalz, Stadt",2016,7313,0,82.8833333333333,79.0666666666667
"168",99965,7314000,0.685454376873706,5,9,3,"Ludwigshafen am Rhein, Stadt",2016,7314,0,82.9266666666667,77.6533333333333
"169",99987,7315000,0.307911030525307,1,1,1,"Mainz, Stadt",2016,7315,0,83.9533333333333,79.55
"170",100009,7316000,0.487652858334964,2,3,2,"Neustadt an der Weinstraße, Stadt",2016,7316,0,83.4266666666667,78.8466666666667
"171",100031,7317000,0.94910731762597,5,10,3,"Pirmasens, Stadt",2016,7317,0,80.2133333333333,76.5433333333333
"172",100053,7318000,0.471911154151256,2,3,2,"Speyer, Stadt",2016,7318,0,82.9466666666667,78.0333333333333
"173",100075,7319000,0.766480884337622,5,10,3,"Worms, Stadt",2016,7319,0,82.6133333333333,77.8833333333333
"174",100097,7320000,0.677439294507917,5,9,3,"Zweibrücken, Stadt",2016,7320,0,82.6666666666667,77.8933333333333
"175",100119,7331001,0.550671185881917,3,5,2,"Albig",2016,7331,0,83.0933333333333,79.1466666666667
"176",101637,7332001,0.528315493422069,2,4,2,"Altleiningen",2016,7332,0,83.2566666666667,79.01
"177",102693,7333001,0.599791896319037,3,6,2,"Albisheim (Pfrimm)",2016,7333,0,82.56,77.6766666666667
"178",104409,7333501,0.599791896319037,3,6,2,"Zellertal",2016,7334,0,83.61,79.1866666666667
"179",105135,7334501,0.477855501869842,2,3,2,"Wörth am Rhein, Stadt",2016,7335,0,83.18,78.52
"180",106235,7335501,0.599081047111789,3,6,2,"Reichenbach-Steegen",2016,7336,0,82.6833333333333,77.66
"181",108391,7336501,0.663150195225978,4,8,2,"Quirnbach/ Pfalz",2016,7337,0,83.9433333333333,79.39
"182",110041,7337501,0.535866978478783,2,4,2,"Annweiler am Trifels, Stadt",2016,7338,0,84.0233333333333,79.8533333333333
"183",110613,7339001,0.30723108780533,1,1,1,"Appenheim",2016,7339,0,83.9966666666667,79.7266666666667
"184",112021,7340001,0.606344071620633,4,7,2,"Bobenthal",2016,7340,0,83.39,79.2833333333333
"185",113825,7340501,0.606344071620633,4,7,2,"Bruchweiler-Bärenbach",2016,7341,0,NA,NA
"186",113869,8111000,0.224175054343907,1,1,1,"Stuttgart, Landeshauptstadt",2016,8111,0,84.2433333333333,79.8433333333333
"187",113891,8115001,0.2167987060484,1,1,1,"Aidlingen",2016,8115,0,84.5066666666667,80.6866666666667
"188",114463,8116004,0.308034656474394,1,1,1,"Altbach",2016,8116,0,84.4866666666667,80.4766666666667
"189",115431,8117001,0.448793101672041,2,3,2,"Adelberg",2016,8117,0,83.77,79.8566666666667
"190",116267,8118001,0.285833496450905,1,1,1,"Affalterbach",2016,8118,0,84.4266666666667,80.0366666666667
"191",117125,8119001,0.406904509256493,1,2,1,"Alfdorf",2016,8119,0,84.3766666666667,79.7966666666667
"192",117807,8121000,0.418731391719122,1,2,1,"Heilbronn, Stadt",2016,8121,0,83.17,78.1933333333333
"193",117829,8125001,0.331482378151174,1,1,1,"Abstatt",2016,8125,0,83.5666666666667,79.49
"194",118841,8126011,0.40623486869894,1,2,1,"Bretzfeld",2016,8126,0,84.1866666666667,78.8366666666667
"195",119193,8127008,0.467017626999907,2,3,2,"Blaufelden",2016,8127,0,84.1666666666667,78.93
"196",119853,8128006,0.45945583978077,2,3,2,"Assamstadt",2016,8128,0,83.8966666666667,78.91
"197",120249,8135010,0.468356908115013,2,3,2,"Dischingen",2016,8135,0,84.2833333333333,79.3633333333333
"198",120491,8136002,0.372845560283103,1,1,1,"Abtsgmünd",2016,8136,0,83.84,79.24
"199",121415,8211000,0.390235610454634,1,2,1,"Baden-Baden, Stadt",2016,8211,0,83.05,78.9533333333333
"200",121437,8212000,0.335180854461351,1,1,1,"Karlsruhe, Stadt",2016,8212,0,83.67,79.1333333333333
"201",121459,8215007,0.379954052355589,1,2,1,"Bretten, Stadt",2016,8215,0,83.8833333333333,79.69
"202",122163,8216002,0.406255473023788,1,2,1,"Au am Rhein",2016,8216,0,83.9533333333333,79.23
"203",122669,8221000,0.168079779945811,1,1,1,"Heidelberg, Stadt",2016,8221,0,84.4533333333333,80.0966666666667
"204",122691,8222000,0.476495616429889,2,3,2,"Mannheim, Universitätsstadt",2016,8222,0,82.3733333333333,77.56
"205",122713,8225001,0.600162774166298,3,6,2,"Adelsheim, Stadt",2016,8225,0,83.2833333333333,78.5066666666667
"206",123307,8226003,0.362151915687103,1,1,1,"Altlußheim",2016,8226,0,83.7666666666667,79.6166666666667
"207",124495,8231000,0.708644544489888,5,9,3,"Pforzheim, Stadt",2016,8231,0,83.53,78.41
"208",124517,8235006,0.487220167513161,2,3,2,"Altensteig, Stadt",2016,8235,0,83.6966666666667,79.7033333333333
"209",125067,8236004,0.364789269267619,1,1,1,"Birkenfeld",2016,8236,0,84.2766666666667,80.4966666666667
"210",125683,8237002,0.479369919746155,2,3,2,"Alpirsbach, Stadt",2016,8237,0,83.2733333333333,79.34
"211",126035,8311000,0.393460187293313,1,2,1,"Freiburg im Breisgau, Stadt",2016,8311,0,83.81,79.78
"212",126057,8315003,0.463731237186685,2,3,2,"Au",2016,8315,0,84.92,80.99
"213",127157,8316002,0.463720935024262,2,3,2,"Bahlingen am Kaiserstuhl",2016,8316,0,84.1333333333333,79.8666666666667
"214",127685,8317001,0.448617964910835,2,3,2,"Achern, Stadt",2016,8317,0,83.76,79.55
"215",128807,8325001,0.479998351654012,2,3,2,"Aichhalden",2016,8325,0,83.7366666666667,79.2933333333333
"216",129269,8326003,0.508236578857902,2,4,2,"Bad Dürrheim, Stadt",2016,8326,0,83.6833333333333,79.29
"217",129709,8327002,0.525441190105803,2,4,2,"Aldingen",2016,8327,0,83.6166666666667,79.4466666666667
"218",130479,8335001,0.469758002204663,2,3,2,"Aach, Stadt",2016,8335,0,84.0066666666667,79.61
"219",131029,8336004,0.471746319552474,2,3,2,"Aitern",2016,8336,0,83.8866666666667,79.4466666666667
"220",131799,8337002,0.603098890457107,4,7,2,"Albbruck",2016,8337,0,83.8833333333333,79.2333333333333
"221",132503,8415014,0.383106514057301,1,2,1,"Dettingen an der Erms",2016,8415,0,84.5766666666667,80.11
"222",133075,8416006,0.302419977953372,1,1,1,"Bodelshausen",2016,8416,0,84.7766666666667,80.6466666666667
"223",133405,8417002,0.503487281980488,2,4,2,"Balingen, Stadt",2016,8417,0,84.2633333333333,78.9566666666667
"224",133955,8421000,0.298278508658967,1,1,1,"Ulm, Universitätsstadt",2016,8421,0,84.14,79.3666666666667
"225",133977,8425002,0.417361204116744,1,2,1,"Allmendingen",2016,8425,0,83.82,80.0766666666667
"226",135187,8426001,0.364655341156109,1,1,1,"Achstetten",2016,8426,0,84.0566666666667,79.3666666666667
"227",136177,8435005,0.261716134216572,1,1,1,"Bermatingen",2016,8435,0,84.5633333333333,80.3633333333333
"228",136683,8436001,0.42214140748143,1,2,1,"Achberg",2016,8436,0,84.1566666666667,79.69
"229",137541,8437005,0.604788445094625,4,7,2,"Beuron",2016,8437,0,83.7866666666667,79.18
"230",138091,9161000,0.145507742075062,1,1,1,"Ingolstadt",2016,9161,0,84.19,79.45
"231",138113,9162000,0.0387464328762607,1,1,1,"München, Landeshauptstadt",2016,9162,0,84.5766666666667,80.5366666666667
"232",138135,9163000,0.454387175868215,2,3,2,"Rosenheim",2016,9163,0,83.9633333333333,78.9233333333333
"233",138157,9171111,0.418648974419731,1,2,1,"Altötting, Stadt",2016,9171,0,83.5466666666667,78.4833333333333
"234",138685,9172111,0.504229037675008,2,4,2,"Ainring",2016,9172,0,84.1533333333333,79.17
"235",139015,9173111,0.34872819804877,1,1,1,"Bad Heilbrunn",2016,9173,0,83.84,79.9166666666667
"236",139477,9174111,0.310033275984629,1,1,1,"Altomünster, Markt",2016,9174,0,83.8033333333333,80.38
"237",139851,9175111,0.199758929399281,1,1,1,"Anzing",2016,9175,0,84.3966666666667,80.7433333333333
"238",140313,9176111,0.253762864825327,1,1,1,"Adelschlag",2016,9176,0,84.13,80.0333333333333
"239",140973,9177112,0.324373886078688,1,1,1,"Berglern",2016,9177,0,84.1166666666667,79.6533333333333
"240",141545,9178113,0.254669455118629,1,1,1,"Allershausen",2016,9178,0,83.9333333333333,79.7566666666667
"241",142073,9179111,0.252784159395057,1,1,1,"Adelshofen",2016,9179,0,84.2966666666667,80.6733333333333
"242",142579,9180112,0.463432474476393,2,3,2,"Bad Kohlgrub",2016,9180,0,83.82,79.63
"243",143063,9181111,0.317203581031658,1,1,1,"Apfeldorf",2016,9181,0,84.31,80.61
"244",143745,9182111,0.261355558531736,1,1,1,"Bad Wiessee",2016,9182,0,84.2633333333333,80.08
"245",144119,9183112,0.469304707058011,2,3,2,"Ampfing",2016,9183,0,82.7833333333333,77.5533333333333
"246",144801,9184112,0,1,1,1,"Aschheim",2016,9184,0,84.5033333333333,81.34
"247",145439,9185113,0.414373577013815,1,2,1,"Aresing",2016,9185,0,83.7266666666667,79.3966666666667
"248",145835,9186113,0.267742899234549,1,1,1,"Baar-Ebenhausen",2016,9186,0,83.5566666666667,79.9066666666667
"249",146253,9187113,0.341908166524153,1,1,1,"Amerang",2016,9187,0,83.8266666666667,79.4433333333333
"250",147265,9188113,0.0864763513861559,1,1,1,"Berg",2016,9188,0,85.07,81.5066666666667
"251",147573,9189111,0.378027547982321,1,2,1,"Altenmarkt a.d.Alz",2016,9189,0,84.08,79.6933333333333
"252",148343,9190111,0.33835392048791,1,1,1,"Altenstadt",2016,9190,0,84.0766666666667,79.8
"253",149091,9261000,0.395706058701721,1,2,1,"Landshut",2016,9261,0,83.1933333333333,78.1266666666667
"254",149113,9262000,0.502148000865382,2,4,2,"Passau",2016,9262,0,82.6866666666667,77.8666666666667
"255",149135,9263000,0.604819351581897,4,7,2,"Straubing",2016,9263,0,82.77,76.72
"256",149157,9271111,0.442951775577694,2,3,2,"Aholming",2016,9271,0,82.7266666666667,77.3166666666667
"257",149729,9272116,0.566464400877744,3,5,2,"Eppenschlag",2016,9272,0,82.8166666666667,77.71
"258",150279,9273111,0.45344967908764,2,3,2,"Abensberg, Stadt",2016,9273,0,83.3166666666667,78.7133333333333
"259",150807,9274111,0.387454026600183,1,2,1,"Adlkofen",2016,9274,0,83.3966666666667,79.4433333333333
"260",151577,9275111,0.555286554647821,3,5,2,"Aicha vorm Wald",2016,9275,0,83.2433333333333,78.45
"261",152413,9276111,0.556306468727786,3,5,2,"Achslach",2016,9276,0,82.94,77.1466666666667
"262",152941,9277111,0.482707820371496,2,3,2,"Arnstorf, Markt",2016,9277,0,82.8933333333333,78.6233333333333
"263",153623,9278112,0.464174230170913,2,3,2,"Aholfing",2016,9278,0,83.3,79.46
"264",154437,9279112,0.368961645049296,1,1,1,"Dingolfing, Stadt",2016,9279,0,83.4166666666667,78.2566666666667
"265",154767,9361000,0.563394356475424,3,5,2,"Amberg",2016,9361,0,82.8733333333333,76.5766666666667
"266",154789,9362000,0.262612422347451,1,1,1,"Regensburg",2016,9362,0,83.1666666666667,78.7333333333333
"267",154811,9363000,0.589458827407873,3,6,2,"Weiden i.d.OPf.",2016,9363,0,82.5833333333333,77.2366666666667
"268",154833,9371111,0.438511543572996,1,2,1,"Ammerthal",2016,9371,0,83.3466666666667,78.1266666666667
"269",155427,9372112,0.520238598081737,2,4,2,"Arnschwang",2016,9372,0,83.4333333333333,78.0066666666667
"270",156285,9373112,0.372897071095223,1,1,1,"Berching, Stadt",2016,9373,0,83.3033333333333,78.66
"271",156703,9374111,0.551567474012795,3,5,2,"Altenstadt a.d.Waldnaab",2016,9374,0,82.7233333333333,77.9266666666667
"272",157539,9375113,0.335850495018904,1,1,1,"Alteglofsheim",2016,9375,0,83.9366666666667,79.5633333333333
"273",158441,9376112,0.48769406698466,2,3,2,"Altendorf",2016,9376,0,83.0866666666667,77.7333333333333
"274",159167,9377112,0.524493391162805,2,4,2,"Bärnau, Stadt",2016,9377,0,82.7233333333333,77.4466666666667
"275",159739,9461000,0.430496461207207,1,2,1,"Bamberg",2016,9461,0,82.2533333333333,78.2566666666667
"276",159761,9462000,0.48885821133856,2,3,2,"Bayreuth",2016,9462,0,83.2133333333333,77.3233333333333
"277",159783,9463000,0.347461032070632,1,1,1,"Coburg",2016,9463,0,83.28,77.41
"278",159805,9464000,0.6948087403546,5,9,3,"Hof",2016,9464,0,82.7166666666667,76.4133333333333
"279",159827,9471111,0.439418133866298,1,2,1,"Altendorf",2016,9471,0,82.69,78.17
"280",160619,9472111,0.413384569421121,1,2,1,"Ahorntal",2016,9472,0,83.4633333333333,78.1433333333333
"281",161345,9473112,0.442240926370445,2,3,2,"Ahorn",2016,9473,0,83.07,78.1066666666667
"282",161719,9474119,0.322643122791474,1,1,1,"Dormitz",2016,9474,0,83.5166666666667,79.2666666666667
"283",162357,9475112,0.481244913307303,2,3,2,"Bad Steben, Markt",2016,9475,0,83.1966666666667,77.8533333333333
"284",162951,9476145,0.521217303512007,2,4,2,"Kronach, Stadt",2016,9476,0,82.8033333333333,77.2733333333333
"285",163347,9477117,0.512244120040796,2,4,2,"Grafengehaig, Markt",2016,9477,0,82.6566666666667,78.0866666666667
"286",163831,9478111,0.518116352622416,2,4,2,"Altenkunstadt",2016,9478,0,82.2133333333333,77.6933333333333
"287",164073,9479111,0.593620901027126,3,6,2,"Bad Alexandersbad",2016,9479,0,82.0033333333333,77.1
"288",164447,9561000,0.518157561272111,2,4,2,"Ansbach",2016,9561,0,82.8966666666667,77.6966666666667
"289",164469,9562000,0.0940381386052933,1,1,1,"Erlangen",2016,9562,0,83.5833333333333,78.5666666666667
"290",164491,9563000,0.462649510132177,2,3,2,"Fürth",2016,9563,0,82.7433333333333,77.8866666666667
"291",164513,9564000,0.452027980673143,2,3,2,"Nürnberg",2016,9564,0,82.7966666666667,77.5233333333333
"292",164535,9565000,0.43121761257688,1,2,1,"Schwabach",2016,9565,0,82.86,79.0866666666667
"293",164557,9571111,0.479988049491588,2,3,2,"Adelshofen",2016,9571,0,83.3233333333333,78.6466666666667
"294",165833,9572111,0.223062420802126,1,1,1,"Adelsdorf",2016,9572,0,83.92,79.8066666666667
"295",166383,9573111,0.31919189837947,1,1,1,"Ammerndorf, Markt",2016,9573,0,83.35,79.74
"296",166691,9574111,0.406677861683167,1,2,1,"Alfeld",2016,9574,0,83.3833333333333,78.8433333333333
"297",167285,9575112,0.513686422780142,2,4,2,"Bad Windsheim, Stadt",2016,9575,0,83.5,78.8
"298",168121,9576111,0.455365881298484,2,3,2,"Abenberg, Stadt",2016,9576,0,83.6466666666667,78.9033333333333
"299",168473,9577111,0.508586852380315,2,4,2,"Absberg, Markt",2016,9577,0,83.4766666666667,77.9466666666667
"300",169067,9661000,0.443951085332811,2,3,2,"Aschaffenburg",2016,9661,0,83.1033333333333,78.1466666666667
"301",169089,9662000,0.527481018265734,2,4,2,"Schweinfurt",2016,9662,0,82.9866666666667,76.6766666666667
"302",169111,9663000,0.313731752294807,1,1,1,"Würzburg",2016,9663,0,83.7033333333333,78.72
"303",169133,9671111,0.409088567690358,1,2,1,"Alzenau, Stadt",2016,9671,0,84.17,79.98
"304",169837,9672111,0.478051242955896,2,3,2,"Aura a.d.Saale",2016,9672,0,83.57,78.78
"305",170409,9673113,0.456766975388134,2,3,2,"Aubstadt",2016,9673,0,83.19,78.67
"306",171223,9674111,0.538555842871419,3,5,2,"Aidhausen",2016,9674,0,83.5033333333333,78.6466666666667
"307",171795,9675111,0.444023200469779,2,3,2,"Abtswind, Markt",2016,9675,0,83.3666666666667,78.98
"308",172477,9676111,0.494699537432907,2,4,2,"Altenbuch",2016,9676,0,83.8833333333333,79.0933333333333
"309",173181,9677114,0.371650509441932,1,1,1,"Arnstein, Stadt",2016,9677,0,83.76,79.2166666666667
"310",174061,9678115,0.49899553916367,2,4,2,"Bergrheinfeld",2016,9678,0,84,79.6033333333333
"311",174699,9679114,0.410427848805464,1,2,1,"Aub, Stadt",2016,9679,0,84.7833333333333,80.5033333333333
"312",175843,9761000,0.490650787600317,2,3,2,"Augsburg",2016,9761,0,83.4933333333333,78.0433333333333
"313",175865,9762000,0.61377193072826,4,7,2,"Kaufbeuren",2016,9762,0,84.1666666666667,78.8966666666667
"314",175887,9763000,0.552535877280641,3,5,2,"Kempten (Allgäu)",2016,9763,0,83.41,78.9966666666667
"315",175909,9764000,0.512614997888057,2,4,2,"Memmingen",2016,9764,0,83.4633333333333,78.8433333333333
"316",175931,9771111,0.348635478586955,1,1,1,"Adelzhausen",2016,9771,0,83.95,80.2133333333333
"317",176459,9772111,0.354765265229172,1,1,1,"Adelsried",2016,9772,0,83.9333333333333,79.56
"318",177471,9773111,0.491433751944533,2,3,2,"Aislingen, Markt",2016,9773,0,83.7766666666667,79.1133333333333
"319",178065,9774111,0.468789598936817,2,3,2,"Aletshausen",2016,9774,0,83.1933333333333,79.3933333333333
"320",178813,9775111,0.429208690904221,1,2,1,"Altenstadt, Markt",2016,9775,0,84.34,79.86
"321",179187,9776111,0.404030205940227,1,2,1,"Bodolz",2016,9776,0,84.2666666666667,78.9433333333333
"322",179605,9777111,0.395149741930831,1,2,1,"Aitrang",2016,9777,0,84.1933333333333,80.1566666666667
"323",180595,9778111,0.363717844375534,1,1,1,"Amberg",2016,9778,0,84.0266666666667,79.3866666666667
"324",181739,9779111,0.374401186809111,1,2,1,"Alerheim",2016,9779,0,84.2933333333333,79.1966666666667
"325",182707,9780112,0.388329710406214,1,2,1,"Altusried, Markt",2016,9780,0,84.46,80.25
"326",183323,10041100,0.722799715660317,5,9,3,"Saarbrücken, Landeshauptstadt",2016,10041,0,81.88,76.9966666666667
"327",183345,10041511,0.659698970813974,4,8,2,"Friedrichsthal, Stadt",2016,10042,0,82.25,77.18
"328",183697,10043111,0.694190610609167,5,9,3,"Eppelborn",2016,10043,0,82.1,76.5033333333333
"329",183851,10044111,0.656412581000752,4,8,2,"Dillingen/ Saar, Stadt",2016,10044,0,82.2533333333333,77.7033333333333
"330",184137,10045111,0.483624712827222,2,3,2,"Bexbach, Stadt",2016,10045,0,82.9,78.6966666666667
"331",184291,10046111,0.546251558202067,3,5,2,"Freisen",2016,10046,0,83.2833333333333,78.7366666666667
"332",184467,1.1e+07,0.625021892095151,4,7,2,"Berlin, Stadt",2016,11000,0,83.1066666666667,78.04
"333",184489,12051000,0.821556244655753,5,10,3,"Brandenburg an der Havel, Stadt",2016,12051,0,83.4766666666667,76.5766666666667
"334",184511,12052000,0.676470891240071,4,8,2,"Cottbus, Stadt",2016,12052,0,82.65,77.1266666666667
"335",184533,12053000,0.709818991006212,5,9,3,"Frankfurt (Oder), Stadt",2016,12053,0,82.42,77.0566666666667
"336",184555,12054000,0.420132485808771,1,2,1,"Potsdam, Stadt",2016,12054,0,83.96,79.0333333333333
"337",184577,12060005,0.543634808946398,3,5,2,"Ahrensfelde",2016,12060,0,83.06,77.9133333333333
"338",185127,12061005,0.596783664891261,3,6,2,"Alt Zauche-Wußwerk",2016,12061,0,83.93,78.6566666666667
"339",185875,12061510,0.53329143787281,2,4,2,"Unterspreewald",2016,12062,0,83.2366666666667,76.3066666666667
"340",186667,12063036,0.624259532075783,4,7,2,"Brieselang",2016,12063,0,82.7333333333333,77.9466666666667
"341",187239,12064009,0.811161362770045,5,10,3,"Alt Tucheband",2016,12064,0,83.3933333333333,78.2166666666667
"342",188163,12064512,0.814870141242647,5,10,3,"Wriezen, Stadt",2016,12065,0,82.91,78.1466666666667
"343",188647,12066008,0.707078615801457,5,9,3,"Altdöbern",2016,12066,0,83.0266666666667,76.1966666666667
"344",189197,12067024,0.636045205888716,4,8,2,"Bad Saarow",2016,12067,0,83.22,77.67
"345",189901,12067508,0.624372855862446,4,7,2,"Vogelsang",2016,12068,0,82.95,77.42
"346",190495,12068501,0.836679819094028,5,10,3,"Zernitz-Lohm",2016,12069,0,83.9966666666667,79.0166666666667
"347",191067,12069537,0.525770859303368,2,4,2,"Rosenau",2016,12070,0,82.67,76.34
"348",191925,12071028,0.600677882287492,3,6,2,"Briesen",2016,12071,0,82.9166666666667,76.8933333333333
"349",192563,12072002,0.648057527274975,4,8,2,"Am Mellensee",2016,12072,0,83.2233333333333,77.8033333333333
"350",192915,12073008,0.852133062729867,5,10,3,"Angermünde, Stadt",2016,12073,0,83.0466666666667,76.39
"351",193443,12073505,0.748668445506712,5,10,3,"Schöneberg",2016,12074,0,NA,NA
"352",193663,13003000,0.691934437038334,5,9,3,"Rostock, Hansestadt",2016,13003,0,83.7,77.41
"353",193685,13004000,0.733616986205405,5,10,3,"Schwerin, Landeshauptstadt",2016,13004,0,83.47,76.1233333333333
"354",193707,13071001,0.760794090679634,5,10,3,"Alt Schwerin",2016,13071,0,83.1566666666667,76.7766666666667
"355",196963,13072001,0.624857057496368,4,7,2,"Admannshagen-Bargeshagen",2016,13072,0,83.3166666666667,77.0133333333333
"356",199427,13073001,0.751862115858119,5,10,3,"Ahrenshagen-Daskow",2016,13073,0,83.0466666666667,76.62
"357",201649,13074001,0.677243553421863,5,9,3,"Alt Meteln",2016,13074,0,83.6466666666667,77.0166666666667
"358",203475,13075001,0.810955319521568,5,10,3,"Ahlbeck",2016,13075,0,82.45,76.3066666666667
"359",206511,13076001,0.669496327279096,4,8,2,"Alt Krenzlin",2016,13076,0,83.2966666666667,76.9
"360",209635,14511000,0.623837143416403,4,7,2,"Chemnitz, Stadt",2016,14511,0,83.67,77.84
"361",209657,14521010,0.609063842500541,4,7,2,"Amtsberg",2016,14521,0,83.6166666666667,77.6733333333333
"362",210559,14521500,0.647202447793792,4,8,2,"Raschau-Markersbach",2016,14522,0,83.94,77.7266666666667
"363",211901,14522510,0.677264157746711,5,9,3,"Roßwein, Stadt",2016,14523,0,83.6033333333333,76.8533333333333
"364",212935,14524010,0.580918334758466,3,6,2,"Bernsdorf",2016,14524,0,83.0166666666667,77.29
"365",213661,14612000,0.433504692634984,1,2,1,"Dresden, Stadt",2016,14612,0,84.8933333333333,79.4033333333333
"366",213683,14625010,0.577333182234951,3,6,2,"Arnsdorf",2016,14625,0,83.87,77.5933333333333
"367",214651,14625500,0.569884718802477,3,5,2,"Ralbitz-Rosenthal",2016,14626,0,83.37,77.0466666666667
"368",215905,14626510,0.708016112582031,5,9,3,"Schönbach",2016,14627,0,84.3066666666667,78.32
"369",216719,14628010,0.614163412900368,4,7,2,"Altenberg, Stadt",2016,14628,0,84.1033333333333,78.1966666666667
"370",217511,14713000,0.618160651920838,4,7,2,"Leipzig, Stadt",2016,14713,0,83.5233333333333,77.3866666666667
"371",217533,14729010,0.59228161991202,3,6,2,"Bad Lausick, Stadt",2016,14729,0,83.7633333333333,77.8366666666667
"372",218193,14730010,0.74268288913843,5,10,3,"Arzberg",2016,14730,0,83.1533333333333,77.4033333333333
"373",218853,15001000,0.714990676543006,5,9,3,"Dessau-Roßlau, Stadt",2016,15001,0,82.8766666666667,77.0333333333333
"374",218875,15002000,0.795234219662707,5,10,3,"Halle (Saale), Stadt",2016,15002,0,82.6133333333333,76.13
"375",218897,15003000,0.711755797541904,5,9,3,"Magdeburg, Landeshauptstadt",2016,15003,0,83.0233333333333,76.7733333333333
"376",218919,15081026,0.76036139985783,5,10,3,"Apenburg-Winterfeld, Flecken",2016,15081,0,82.7033333333333,75.76
"377",219183,15081545,0.76036139985783,5,10,3,"Wallstawe",2016,15082,0,82.2966666666667,76.28
"378",219425,15083020,0.642741611464246,4,8,2,"Altenhausen",2016,15083,0,83.25,76.7433333333333
"379",220019,15083505,0.666817765048884,4,8,2,"Ummendorf",2016,15084,0,83.0933333333333,76.5066666666667
"380",220811,15084550,0.765141603222516,5,10,3,"Weißenfels, Stadt",2016,15085,0,82.2166666666667,76.15
"381",221339,15086005,0.691707789465009,5,9,3,"Biederitz",2016,15086,0,83.2433333333333,76.58
"382",221515,15087010,0.842139965178691,5,10,3,"Ahlsdorf",2016,15087,0,82.9833333333333,76.34
"383",221999,15088020,0.712940546220652,5,9,3,"Bad Dürrenberg, Stadt",2016,15088,0,82.7666666666667,76.89
"384",222439,15089005,0.803414136627278,5,10,3,"Alsleben (Saale), Stadt",2016,15089,0,81.7566666666667,75.54
"385",222901,15090003,0.837009488291592,5,10,3,"Aland",2016,15090,0,82.01,75.78
"386",223297,15090520,0.837009488291592,5,10,3,"Seehausen (Altmark), Hansestadt",2016,15091,0,82.5233333333333,76.0866666666667
"387",223649,16051000,0.601697796367458,3,6,2,"Erfurt, Stadt",2016,16051,0,83.1933333333333,77.89
"388",223671,16052000,0.720646563713724,5,9,3,"Gera, Stadt",2016,16052,0,83.77,76.7666666666667
"389",223693,16053000,0.336046236104958,1,1,1,"Jena, Stadt",2016,16053,0,84.57,79.7866666666667
"390",223715,16054000,0.659987431361843,4,8,2,"Suhl, Stadt",2016,16054,0,83.4733333333333,76.6433333333333
"391",223737,16055000,0.563353147825729,3,5,2,"Weimar, Stadt",2016,16055,0,82.6,77.5533333333333
"392",223759,16056000,0.703390441653703,5,9,3,"Eisenach, Stadt",2016,16056,0,82.4733333333333,77.1233333333333
"393",223781,16061001,0.584379861332894,3,6,2,"Arenshausen",2016,16061,0,83.9733333333333,78.23
"394",225277,16062005,0.72328391729424,5,9,3,"Ellrich, Stadt",2016,16062,0,82.5866666666667,77.29
"395",225607,16063003,0.610217684692017,4,7,2,"Bad Salzungen, Stadt",2016,16063,0,83.08,77.64
"396",226289,16064003,0.775824945656093,5,10,3,"Bad Langensalza, Stadt",2016,16064,0,82.5166666666667,76.4433333333333
"397",226949,16065001,0.79804671000443,5,10,3,"Abtsbessingen",2016,16065,0,81.84,75.6433333333333
"398",227609,16066005,0.629750584647718,4,7,2,"Belrieth",2016,16066,0,82.53,76.79
"399",228467,16067004,0.60014216984145,3,6,2,"Bienstädt",2016,16067,0,82.97,77.2466666666667
"400",229127,16068001,0.677058114498233,4,8,2,"Alperstedt",2016,16068,0,82.83,75.85
"401",229963,16069001,0.611917541491959,4,7,2,"Ahlstädt",2016,16069,0,83.0566666666667,76.68
"402",230667,16070001,0.556965807122915,3,5,2,"Alkersleben",2016,16070,0,83.0433333333333,77.2533333333333
"403",231019,16071001,0.677150833960048,4,8,2,"Apolda, Stadt",2016,16071,0,83.1,77.92
"404",231877,16072006,0.707387680674174,5,9,3,"Goldisthal",2016,16072,0,83.2066666666667,76.18
"405",232053,16073001,0.656206537752274,4,8,2,"Allendorf",2016,16073,0,83.4466666666667,76.9966666666667
"406",232625,16074001,0.525317564156717,2,4,2,"Albersdorf",2016,16074,0,84.36,78.5833333333333
"407",234627,16075006,0.661543057887851,4,8,2,"Bodelwitz",2016,16075,0,83.4833333333333,76.9366666666667
"408",235925,16076003,0.63163588037129,4,7,2,"Bad Köstritz, Stadt",2016,16076,0,83.3966666666667,77.53
"409",236915,16077001,0.765728826480678,5,10,3,"Altenburg, Stadt",2016,16077,0,83.6466666666667,77.5566666666667
