"","NUTS2","NUTS2 Name","Jahr","Bevoelkerung","GISD_Score","TS_Bildung","TS_Einkommen","TS_Arbeitswelt","GISD_5","GISD_10","GISD_k"
"1","DE11","Stuttgart",1998,4126688,0.493092,0.468242285739103,0.846549632044677,0.486923632742747,1,1,1
"2","DE11","Stuttgart",1999,4126688,0.466326,0.457207920503372,0.83859603221703,0.467194336714129,1,1,1
"3","DE11","Stuttgart",2000,4126688,0.432614,0.449329106742121,0.827315868000615,0.437589640587726,1,1,1
"4","DE11","Stuttgart",2001,4126688,0.382405,0.449258403880704,0.800609479314524,0.391740915174518,1,1,1
"5","DE11","Stuttgart",2002,4126688,0.375251,0.438495370331945,0.800547523549667,0.392216782331498,1,1,1
"6","DE11","Stuttgart",2003,4126688,0.356273,0.405889706284619,0.796900617517861,0.401018859920425,1,1,1
"7","DE11","Stuttgart",2004,4126688,0.346341,0.393842746825231,0.792348764729382,0.403251438895659,1,1,1
"8","DE11","Stuttgart",2005,4126688,0.340941,0.374272804029174,0.792078587494745,0.415280122814941,1,1,1
"9","DE11","Stuttgart",2006,4126688,0.309286,0.354205852512663,0.783678623150114,0.39795877943587,1,1,1
"10","DE11","Stuttgart",2007,4126688,0.264292,0.324995660102962,0.77414420835442,0.37162022447462,1,1,1
"11","DE11","Stuttgart",2008,4126688,0.22776,0.311912140328252,0.758544321325567,0.34745951776943,1,1,1
"12","DE11","Stuttgart",2009,4126688,0.249916,0.308303750837397,0.768457679496926,0.37320395765768,1,1,1
"13","DE11","Stuttgart",2010,4126688,0.224821,0.292038711305501,0.766710641796335,0.354915522455547,1,1,1
"14","DE11","Stuttgart",2011,4126688,0.169021,0.270113315812539,0.753483960658165,0.309354325597188,1,1,1
"15","DE11","Stuttgart",2012,4126688,0.126199,0.239064950726313,0.744497579315981,0.287447047950526,1,1,1
"16","DE11","Stuttgart",2013,4126688,0.124304,0.255457832786363,0.739335773851771,0.273474989600198,1,1,1
"17","DE11","Stuttgart",2014,4126688,0.107452,0.254881241591904,0.734180038660618,0.254831393641218,1,1,1
"18","DE11","Stuttgart",2015,4126688,0.074496,0.238037266473783,0.728827627535791,0.229357536246672,1,1,1
"19","DE11","Stuttgart",2016,4126688,0.063089,0.247773690417808,0.724107603218947,0.20784168075789,1,1,1
"20","DE11","Stuttgart",2017,4126688,0.054353,0.276340547831169,0.707502358262217,0.183243089325286,1,1,1
"21","DE12","Karlsruhe",1998,2795783,0.536428,0.469583694313929,0.864224376843095,0.530591737369074,1,2,1
"22","DE12","Karlsruhe",1999,2795783,0.515073,0.462828091068975,0.856806728316456,0.513875828431022,1,1,1
"23","DE12","Karlsruhe",2000,2795783,0.484449,0.463585929195155,0.844643310005372,0.48098358033694,1,2,1
"24","DE12","Karlsruhe",2001,2795783,0.425807,0.445513917029432,0.818686255941938,0.440188115945341,1,1,1
"25","DE12","Karlsruhe",2002,2795783,0.424408,0.441123818824219,0.818667779202718,0.442573109945933,1,2,1
"26","DE12","Karlsruhe",2003,2795783,0.418828,0.426254693354597,0.817006535530379,0.451033153250331,1,1,1
"27","DE12","Karlsruhe",2004,2795783,0.409066,0.413253919226609,0.81439571351008,0.452523538702282,1,1,1
"28","DE12","Karlsruhe",2005,2795783,0.412463,0.408595332857065,0.816371119350456,0.460120058636521,1,1,1
"29","DE12","Karlsruhe",2006,2795783,0.375034,0.374414462247371,0.809726467054219,0.446805701993044,1,1,1
"30","DE12","Karlsruhe",2007,2795783,0.335633,0.354592811866658,0.80077229449961,0.418587590242339,1,1,1
"31","DE12","Karlsruhe",2008,2795783,0.299517,0.341469142274355,0.784839984645095,0.395403497425754,1,1,1
"32","DE12","Karlsruhe",2009,2795783,0.309531,0.330288966855637,0.792123101764041,0.41378555902727,1,2,1
"33","DE12","Karlsruhe",2010,2795783,0.285018,0.314481895580331,0.790616445307357,0.395641598096462,1,2,1
"34","DE12","Karlsruhe",2011,2795783,0.245245,0.313986866104159,0.774114857823479,0.355106563376873,1,2,1
"35","DE12","Karlsruhe",2012,2795783,0.193413,0.266052747206285,0.76453812737466,0.337643446205651,1,1,1
"36","DE12","Karlsruhe",2013,2795783,0.191624,0.281360473676899,0.760643295946886,0.323643163419302,1,2,1
"37","DE12","Karlsruhe",2014,2795783,0.185263,0.291798931135536,0.755834157047332,0.308812623257164,1,2,1
"38","DE12","Karlsruhe",2015,2795783,0.14651,0.260588278001428,0.750355155631022,0.289445506517383,1,2,1
"39","DE12","Karlsruhe",2016,2795783,0.136078,0.269455082779648,0.74667012869169,0.269174767104958,1,2,1
"40","DE12","Karlsruhe",2017,2795783,0.129305,0.297971588457993,0.732298073033445,0.245233159274148,1,2,1
"41","DE13","Freiburg",1998,2254674,0.534293,0.427750663565106,0.865878622265388,0.567682763259184,1,1,1
"42","DE13","Freiburg",1999,2254674,0.522649,0.438307144053642,0.858100609729132,0.548061702087344,1,2,1
"43","DE13","Freiburg",2000,2254674,0.49026,0.431925915506051,0.851189833006222,0.514503278843403,1,2,1
"44","DE13","Freiburg",2001,2254674,0.450998,0.437658266893839,0.827527373018249,0.47564183584744,1,2,1
"45","DE13","Freiburg",2002,2254674,0.446357,0.427023015957268,0.826774332517324,0.48031658728104,1,2,1
"46","DE13","Freiburg",2003,2254674,0.435563,0.406925707575009,0.824551510175358,0.487024022145628,1,2,1
"47","DE13","Freiburg",2004,2254674,0.430008,0.400747378329471,0.821888443814125,0.487829955629931,1,2,1
"48","DE13","Freiburg",2005,2254674,0.421615,0.379929015095897,0.823137285860821,0.495259213895489,1,2,1
"49","DE13","Freiburg",2006,2254674,0.395351,0.364612824265972,0.815079451877519,0.480642084616043,1,2,1
"50","DE13","Freiburg",2007,2254674,0.364564,0.353991006657667,0.807355798066001,0.454455021300186,1,2,1
"51","DE13","Freiburg",2008,2254674,0.321622,0.328862383349432,0.790840385945193,0.433984287658415,1,2,1
"52","DE13","Freiburg",2009,2254674,0.337029,0.323573879169324,0.798386449386686,0.454012108723354,1,2,1
"53","DE13","Freiburg",2010,2254674,0.309697,0.306259311984186,0.795497394772187,0.434681283692387,1,2,1
"54","DE13","Freiburg",2011,2254674,0.264906,0.296423336536107,0.778362319034356,0.396862796426747,1,2,1
"55","DE13","Freiburg",2012,2254674,0.219191,0.257738357268411,0.768909571440978,0.378873180543348,1,2,1
"56","DE13","Freiburg",2013,2254674,0.228395,0.288641499618268,0.763451559337392,0.366742014014445,1,2,1
"57","DE13","Freiburg",2014,2254674,0.223475,0.30310547656106,0.757199538347983,0.351413169781856,2,3,2
"58","DE13","Freiburg",2015,2254674,0.183289,0.273019303449719,0.747343447702581,0.333227675386344,1,2,1
"59","DE13","Freiburg",2016,2254674,0.172314,0.281445056379228,0.742542318762009,0.313727393665013,1,2,1
"60","DE13","Freiburg",2017,2254674,0.178945,0.326760541472835,0.728452610964163,0.292093707599014,2,3,2
"61","DE14","Tübingen",1998,1846280,0.514854,0.457110745231049,0.850827615720604,0.52525577779121,1,1,1
"62","DE14","Tübingen",1999,1846280,0.487548,0.440640288128632,0.843822159525509,0.509234343337669,1,1,1
"63","DE14","Tübingen",2000,1846280,0.472382,0.452341291398644,0.835159078504611,0.484257772600971,1,1,1
"64","DE14","Tübingen",2001,1846280,0.418441,0.433926174990715,0.81205017843323,0.447757442789015,1,1,1
"65","DE14","Tübingen",2002,1846280,0.413189,0.42605995655972,0.812437932001819,0.447638428069819,1,1,1
"66","DE14","Tübingen",2003,1846280,0.403335,0.407037053660187,0.809995736274323,0.45485078513046,1,1,1
"67","DE14","Tübingen",2004,1846280,0.400103,0.401391932838933,0.809307819341238,0.456508033742421,1,1,1
"68","DE14","Tübingen",2005,1846280,0.387239,0.378268735606038,0.808994640047281,0.461336592202734,1,1,1
"69","DE14","Tübingen",2006,1846280,0.366619,0.374684086075763,0.799879128191799,0.444210856928358,1,1,1
"70","DE14","Tübingen",2007,1846280,0.330436,0.358826177891368,0.789676064898345,0.417933741947578,1,1,1
"71","DE14","Tübingen",2008,1846280,0.28663,0.337841887700706,0.774437358037625,0.390792102865218,1,1,1
"72","DE14","Tübingen",2009,1846280,0.299676,0.326681101829877,0.782806964975073,0.412453306298429,1,1,1
"73","DE14","Tübingen",2010,1846280,0.277501,0.314994607891152,0.780411874155492,0.394459858295888,1,2,1
"74","DE14","Tübingen",2011,1846280,0.223146,0.298056660752431,0.763086862336913,0.350099698899184,1,1,1
"75","DE14","Tübingen",2012,1846280,0.18437,0.271263188534827,0.752177699230334,0.33171241253473,1,1,1
"76","DE14","Tübingen",2013,1846280,0.196596,0.310901454389644,0.745918399165491,0.316018297070693,1,2,1
"77","DE14","Tübingen",2014,1846280,0.170803,0.298206553610599,0.738028464937995,0.299294204073537,1,2,1
"78","DE14","Tübingen",2015,1846280,0.157936,0.303365978209385,0.732368514307965,0.281181976721225,1,2,1
"79","DE14","Tübingen",2016,1846280,0.124922,0.282054472777564,0.72827686889137,0.258831650018796,1,2,1
"80","DE14","Tübingen",2017,1846280,0.126758,0.318865874674299,0.713694719412992,0.239257833927378,1,2,1
"81","DE21","Oberbayern",1998,4649534,0.515294,0.529901412905301,0.824883294188534,0.479045611798704,1,1,1
"82","DE21","Oberbayern",1999,4649534,0.477438,0.500521840653145,0.816644677208972,0.461904985022602,1,1,1
"83","DE21","Oberbayern",2000,4649534,0.446747,0.489964230732878,0.801228016361577,0.443486568563106,1,1,1
"84","DE21","Oberbayern",2001,4649534,0.426834,0.528162018364723,0.774763430298501,0.402948975595342,1,1,1
"85","DE21","Oberbayern",2002,4649534,0.394938,0.481573321005216,0.775596590784337,0.402567584221474,1,1,1
"86","DE21","Oberbayern",2003,4649534,0.380521,0.449015834963807,0.771226181606368,0.418641814395927,1,1,1
"87","DE21","Oberbayern",2004,4649534,0.383687,0.453977901555317,0.772371079177356,0.417114159109732,1,1,1
"88","DE21","Oberbayern",2005,4649534,0.372757,0.427564059634871,0.772034841958518,0.428053556523358,1,1,1
"89","DE21","Oberbayern",2006,4649534,0.337401,0.397703061712708,0.763738827511712,0.415068239255215,1,1,1
"90","DE21","Oberbayern",2007,4649534,0.300833,0.386570021683303,0.748296187574881,0.388749678618095,1,1,1
"91","DE21","Oberbayern",2008,4649534,0.235533,0.352958511532086,0.733380163201424,0.342821475387332,1,1,1
"92","DE21","Oberbayern",2009,4649534,0.237871,0.343195712519502,0.737480675781442,0.351866081228794,1,1,1
"93","DE21","Oberbayern",2010,4649534,0.21377,0.321824959771659,0.740066211025203,0.335788765448198,1,1,1
"94","DE21","Oberbayern",2011,4649534,0.148785,0.275413854705788,0.725580549030376,0.302686511274882,1,1,1
"95","DE21","Oberbayern",2012,4649534,0.135663,0.291106233358276,0.711277645282672,0.282316216622205,1,1,1
"96","DE21","Oberbayern",2013,4649534,0.112626,0.278435500604896,0.705312878631424,0.267629175227394,1,1,1
"97","DE21","Oberbayern",2014,4649534,0.081352,0.267777847970797,0.689810712905033,0.24855087540906,1,1,1
"98","DE21","Oberbayern",2015,4649534,0.054285,0.253688027122563,0.684255214497117,0.229044898208143,1,1,1
"99","DE21","Oberbayern",2016,4649534,0.028352,0.244183422288557,0.679626967491936,0.205665961762744,1,1,1
"100","DE21","Oberbayern",2017,4649534,0,0.244071413448293,0.664374793231231,0.180018841749591,1,1,1
"101","DE22","Niederbayern",1998,1230037,0.601068,0.538967220107886,0.859547693174915,0.559385611770666,2,4,2
"102","DE22","Niederbayern",1999,1230037,0.586163,0.541834857807222,0.852615945930294,0.541889964753554,2,4,2
"103","DE22","Niederbayern",2000,1230037,0.564339,0.548761935761468,0.849010501326078,0.50700058427772,3,5,2
"104","DE22","Niederbayern",2001,1230037,0.539508,0.558336659544038,0.831445663652992,0.479072683628294,3,5,2
"105","DE22","Niederbayern",2002,1230037,0.539531,0.558343630674468,0.831093422822761,0.479451983951267,3,5,2
"106","DE22","Niederbayern",2003,1230037,0.521824,0.527113904674806,0.827949327199758,0.488213297440427,2,4,2
"107","DE22","Niederbayern",2004,1230037,0.515396,0.524214712932431,0.824898468265546,0.484864012937012,3,5,2
"108","DE22","Niederbayern",2005,1230037,0.503009,0.493900328077371,0.825538160862011,0.49662202878704,3,5,2
"109","DE22","Niederbayern",2006,1230037,0.476074,0.479597098553567,0.817473844825709,0.480027825759452,2,4,2
"110","DE22","Niederbayern",2007,1230037,0.426135,0.452480486400176,0.805200333971059,0.447181648466903,2,4,2
"111","DE22","Niederbayern",2008,1230037,0.405973,0.445284367852868,0.791084359585665,0.439331086968567,3,5,2
"112","DE22","Niederbayern",2009,1230037,0.400638,0.423055889214439,0.791804264186716,0.453122404046784,3,5,2
"113","DE22","Niederbayern",2010,1230037,0.380574,0.41260115792593,0.792498938503798,0.433860163801092,3,5,2
"114","DE22","Niederbayern",2011,1230037,0.316647,0.367494221256203,0.779702324554275,0.399294187633091,2,4,2
"115","DE22","Niederbayern",2012,1230037,0.284297,0.350756179108468,0.768522122874974,0.380418380637079,2,4,2
"116","DE22","Niederbayern",2013,1230037,0.268774,0.352201768857608,0.760705069257901,0.364336022647062,2,4,2
"117","DE22","Niederbayern",2014,1230037,0.256581,0.358975419162268,0.753951087133154,0.346679541424566,2,4,2
"118","DE22","Niederbayern",2015,1230037,0.247564,0.366578134176585,0.747924094889606,0.33206089054073,2,4,2
"119","DE22","Niederbayern",2016,1230037,0.249176,0.389602228039611,0.743136757911907,0.316154971463124,3,5,2
"120","DE22","Niederbayern",2017,1230037,0.222933,0.388000465628316,0.73205955135622,0.290873696781807,2,4,2
"121","DE23","Oberpfalz",1998,1104407,0.602203,0.542430435808881,0.860161182417331,0.556951578115844,2,4,2
"122","DE23","Oberpfalz",1999,1104407,0.583768,0.540468920666613,0.853251436513,0.539156217341353,2,4,2
"123","DE23","Oberpfalz",2000,1104407,0.555553,0.529086576715397,0.846468190844222,0.51650996135026,2,4,2
"124","DE23","Oberpfalz",2001,1104407,0.550945,0.57434270105674,0.826796259358592,0.484260030216986,3,6,2
"125","DE23","Oberpfalz",2002,1104407,0.523122,0.534285352709673,0.827311450012757,0.483557036113909,2,4,2
"126","DE23","Oberpfalz",2003,1104407,0.522252,0.524544195507705,0.826371407996143,0.492979900468028,2,4,2
"127","DE23","Oberpfalz",2004,1104407,0.492762,0.491286375529513,0.822375082047062,0.487576296023737,2,4,2
"128","DE23","Oberpfalz",2005,1104407,0.490649,0.476448607316959,0.823127968609871,0.498605481303045,2,4,2
"129","DE23","Oberpfalz",2006,1104407,0.460204,0.464063155435599,0.814964552494118,0.475115089814511,2,4,2
"130","DE23","Oberpfalz",2007,1104407,0.407315,0.431546300314375,0.803805880137199,0.44228816082629,1,2,1
"131","DE23","Oberpfalz",2008,1104407,0.380383,0.420421239927495,0.789989904105572,0.428272689158265,2,4,2
"132","DE23","Oberpfalz",2009,1104407,0.380643,0.407657783809448,0.792231823895013,0.439170665977061,2,4,2
"133","DE23","Oberpfalz",2010,1104407,0.353015,0.389426889428448,0.793493534492783,0.416175686945592,2,4,2
"134","DE23","Oberpfalz",2011,1104407,0.301189,0.360231421175341,0.781785391671944,0.38211313432878,2,4,2
"135","DE23","Oberpfalz",2012,1104407,0.256851,0.323783640321093,0.772729257276717,0.363483106357287,2,3,2
"136","DE23","Oberpfalz",2013,1104407,0.254069,0.338007966380537,0.765018038999089,0.352946512047951,2,3,2
"137","DE23","Oberpfalz",2014,1104407,0.231633,0.334844553661028,0.75736178117344,0.33131191794696,2,3,2
"138","DE23","Oberpfalz",2015,1104407,0.211526,0.332934069371158,0.747121819146929,0.314377808146218,2,3,2
"139","DE23","Oberpfalz",2016,1104407,0.200149,0.340239680806313,0.742365709555459,0.295372076727871,2,3,2
"140","DE23","Oberpfalz",2017,1104407,0.186525,0.359551957815708,0.72972922259672,0.268989358867421,2,3,2
"141","DE24","Oberfranken",1998,1066840,0.636896,0.572931320696029,0.867026235896222,0.569768312942619,3,6,2
"142","DE24","Oberfranken",1999,1066840,0.617837,0.569676916394137,0.860036221739107,0.552444472805019,3,6,2
"143","DE24","Oberfranken",2000,1066840,0.585234,0.56643715580087,0.850954755999169,0.517604997190926,3,5,2
"144","DE24","Oberfranken",2001,1066840,0.547038,0.566068909658904,0.828131440309007,0.485547829031916,3,5,2
"145","DE24","Oberfranken",2002,1066840,0.553958,0.564315895814087,0.828073939578882,0.497366899996276,3,6,2
"146","DE24","Oberfranken",2003,1066840,0.541695,0.531922109720934,0.828933010548413,0.511164061477415,3,6,2
"147","DE24","Oberfranken",2004,1066840,0.52098,0.505868357814279,0.824301464247874,0.511885296497436,3,5,2
"148","DE24","Oberfranken",2005,1066840,0.519709,0.494184889406826,0.826513894526461,0.519517955149509,3,5,2
"149","DE24","Oberfranken",2006,1066840,0.492124,0.479799383686746,0.821797089592418,0.498719110674945,3,5,2
"150","DE24","Oberfranken",2007,1066840,0.445108,0.460052230196316,0.809914956762291,0.46233961840598,2,4,2
"151","DE24","Oberfranken",2008,1066840,0.40355,0.432357596760332,0.794114868053687,0.445721831166777,2,4,2
"152","DE24","Oberfranken",2009,1066840,0.393113,0.409064127699841,0.795941911696677,0.452091218977921,3,5,2
"153","DE24","Oberfranken",2010,1066840,0.371274,0.399795964121454,0.796682160107044,0.429029090459835,3,5,2
"154","DE24","Oberfranken",2011,1066840,0.319811,0.370358208813637,0.784758562429418,0.395950619695211,2,4,2
"155","DE24","Oberfranken",2012,1066840,0.299477,0.36654052532418,0.781150645221845,0.373963486601957,3,5,2
"156","DE24","Oberfranken",2013,1066840,0.289688,0.372336203878875,0.772573667525218,0.362583972612918,3,5,2
"157","DE24","Oberfranken",2014,1066840,0.271718,0.369186291232987,0.766031968726274,0.346282584233595,2,4,2
"158","DE24","Oberfranken",2015,1066840,0.2619,0.379801732710447,0.756518341065467,0.330978867902571,2,4,2
"159","DE24","Oberfranken",2016,1066840,0.25362,0.394869894604332,0.750712082512648,0.309740357728133,3,5,2
"160","DE24","Oberfranken",2017,1066840,0.238889,0.410072926365828,0.738334868112274,0.285606597188097,3,5,2
"161","DE25","Mittelfranken",1998,1759643,0.599846,0.569951883043523,0.854647175838007,0.53153519507666,2,3,2
"162","DE25","Mittelfranken",1999,1759643,0.569082,0.551039662290481,0.847245999447187,0.513348754134742,2,3,2
"163","DE25","Mittelfranken",2000,1759643,0.549371,0.57312031326191,0.833282338889679,0.476719462983809,2,3,2
"164","DE25","Mittelfranken",2001,1759643,0.51687,0.584438716513997,0.809561978070639,0.442108955327437,2,4,2
"165","DE25","Mittelfranken",2002,1759643,0.504403,0.559387642083911,0.810265023781372,0.448424176195733,2,4,2
"166","DE25","Mittelfranken",2003,1759643,0.503764,0.544585465537196,0.809126433745731,0.463440062854496,2,4,2
"167","DE25","Mittelfranken",2004,1759643,0.499032,0.535426552339353,0.808912885629945,0.465967986287673,2,4,2
"168","DE25","Mittelfranken",2005,1759643,0.482015,0.499909095719219,0.810122901690265,0.475661097287055,2,3,2
"169","DE25","Mittelfranken",2006,1759643,0.449645,0.478934553229412,0.80395243487225,0.455983624543012,2,3,2
"170","DE25","Mittelfranken",2007,1759643,0.40823,0.463738186686293,0.789290544503851,0.42593546386788,2,3,2
"171","DE25","Mittelfranken",2008,1759643,0.357301,0.434322634558998,0.773288155845405,0.397684896379815,1,2,1
"172","DE25","Mittelfranken",2009,1759643,0.350466,0.411331443569537,0.775548233289404,0.408529988096468,1,2,1
"173","DE25","Mittelfranken",2010,1759643,0.327263,0.395611129355932,0.776712116482875,0.389522519437694,1,2,1
"174","DE25","Mittelfranken",2011,1759643,0.248122,0.329207303301287,0.763248765836581,0.354914527713479,1,2,1
"175","DE25","Mittelfranken",2012,1759643,0.237552,0.342424268948862,0.756623881247409,0.333031777955438,2,3,2
"176","DE25","Mittelfranken",2013,1759643,0.230037,0.345115717397527,0.751553014955829,0.324541534023334,1,2,1
"177","DE25","Mittelfranken",2014,1759643,0.215844,0.351767028988148,0.74410314620732,0.304810044906438,1,2,1
"178","DE25","Mittelfranken",2015,1759643,0.184974,0.332993307071886,0.735461698671527,0.287571717478307,1,2,1
"179","DE25","Mittelfranken",2016,1759643,0.17328,0.340046936079685,0.732913074919171,0.266152266007627,1,2,1
"180","DE25","Mittelfranken",2017,1759643,0.158518,0.357120814516184,0.720751472471319,0.239887055786873,1,2,1
"181","DE26","Unterfranken",1998,1313375,0.61662,0.573188143934003,0.854405745914089,0.552803024698194,3,5,2
"182","DE26","Unterfranken",1999,1313375,0.581278,0.542574333769874,0.84812353732077,0.538577734652982,2,4,2
"183","DE26","Unterfranken",2000,1313375,0.560794,0.554003184584788,0.840531518925078,0.505111422378532,2,4,2
"184","DE26","Unterfranken",2001,1313375,0.52756,0.561243697289303,0.819141394609516,0.471188022231602,2,4,2
"185","DE26","Unterfranken",2002,1313375,0.519549,0.546562484401977,0.819048076173565,0.474374631346083,2,4,2
"186","DE26","Unterfranken",2003,1313375,0.523552,0.543788882057318,0.818042947764365,0.483943337863652,3,5,2
"187","DE26","Unterfranken",2004,1313375,0.494977,0.505855265930394,0.815910028690983,0.482677464544271,2,4,2
"188","DE26","Unterfranken",2005,1313375,0.483099,0.479140398567961,0.816433453423524,0.491686550097571,2,3,2
"189","DE26","Unterfranken",2006,1313375,0.458958,0.468213054427803,0.810083957209482,0.474044761232257,2,3,2
"190","DE26","Unterfranken",2007,1313375,0.410505,0.441384946317677,0.798286602575631,0.442582997181554,2,3,2
"191","DE26","Unterfranken",2008,1313375,0.382217,0.432830226687188,0.783024919350633,0.425481695025944,2,4,2
"192","DE26","Unterfranken",2009,1313375,0.367269,0.398519861056736,0.784482431687666,0.436711612515312,2,3,2
"193","DE26","Unterfranken",2010,1313375,0.342095,0.380886131540397,0.784663796460451,0.417750893436847,2,3,2
"194","DE26","Unterfranken",2011,1313375,0.290153,0.353474554858425,0.770741392023648,0.383951218195465,2,3,2
"195","DE26","Unterfranken",2012,1313375,0.270286,0.352373694892586,0.763842794849172,0.363213590253556,2,3,2
"196","DE26","Unterfranken",2013,1313375,0.258937,0.354291201631797,0.756218954594779,0.352503205662631,2,4,2
"197","DE26","Unterfranken",2014,1313375,0.237154,0.350606446483775,0.747016274162986,0.33388250674671,2,3,2
"198","DE26","Unterfranken",2015,1313375,0.224168,0.357092048066718,0.738458596042523,0.317170628322781,2,4,2
"199","DE26","Unterfranken",2016,1313375,0.231917,0.387287269806274,0.735062848021094,0.301579692564669,2,4,2
"200","DE26","Unterfranken",2017,1313375,0.199154,0.381497754071035,0.719561269260327,0.275479859494378,2,4,2
"201","DE27","Schwaben",1998,1873368,0.603889,0.579468680110449,0.854482223173019,0.528031051027255,2,4,2
"202","DE27","Schwaben",1999,1873368,0.561885,0.54259539129412,0.847857566785623,0.51077045184533,2,3,2
"203","DE27","Schwaben",2000,1873368,0.552059,0.572532170636844,0.839008350455121,0.475470410875117,2,4,2
"204","DE27","Schwaben",2001,1873368,0.51017,0.563223590975301,0.818423407195095,0.444771656241563,2,3,2
"205","DE27","Schwaben",2002,1873368,0.502589,0.547443037565476,0.818508770156857,0.44950078617717,2,4,2
"206","DE27","Schwaben",2003,1873368,0.490241,0.517029844909391,0.816252430664613,0.464309208492105,2,3,2
"207","DE27","Schwaben",2004,1873368,0.482415,0.504433880970718,0.815075840637717,0.466761207703986,2,3,2
"208","DE27","Schwaben",2005,1873368,0.486943,0.502235713149351,0.815179203735384,0.475406340420163,2,4,2
"209","DE27","Schwaben",2006,1873368,0.445646,0.46905459811008,0.80819349330375,0.455837932706918,2,3,2
"210","DE27","Schwaben",2007,1873368,0.401661,0.449427437728151,0.796153062360834,0.423881990744165,1,2,1
"211","DE27","Schwaben",2008,1873368,0.358186,0.424462915051601,0.779817493239247,0.402295210870154,2,3,2
"212","DE27","Schwaben",2009,1873368,0.360534,0.413282077846502,0.779963249715824,0.416727162327484,2,3,2
"213","DE27","Schwaben",2010,1873368,0.338866,0.398985623502094,0.78085400889175,0.398789664945222,2,3,2
"214","DE27","Schwaben",2011,1873368,0.273251,0.348923363819952,0.769864075144181,0.364930516329109,2,3,2
"215","DE27","Schwaben",2012,1873368,0.236952,0.326982214028622,0.761386480434568,0.342843932139363,1,2,1
"216","DE27","Schwaben",2013,1873368,0.246497,0.362742585134174,0.754181653217875,0.328094564193941,2,3,2
"217","DE27","Schwaben",2014,1873368,0.214377,0.342331805751478,0.745448844770875,0.310777163260575,1,2,1
"218","DE27","Schwaben",2015,1873368,0.200408,0.342759479574326,0.737895554164552,0.297697526585684,2,3,2
"219","DE27","Schwaben",2016,1873368,0.191125,0.351747903736663,0.733051054305393,0.28012592880897,2,3,2
"220","DE27","Schwaben",2017,1873368,0.173561,0.367748251644409,0.720413976883484,0.251356682784599,2,3,2
"221","DE30","Berlin",1998,3613495,0.812953,0.654655643480968,0.935842542725634,0.673891916743019,5,9,3
"222","DE30","Berlin",1999,3613495,0.784603,0.631671801780601,0.930271384319244,0.661438669706588,5,9,3
"223","DE30","Berlin",2000,3613495,0.735185,0.607334005559358,0.91437192008112,0.630194160725972,5,9,3
"224","DE30","Berlin",2001,3613495,0.668207,0.56058299906487,0.894261019361407,0.600172588828724,5,9,3
"225","DE30","Berlin",2002,3613495,0.667064,0.544086997022788,0.896874479447489,0.61240216083381,5,9,3
"226","DE30","Berlin",2003,3613495,0.680411,0.543458352514756,0.896775859222211,0.632435523537403,5,9,3
"227","DE30","Berlin",2004,3613495,0.660151,0.50841886090135,0.90176105166538,0.633184432855431,5,9,3
"228","DE30","Berlin",2005,3613495,0.654755,0.472679256935691,0.908214197900734,0.654665470458811,5,9,3
"229","DE30","Berlin",2006,3613495,0.633374,0.459044275993644,0.906886946245123,0.638700470795846,5,9,3
"230","DE30","Berlin",2007,3613495,0.60649,0.452250289322095,0.902610507458499,0.61088358343388,5,9,3
"231","DE30","Berlin",2008,3613495,0.562128,0.436876812768355,0.885587146575341,0.579111266154396,5,9,3
"232","DE30","Berlin",2009,3613495,0.527625,0.408566092947365,0.871870855392967,0.571229331200192,5,9,3
"233","DE30","Berlin",2010,3613495,0.515173,0.406348962614243,0.872496288726076,0.554809986729535,5,9,3
"234","DE30","Berlin",2011,3613495,0.467485,0.386682128467952,0.855312126865063,0.52268100493879,5,9,3
"235","DE30","Berlin",2012,3613495,0.410216,0.330163792681925,0.851105546063415,0.500566929034894,4,8,2
"236","DE30","Berlin",2013,3613495,0.399643,0.33299242290848,0.847100076178091,0.486450400910087,4,8,2
"237","DE30","Berlin",2014,3613495,0.391654,0.351284494384472,0.841553415161766,0.462149068088984,4,8,2
"238","DE30","Berlin",2015,3613495,0.37413,0.373603680119636,0.832601189919422,0.423433152723085,4,8,2
"239","DE30","Berlin",2016,3613495,0.306288,0.309446808877335,0.826692552736649,0.395366627807349,4,7,2
"240","DE30","Berlin",2017,3613495,0.286524,0.32404313981258,0.820026409241035,0.358848317145302,3,6,2
"241","DE40","Brandenburg",1998,2504040,0.812103,0.634940620178594,0.925319569279275,0.702900315879081,5,9,3
"242","DE40","Brandenburg",1999,2504040,0.798211,0.626358276490016,0.920935837894226,0.695771913243766,5,9,3
"243","DE40","Brandenburg",2000,2504040,0.783424,0.629417180865165,0.915541323030691,0.676718196177956,5,9,3
"244","DE40","Brandenburg",2001,2504040,0.758656,0.621837749803293,0.910575826754274,0.653436614421343,5,9,3
"245","DE40","Brandenburg",2002,2504040,0.758907,0.618449022157758,0.908751182054444,0.659012926028181,5,9,3
"246","DE40","Brandenburg",2003,2504040,0.753584,0.596868585508319,0.906467538044311,0.675177274269434,5,9,3
"247","DE40","Brandenburg",2004,2504040,0.764188,0.604186913580007,0.907371332928336,0.682293021843344,5,10,3
"248","DE40","Brandenburg",2005,2504040,0.773608,0.61886359264006,0.909310935741374,0.67930324511543,5,10,3
"249","DE40","Brandenburg",2006,2504040,0.764032,0.633081698732054,0.903857428516931,0.656686856654173,5,10,3
"250","DE40","Brandenburg",2007,2504040,0.721785,0.617866405195574,0.894723944204335,0.619925903998028,5,10,3
"251","DE40","Brandenburg",2008,2504040,0.672291,0.604744560764022,0.87226138343524,0.583918579594073,5,10,3
"252","DE40","Brandenburg",2009,2504040,0.621381,0.560990736974468,0.859026385813374,0.56726690682981,5,9,3
"253","DE40","Brandenburg",2010,2504040,0.598987,0.552009498272546,0.860215622814233,0.542666062010181,5,9,3
"254","DE40","Brandenburg",2011,2504040,0.576893,0.559812827347234,0.847043921426767,0.516075785080452,5,9,3
"255","DE40","Brandenburg",2012,2504040,0.526178,0.503543709932989,0.846043610384417,0.499986309243507,5,9,3
"256","DE40","Brandenburg",2013,2504040,0.52889,0.535872612906636,0.837933031482136,0.479691748215414,5,9,3
"257","DE40","Brandenburg",2014,2504040,0.510461,0.534772052557467,0.834683728237496,0.457383183271029,5,9,3
"258","DE40","Brandenburg",2015,2504040,0.464131,0.503992744090305,0.826378080907434,0.42945262850949,5,9,3
"259","DE40","Brandenburg",2016,2504040,0.434941,0.490849201795882,0.821206503326775,0.40554556232443,5,9,3
"260","DE40","Brandenburg",2017,2504040,0.404101,0.485599486433577,0.811203890115218,0.376188520335123,5,9,3
"261","DE50","Bremen",1998,681032,0.719995,0.550634657304861,0.933314021550298,0.645979250203538,4,8,2
"262","DE50","Bremen",1999,681032,0.662031,0.483650212215931,0.928405648072454,0.634028014526508,4,7,2
"263","DE50","Bremen",2000,681032,0.633789,0.491378041584778,0.911450898805397,0.602402077918694,4,7,2
"264","DE50","Bremen",2001,681032,0.592647,0.509872283985514,0.883206175020912,0.55264248537588,3,6,2
"265","DE50","Bremen",2002,681032,0.56509,0.46175461889243,0.886099337919846,0.558005762159139,3,6,2
"266","DE50","Bremen",2003,681032,0.574791,0.470367469047018,0.886192691551728,0.563331209807373,3,6,2
"267","DE50","Bremen",2004,681032,0.591163,0.491982946063306,0.882106142933479,0.569484446388504,4,8,2
"268","DE50","Bremen",2005,681032,0.59208,0.450982930189371,0.888156743491692,0.605760949486448,4,7,2
"269","DE50","Bremen",2006,681032,0.536167,0.396919553122895,0.884515198248291,0.582587711971034,3,6,2
"270","DE50","Bremen",2007,681032,0.51347,0.400990587749803,0.880468028216568,0.549733281865888,4,7,2
"271","DE50","Bremen",2008,681032,0.449392,0.369215646443263,0.853363566550902,0.515925211247727,3,6,2
"272","DE50","Bremen",2009,681032,0.435032,0.337177623736437,0.860349864066872,0.520205427004938,3,5,2
"273","DE50","Bremen",2010,681032,0.406982,0.302917633623525,0.864104849691009,0.510136421548511,3,5,2
"274","DE50","Bremen",2011,681032,0.404769,0.338945958127153,0.853087102788903,0.481925045802921,4,7,2
"275","DE50","Bremen",2012,681032,0.361698,0.297492543954664,0.848341560066505,0.465822402626793,3,6,2
"276","DE50","Bremen",2013,681032,0.372556,0.333843870578201,0.845585747933779,0.447932751567516,4,7,2
"277","DE50","Bremen",2014,681032,0.357215,0.329787883494923,0.842538491652595,0.432845060000853,4,7,2
"278","DE50","Bremen",2015,681032,0.315668,0.293066203511084,0.83902599610488,0.412982653220812,3,6,2
"279","DE50","Bremen",2016,681032,0.29606,0.28796145349364,0.834471709251129,0.394278269498191,3,6,2
"280","DE50","Bremen",2017,681032,0.301951,0.331557152581477,0.826494759677711,0.367180770815008,4,7,2
"281","DE60","Hamburg",1998,1830584,0.604479,0.563171740886816,0.872890948682457,0.526772931870694,2,4,2
"282","DE60","Hamburg",1999,1830584,0.588189,0.573529001919111,0.863310322801397,0.502432101175851,3,5,2
"283","DE60","Hamburg",2000,1830584,0.566777,0.588054515920631,0.849419784920459,0.470825341205919,3,5,2
"284","DE60","Hamburg",2001,1830584,0.515504,0.585214697671844,0.812856316097024,0.436063296305829,2,3,2
"285","DE60","Hamburg",2002,1830584,0.493894,0.546986477697337,0.815467913909391,0.440420655003672,2,3,2
"286","DE60","Hamburg",2003,1830584,0.491943,0.532622483121966,0.812141906584557,0.455288911779957,2,3,2
"287","DE60","Hamburg",2004,1830584,0.477927,0.517318188613448,0.807969113012499,0.454492122907923,2,3,2
"288","DE60","Hamburg",2005,1830584,0.494081,0.516893311139736,0.814794284695257,0.471458685399574,2,4,2
"289","DE60","Hamburg",2006,1830584,0.475849,0.509493641804462,0.807372397495441,0.45990798698684,2,4,2
"290","DE60","Hamburg",2007,1830584,0.418795,0.459441513576227,0.806805169156749,0.427998938269417,2,4,2
"291","DE60","Hamburg",2008,1830584,0.336433,0.39465100376294,0.783675327296629,0.396784734061772,1,2,1
"292","DE60","Hamburg",2009,1830584,0.317604,0.372912261139285,0.779718021130797,0.395244061075862,1,2,1
"293","DE60","Hamburg",2010,1830584,0.271155,0.310181231924004,0.78861498907913,0.381890208477442,1,1,1
"294","DE60","Hamburg",2011,1830584,0.243741,0.334856304352163,0.763528416948081,0.342648627019759,1,2,1
"295","DE60","Hamburg",2012,1830584,0.216064,0.324850753995845,0.755850268087659,0.320297584225599,1,2,1
"296","DE60","Hamburg",2013,1830584,0.155731,0.263746847129842,0.750188162294296,0.299792109578754,1,1,1
"297","DE60","Hamburg",2014,1830584,0.130856,0.243213497641807,0.74960288468292,0.28493069744789,1,1,1
"298","DE60","Hamburg",2015,1830584,0.109399,0.242949029933415,0.739258151619755,0.264501780653118,1,1,1
"299","DE60","Hamburg",2016,1830584,0.088221,0.238802016994987,0.73534934957583,0.241924507114452,1,1,1
"300","DE60","Hamburg",2017,1830584,0.038454,0.205402429961484,0.721151857746949,0.217534391621317,1,1,1
"301","DE71","Darmstadt",1998,3978050,0.540516,0.487419229074335,0.870514696723698,0.512379060686821,1,2,1
"302","DE71","Darmstadt",1999,3978050,0.538899,0.517600148242762,0.86111737745564,0.489257183213999,1,2,1
"303","DE71","Darmstadt",2000,3978050,0.510184,0.520070148020379,0.846503108183561,0.459865124074736,1,2,1
"304","DE71","Darmstadt",2001,3978050,0.430985,0.490505180628649,0.809393341444735,0.411979835134527,1,2,1
"305","DE71","Darmstadt",2002,3978050,0.417572,0.470100575441238,0.810824808123605,0.411551939820527,1,1,1
"306","DE71","Darmstadt",2003,3978050,0.422884,0.466889416722192,0.810454519093178,0.42281703885344,1,2,1
"307","DE71","Darmstadt",2004,3978050,0.414371,0.443810292152412,0.81189155630742,0.432144202588776,1,2,1
"308","DE71","Darmstadt",2005,3978050,0.419406,0.432793817901429,0.814669912098013,0.447666251163577,1,2,1
"309","DE71","Darmstadt",2006,3978050,0.394195,0.411509716218087,0.807602680621059,0.439550035890266,1,2,1
"310","DE71","Darmstadt",2007,3978050,0.362277,0.403060274810322,0.799235854774516,0.410198007135711,1,2,1
"311","DE71","Darmstadt",2008,3978050,0.301259,0.363357060789271,0.78403037460017,0.376844665918993,1,2,1
"312","DE71","Darmstadt",2009,3978050,0.298311,0.355705277560079,0.784624090847032,0.379637927134764,1,1,1
"313","DE71","Darmstadt",2010,3978050,0.268781,0.318521284494902,0.788270589143466,0.370460611381096,1,1,1
"314","DE71","Darmstadt",2011,3978050,0.223606,0.290549642506298,0.777709971010957,0.343648478739947,1,1,1
"315","DE71","Darmstadt",2012,3978050,0.203297,0.282638861017988,0.77013601400555,0.329756672413379,1,2,1
"316","DE71","Darmstadt",2013,3978050,0.17161,0.252926762574367,0.766048862084724,0.317720146506171,1,1,1
"317","DE71","Darmstadt",2014,3978050,0.15376,0.251410356298422,0.757581951716545,0.301884273616105,1,1,1
"318","DE71","Darmstadt",2015,3978050,0.121422,0.232498993002266,0.750522290901621,0.28107943042455,1,1,1
"319","DE71","Darmstadt",2016,3978050,0.113422,0.249627511138137,0.743687338071332,0.25921396771137,1,1,1
"320","DE71","Darmstadt",2017,3978050,0.072162,0.224150670255275,0.730586131799156,0.238109092420255,1,1,1
"321","DE72","Gießen",1998,1045807,0.611322,0.510610419172925,0.88528799685467,0.576834632591833,3,5,2
"322","DE72","Gießen",1999,1045807,0.597774,0.517555075322549,0.878011290626135,0.557570099367617,3,5,2
"323","DE72","Gießen",2000,1045807,0.570587,0.528179645213197,0.869654148046249,0.515976646745998,3,5,2
"324","DE72","Gießen",2001,1045807,0.52282,0.528858282643187,0.840520057978723,0.475338521042909,2,4,2
"325","DE72","Gießen",2002,1045807,0.49617,0.488166546761785,0.841589996643984,0.476410692637266,2,3,2
"326","DE72","Gießen",2003,1045807,0.51483,0.508381674153598,0.842185847865653,0.48259130002453,2,4,2
"327","DE72","Gießen",2004,1045807,0.492632,0.469832244686298,0.842261005330801,0.488956865843646,2,4,2
"328","DE72","Gießen",2005,1045807,0.49126,0.443570240893377,0.843980955484449,0.511514252965013,2,4,2
"329","DE72","Gießen",2006,1045807,0.476827,0.444325903146931,0.837061339347636,0.49680136073338,2,4,2
"330","DE72","Gießen",2007,1045807,0.446946,0.438869021701524,0.828384424266403,0.467712900180418,3,5,2
"331","DE72","Gießen",2008,1045807,0.397527,0.391620966984303,0.813006225901117,0.458855449219936,2,4,2
"332","DE72","Gießen",2009,1045807,0.386902,0.370648450112513,0.812436181875806,0.46502870622141,2,4,2
"333","DE72","Gießen",2010,1045807,0.362575,0.348472394150629,0.814777823734161,0.449675009617182,2,4,2
"334","DE72","Gießen",2011,1045807,0.328559,0.339234509964666,0.805114847906326,0.419371298504326,3,5,2
"335","DE72","Gießen",2012,1045807,0.295286,0.310321718006232,0.799926475155324,0.405344424186651,2,4,2
"336","DE72","Gießen",2013,1045807,0.280322,0.308214566787468,0.794534779808644,0.391197526842936,2,4,2
"337","DE72","Gießen",2014,1045807,0.276474,0.326242308818767,0.787599841849919,0.374539027409308,2,4,2
"338","DE72","Gießen",2015,1045807,0.241707,0.296866575061411,0.783428860311928,0.35779518065356,2,4,2
"339","DE72","Gießen",2016,1045807,0.240328,0.323358685085818,0.775760132988601,0.336976730189471,2,4,2
"340","DE72","Gießen",2017,1045807,0.211317,0.312147138708126,0.764372538869419,0.317611911976223,2,4,2
"341","DE73","Kassel",1998,1219405,0.668987,0.566634792411023,0.900811010065598,0.588699422793266,3,6,2
"342","DE73","Kassel",1999,1219405,0.651369,0.566339223887012,0.894041243158177,0.570280692930562,3,6,2
"343","DE73","Kassel",2000,1219405,0.653463,0.619928556351459,0.885985102334502,0.527776353302505,4,7,2
"344","DE73","Kassel",2001,1219405,0.594365,0.5939156785475,0.856137750209047,0.498151718724819,4,7,2
"345","DE73","Kassel",2002,1219405,0.563918,0.552169562739398,0.85640135416167,0.495593030011467,3,6,2
"346","DE73","Kassel",2003,1219405,0.582133,0.577145234162836,0.857085728324692,0.496281427006714,4,7,2
"347","DE73","Kassel",2004,1219405,0.570248,0.560305585034398,0.852980156357261,0.500034648569214,4,7,2
"348","DE73","Kassel",2005,1219405,0.560038,0.522588548683311,0.856639906930144,0.519323907710258,3,6,2
"349","DE73","Kassel",2006,1219405,0.545084,0.527963182793212,0.853031471888469,0.495926442517031,4,7,2
"350","DE73","Kassel",2007,1219405,0.513428,0.523208668154845,0.845601493197957,0.462320952030274,4,7,2
"351","DE73","Kassel",2008,1219405,0.440634,0.438517611514057,0.831431257011569,0.45588751422271,3,5,2
"352","DE73","Kassel",2009,1219405,0.445704,0.441265360750675,0.831429738239339,0.460474705354522,3,6,2
"353","DE73","Kassel",2010,1219405,0.414734,0.423379388699123,0.831814264353929,0.433178587992442,3,6,2
"354","DE73","Kassel",2011,1219405,0.36778,0.397188733716924,0.823317960258782,0.399947170607188,3,5,2
"355","DE73","Kassel",2012,1219405,0.352079,0.396207559923813,0.819349952872819,0.382184365709396,3,6,2
"356","DE73","Kassel",2013,1219405,0.323238,0.377062444741211,0.814693750217137,0.364267692090272,3,5,2
"357","DE73","Kassel",2014,1219405,0.316349,0.389727334870085,0.808093000251445,0.348239416569496,3,6,2
"358","DE73","Kassel",2015,1219405,0.274371,0.353726860285977,0.8021774281395,0.32943492377869,3,5,2
"359","DE73","Kassel",2016,1219405,0.26986,0.370913030326082,0.796036525835365,0.311864456623635,3,6,2
"360","DE73","Kassel",2017,1219405,0.228337,0.349313046928303,0.783764733977849,0.285673364297897,3,5,2
"361","DE80","Mecklenburg-Vorpommern",1998,1611119,0.879476,0.66952149011901,0.93982059602315,0.751272419254754,5,10,3
"362","DE80","Mecklenburg-Vorpommern",1999,1611119,0.872322,0.685377870389609,0.934262358637933,0.730625825857019,5,10,3
"363","DE80","Mecklenburg-Vorpommern",2000,1611119,0.864568,0.694246126303321,0.929934786508772,0.714868702700864,5,10,3
"364","DE80","Mecklenburg-Vorpommern",2001,1611119,0.893282,0.770370859687279,0.924354985223196,0.685859268984508,5,10,3
"365","DE80","Mecklenburg-Vorpommern",2002,1611119,0.834762,0.678828829361741,0.923479031904954,0.693628806120156,5,10,3
"366","DE80","Mecklenburg-Vorpommern",2003,1611119,0.836396,0.663479609861494,0.920391033008648,0.714429845986629,5,10,3
"367","DE80","Mecklenburg-Vorpommern",2004,1611119,0.825445,0.641501301782877,0.919766410868262,0.721192176424991,5,10,3
"368","DE80","Mecklenburg-Vorpommern",2005,1611119,0.845974,0.664408448793138,0.923905656899061,0.723840303901711,5,10,3
"369","DE80","Mecklenburg-Vorpommern",2006,1611119,0.841477,0.682686978199733,0.919108193951891,0.703854501578258,5,10,3
"370","DE80","Mecklenburg-Vorpommern",2007,1611119,0.781656,0.642143193888546,0.911135920094178,0.665839762496024,5,10,3
"371","DE80","Mecklenburg-Vorpommern",2008,1611119,0.722329,0.618784841122389,0.89106704906848,0.623451262108085,5,10,3
"372","DE80","Mecklenburg-Vorpommern",2009,1611119,0.747305,0.684835744782415,0.878802229513531,0.605792622525992,5,10,3
"373","DE80","Mecklenburg-Vorpommern",2010,1611119,0.753316,0.71393237682639,0.879259791818302,0.584933767821454,5,10,3
"374","DE80","Mecklenburg-Vorpommern",2011,1611119,0.737821,0.724107233627472,0.868566198508059,0.563039679725084,5,10,3
"375","DE80","Mecklenburg-Vorpommern",2012,1611119,0.675556,0.657946226670322,0.867056378882745,0.540644221729661,5,10,3
"376","DE80","Mecklenburg-Vorpommern",2013,1611119,0.644065,0.633259638721601,0.862203191974206,0.524632719925223,5,10,3
"377","DE80","Mecklenburg-Vorpommern",2014,1611119,0.574431,0.560758333208667,0.857056190937616,0.501557316578975,5,10,3
"378","DE80","Mecklenburg-Vorpommern",2015,1611119,0.53223,0.532973447834813,0.849871449483371,0.475482578113469,5,10,3
"379","DE80","Mecklenburg-Vorpommern",2016,1611119,0.527213,0.555525278470512,0.846215445257014,0.449329979201246,5,10,3
"380","DE80","Mecklenburg-Vorpommern",2017,1611119,0.483643,0.534204349365351,0.836551532275274,0.417291727800304,5,10,3
"381","DE91","Braunschweig",1998,1595734,0.702057,0.573012445722085,0.902831351866101,0.628136400880848,4,7,2
"382","DE91","Braunschweig",1999,1595734,0.667151,0.548878904005372,0.896561356470802,0.608049770624933,4,7,2
"383","DE91","Braunschweig",2000,1595734,0.647099,0.566614285589837,0.885779040219663,0.572091597296534,4,7,2
"384","DE91","Braunschweig",2001,1595734,0.60699,0.558273599103103,0.867818926039061,0.540374424263281,4,7,2
"385","DE91","Braunschweig",2002,1595734,0.596038,0.542506297294036,0.867059173502218,0.541060335420243,4,7,2
"386","DE91","Braunschweig",2003,1595734,0.619505,0.579915299462079,0.865110113068167,0.539544852616671,4,7,2
"387","DE91","Braunschweig",2004,1595734,0.543322,0.468423395407186,0.863554901108505,0.542394329766506,3,6,2
"388","DE91","Braunschweig",2005,1595734,0.588801,0.505138648006123,0.868151032187778,0.56686783052575,4,7,2
"389","DE91","Braunschweig",2006,1595734,0.558066,0.481116234275743,0.863108086281444,0.551475586913747,4,7,2
"390","DE91","Braunschweig",2007,1595734,0.504052,0.429992892400942,0.857125613205066,0.530450474025147,3,6,2
"391","DE91","Braunschweig",2008,1595734,0.475627,0.438737524880831,0.840037089646659,0.497677419523051,4,7,2
"392","DE91","Braunschweig",2009,1595734,0.446204,0.402730060422491,0.835455781283594,0.495706724724821,3,6,2
"393","DE91","Braunschweig",2010,1595734,0.41976,0.381414257409861,0.837535697025196,0.476692232158543,3,6,2
"394","DE91","Braunschweig",2011,1595734,0.371439,0.362771520360167,0.824879370349056,0.438094689976758,3,6,2
"395","DE91","Braunschweig",2012,1595734,0.337139,0.348101062232257,0.81559446612919,0.412435792063924,3,5,2
"396","DE91","Braunschweig",2013,1595734,0.324399,0.354738085917016,0.809092869125551,0.393872741613308,3,6,2
"397","DE91","Braunschweig",2014,1595734,0.299223,0.347660526102033,0.801195491455564,0.372431243371032,3,5,2
"398","DE91","Braunschweig",2015,1595734,0.265151,0.325663726052987,0.794795740929752,0.351543177102978,3,5,2
"399","DE91","Braunschweig",2016,1595734,0.246292,0.317358902340113,0.78910302258572,0.338260329823876,2,4,2
"400","DE91","Braunschweig",2017,1595734,0.229759,0.32710603485715,0.777477529263645,0.316225101112895,3,5,2
"401","DE92","Hannover",1998,2144120,0.677308,0.556585361951717,0.90782447160077,0.603771213652927,4,7,2
"402","DE92","Hannover",1999,2144120,0.653641,0.547586853663746,0.901257348307767,0.585103775812963,4,7,2
"403","DE92","Hannover",2000,2144120,0.622065,0.553987059966993,0.887683123815831,0.546603211912839,3,6,2
"404","DE92","Hannover",2001,2144120,0.598008,0.570154676046274,0.869076756036617,0.514243847796303,4,7,2
"405","DE92","Hannover",2002,2144120,0.585439,0.546284659244338,0.870385912008042,0.518622990940017,4,7,2
"406","DE92","Hannover",2003,2144120,0.60858,0.572403099464644,0.869616581027215,0.526747615775464,4,7,2
"407","DE92","Hannover",2004,2144120,0.532699,0.466561213992032,0.863449944454438,0.528994812959996,3,6,2
"408","DE92","Hannover",2005,2144120,0.582547,0.495454113570114,0.869932792570833,0.565723270748823,4,7,2
"409","DE92","Hannover",2006,2144120,0.550194,0.475125474312231,0.865601950475958,0.543584625490757,4,7,2
"410","DE92","Hannover",2007,2144120,0.509185,0.447249629010386,0.860821715538657,0.516922238782435,3,6,2
"411","DE92","Hannover",2008,2144120,0.479195,0.446891567335127,0.844285248967355,0.490436928012501,4,7,2
"412","DE92","Hannover",2009,2144120,0.442713,0.400444972987981,0.83873629112867,0.489662004334434,3,6,2
"413","DE92","Hannover",2010,2144120,0.423401,0.382694605678052,0.842230776414237,0.475983404472619,3,6,2
"414","DE92","Hannover",2011,2144120,0.370139,0.349241098899043,0.830190257639549,0.444433874046643,3,6,2
"415","DE92","Hannover",2012,2144120,0.348264,0.34384524728517,0.824397622358511,0.42398044890964,3,6,2
"416","DE92","Hannover",2013,2144120,0.338042,0.348694463397345,0.819637512585461,0.409105704749374,3,6,2
"417","DE92","Hannover",2014,2144120,0.312535,0.335986741660141,0.811638080213154,0.392917718838371,3,6,2
"418","DE92","Hannover",2015,2144120,0.28917,0.327379786951019,0.806272066705796,0.373093332307844,3,6,2
"419","DE92","Hannover",2016,2144120,0.266582,0.314191138472319,0.801693619693759,0.358186937034112,3,6,2
"420","DE92","Hannover",2017,2144120,0.246338,0.321962289418641,0.790326398664111,0.332501379107423,3,6,2
"421","DE93","Lüneburg",1998,1706464,0.707077,0.589885326840724,0.89455001431468,0.626806863181823,4,7,2
"422","DE93","Lüneburg",1999,1706464,0.683278,0.577464575513889,0.88833696822328,0.611015093277792,4,7,2
"423","DE93","Lüneburg",2000,1706464,0.678093,0.611118747194442,0.878675541456656,0.579522003649454,4,8,2
"424","DE93","Lüneburg",2001,1706464,0.630905,0.583722432835309,0.862129343091923,0.555207819388819,4,8,2
"425","DE93","Lüneburg",2002,1706464,0.626607,0.573711334281144,0.863891601308254,0.55724050023461,4,8,2
"426","DE93","Lüneburg",2003,1706464,0.627398,0.568553789127544,0.861402927109513,0.566030721755607,4,8,2
"427","DE93","Lüneburg",2004,1706464,0.588499,0.510648239567258,0.859698756866872,0.569373532281199,4,7,2
"428","DE93","Lüneburg",2005,1706464,0.638174,0.556925727608011,0.863154491638014,0.591493901730776,4,8,2
"429","DE93","Lüneburg",2006,1706464,0.591124,0.511843851687806,0.856139200475789,0.575533889454711,4,8,2
"430","DE93","Lüneburg",2007,1706464,0.564953,0.506831590895503,0.849337216513624,0.549493083174104,4,8,2
"431","DE93","Lüneburg",2008,1706464,0.516735,0.479111366749148,0.833691869588994,0.52311181112258,4,8,2
"432","DE93","Lüneburg",2009,1706464,0.493215,0.456047881233314,0.83058442750973,0.515260786118781,4,8,2
"433","DE93","Lüneburg",2010,1706464,0.469571,0.432597644925362,0.832908613853613,0.50218646697159,4,8,2
"434","DE93","Lüneburg",2011,1706464,0.415649,0.396147351934075,0.820068080035574,0.473479606266868,4,7,2
"435","DE93","Lüneburg",2012,1706464,0.400554,0.399743989418456,0.810265920374242,0.457850579877393,4,7,2
"436","DE93","Lüneburg",2013,1706464,0.391928,0.406214455195201,0.803628929704783,0.445539628662899,4,7,2
"437","DE93","Lüneburg",2014,1706464,0.358184,0.385557903236295,0.795839052548606,0.425175595661509,4,7,2
"438","DE93","Lüneburg",2015,1706464,0.326815,0.362294568521958,0.789704307678665,0.409199854973793,4,7,2
"439","DE93","Lüneburg",2016,1706464,0.323344,0.376562296298403,0.7846079118119,0.39500714485342,4,7,2
"440","DE93","Lüneburg",2017,1706464,0.304954,0.386422307668063,0.77284266679156,0.370311852881202,4,7,2
"441","DE94","Weser-Ems",1998,2516457,0.718912,0.572189212186236,0.908029410742943,0.648142703529203,4,8,2
"442","DE94","Weser-Ems",1999,2516457,0.689432,0.552268036269575,0.902502695115064,0.630948323738532,4,8,2
"443","DE94","Weser-Ems",2000,2516457,0.676273,0.571979466303581,0.89578372509473,0.598920781135176,4,8,2
"444","DE94","Weser-Ems",2001,2516457,0.643187,0.563762356458824,0.88162819470908,0.57343547226391,4,8,2
"445","DE94","Weser-Ems",2002,2516457,0.640646,0.556810639411681,0.882958395363811,0.575381472871812,4,8,2
"446","DE94","Weser-Ems",2003,2516457,0.656656,0.576203837186384,0.880394596427948,0.581710617751203,4,8,2
"447","DE94","Weser-Ems",2004,2516457,0.598039,0.488981054569139,0.87798000904954,0.58655924473566,4,8,2
"448","DE94","Weser-Ems",2005,2516457,0.644826,0.532914628439346,0.881106162061499,0.607175773805024,4,8,2
"449","DE94","Weser-Ems",2006,2516457,0.624588,0.528312338860618,0.874878859823717,0.58873138500997,4,8,2
"450","DE94","Weser-Ems",2007,2516457,0.57315,0.487114956054105,0.869658964157696,0.560744265348047,4,8,2
"451","DE94","Weser-Ems",2008,2516457,0.542252,0.485167243663129,0.855158307663921,0.532499840382767,4,8,2
"452","DE94","Weser-Ems",2009,2516457,0.514256,0.450329576767567,0.850619404839972,0.531380281687871,4,8,2
"453","DE94","Weser-Ems",2010,2516457,0.496116,0.435775800567661,0.854161442186329,0.516152870530391,4,8,2
"454","DE94","Weser-Ems",2011,2516457,0.43528,0.395068571989091,0.840116634165266,0.482905713757932,4,8,2
"455","DE94","Weser-Ems",2012,2516457,0.425799,0.408939284454155,0.829735077668052,0.465702836138989,4,8,2
"456","DE94","Weser-Ems",2013,2516457,0.408031,0.401840415434783,0.82461756464005,0.452218031515393,4,8,2
"457","DE94","Weser-Ems",2014,2516457,0.388309,0.397874918471683,0.817160908427875,0.435112023442914,4,8,2
"458","DE94","Weser-Ems",2015,2516457,0.371828,0.400227064927789,0.811090160186462,0.414991230753628,4,8,2
"459","DE94","Weser-Ems",2016,2516457,0.350323,0.388024728819643,0.806995210231556,0.400181826123236,4,8,2
"460","DE94","Weser-Ems",2017,2516457,0.346493,0.417923543280351,0.796328344593501,0.375409934153107,4,8,2
"461","DEA1","Düsseldorf",1998,5198820,0.596077,0.445362734064183,0.9123810123476,0.592938493908157,2,3,2
"462","DEA1","Düsseldorf",1999,5198820,0.569093,0.42718263466381,0.905772156825849,0.578694414216614,2,3,2
"463","DEA1","Düsseldorf",2000,5198820,0.528716,0.424094878327551,0.888156762256553,0.540993908588271,2,3,2
"464","DEA1","Düsseldorf",2001,5198820,0.494688,0.450584327411818,0.860858331702327,0.492580753626446,2,3,2
"465","DEA1","Düsseldorf",2002,5198820,0.492625,0.448079764392792,0.861118196906688,0.491841837701653,2,3,2
"466","DEA1","Düsseldorf",2003,5198820,0.490362,0.434991031925668,0.858668237567922,0.504106621853666,2,3,2
"467","DEA1","Düsseldorf",2004,5198820,0.484077,0.428149290508993,0.850943499139506,0.509582621372761,2,3,2
"468","DEA1","Düsseldorf",2005,5198820,0.50328,0.425007095651623,0.858442056213545,0.533002614361312,3,5,2
"469","DEA1","Düsseldorf",2006,5198820,0.486976,0.402265858406645,0.858527748957018,0.532074710763496,3,5,2
"470","DEA1","Düsseldorf",2007,5198820,0.465958,0.402360756752909,0.853938943157254,0.506167565601085,3,5,2
"471","DEA1","Düsseldorf",2008,5198820,0.426323,0.390365901757343,0.83836940234245,0.476399866506584,3,5,2
"472","DEA1","Düsseldorf",2009,5198820,0.41556,0.375168818796869,0.834673571512845,0.47972371814517,3,5,2
"473","DEA1","Düsseldorf",2010,5198820,0.391942,0.352410117714168,0.837514858400395,0.465478954070515,3,5,2
"474","DEA1","Düsseldorf",2011,5198820,0.350254,0.33678777556369,0.823691412217763,0.434622606752532,3,5,2
"475","DEA1","Düsseldorf",2012,5198820,0.320367,0.313762912576484,0.81991882294968,0.418189691321207,3,5,2
"476","DEA1","Düsseldorf",2013,5198820,0.30844,0.30867316634988,0.816751086218416,0.40919527599049,3,5,2
"477","DEA1","Düsseldorf",2014,5198820,0.311948,0.339206824488953,0.811929371992375,0.388556979859924,3,5,2
"478","DEA1","Düsseldorf",2015,5198820,0.280979,0.308563839048678,0.808724008595705,0.377608599882647,3,6,2
"479","DEA1","Düsseldorf",2016,5198820,0.253473,0.292434082361997,0.805148986428793,0.357527304015274,3,5,2
"480","DEA1","Düsseldorf",2017,5198820,0.233053,0.296357989565116,0.795756520267293,0.333458999387277,3,5,2
"481","DEA2","Köln",1998,4454228,0.547971,0.391729741918574,0.896460822466262,0.592906476886683,1,2,1
"482","DEA2","Köln",1999,4454228,0.521571,0.374325802689757,0.88981537055168,0.578768574272008,1,2,1
"483","DEA2","Köln",2000,4454228,0.48425,0.379770399202038,0.874082492535986,0.535072230893598,1,1,1
"484","DEA2","Köln",2001,4454228,0.437793,0.383325196099429,0.847595657452692,0.490805783028043,1,2,1
"485","DEA2","Köln",2002,4454228,0.442355,0.389392051192085,0.848415546964384,0.490517943791746,1,2,1
"486","DEA2","Köln",2003,4454228,0.443958,0.379825958891881,0.84480852439608,0.506008927591926,1,2,1
"487","DEA2","Köln",2004,4454228,0.436324,0.366175622973779,0.841098823087686,0.512326633412689,1,2,1
"488","DEA2","Köln",2005,4454228,0.461145,0.373725674086356,0.848599566586499,0.533179643482245,1,2,1
"489","DEA2","Köln",2006,4454228,0.444617,0.353578335039205,0.845654765134097,0.532363406281694,1,2,1
"490","DEA2","Köln",2007,4454228,0.42109,0.349685588044894,0.840271016981236,0.507609683303624,2,4,2
"491","DEA2","Köln",2008,4454228,0.378736,0.334231748365965,0.823740136013921,0.478330001222677,2,3,2
"492","DEA2","Köln",2009,4454228,0.360619,0.314182489928608,0.819108024960605,0.476804278838336,2,3,2
"493","DEA2","Köln",2010,4454228,0.342548,0.300792117344165,0.822362165918815,0.46080112554581,2,3,2
"494","DEA2","Köln",2011,4454228,0.300028,0.285891047693971,0.807235843793426,0.429323927091475,2,3,2
"495","DEA2","Köln",2012,4454228,0.271607,0.267487762553509,0.801497798951848,0.412355643759823,2,4,2
"496","DEA2","Köln",2013,4454228,0.252878,0.251271668413598,0.798667197797279,0.404310445955084,2,3,2
"497","DEA2","Köln",2014,4454228,0.245044,0.26528957575347,0.792761289136162,0.384866742487542,2,4,2
"498","DEA2","Köln",2015,4454228,0.213561,0.238920666946325,0.785510814597739,0.372946724230194,2,3,2
"499","DEA2","Köln",2016,4454228,0.190259,0.233542091779497,0.78066848670606,0.349461755711149,2,3,2
"500","DEA2","Köln",2017,4454228,0.156129,0.219794963089956,0.770153879758432,0.324354989076317,1,2,1
"501","DEA3","Münster",1998,2621153,0.594549,0.415639950731857,0.903054793932466,0.629776389697109,2,3,2
"502","DEA3","Münster",1999,2621153,0.590398,0.430443031013785,0.896380920132066,0.615643384772088,3,5,2
"503","DEA3","Münster",2000,2621153,0.562435,0.437564403552866,0.885122642739301,0.579332384016678,2,4,2
"504","DEA3","Münster",2001,2621153,0.531256,0.451949229289451,0.862326363927747,0.542643485160465,3,5,2
"505","DEA3","Münster",2002,2621153,0.535103,0.454126061927094,0.862747169076141,0.545611063338117,3,5,2
"506","DEA3","Münster",2003,2621153,0.532875,0.443390537254868,0.85994125711966,0.555929273934068,3,5,2
"507","DEA3","Münster",2004,2621153,0.537358,0.455264571455856,0.850863486997425,0.559618253753808,3,6,2
"508","DEA3","Münster",2005,2621153,0.542808,0.441318876419323,0.855462007941632,0.576847735468732,3,6,2
"509","DEA3","Münster",2006,2621153,0.530603,0.436913424045471,0.852757710313899,0.566303177377566,3,6,2
"510","DEA3","Münster",2007,2621153,0.495339,0.418833863671293,0.8479866418436,0.538145056359928,3,6,2
"511","DEA3","Münster",2008,2621153,0.46449,0.416934697455163,0.833362587434131,0.510046047705452,3,6,2
"512","DEA3","Münster",2009,2621153,0.448998,0.394243082803942,0.832208825297951,0.511482368095824,4,7,2
"513","DEA3","Münster",2010,2621153,0.432242,0.383049149663459,0.834723373666843,0.495923898968418,4,7,2
"514","DEA3","Münster",2011,2621153,0.404115,0.38119664384496,0.824270305719799,0.467544832054521,4,7,2
"515","DEA3","Münster",2012,2621153,0.371283,0.354127299475692,0.82083543126192,0.450557111993524,4,7,2
"516","DEA3","Münster",2013,2621153,0.357128,0.350430198550941,0.815286941870596,0.439328027108749,4,7,2
"517","DEA3","Münster",2014,2621153,0.363801,0.383179238462175,0.809749223509869,0.421769730402289,4,7,2
"518","DEA3","Münster",2015,2621153,0.335274,0.357771696634371,0.804364167575525,0.411297568129306,4,7,2
"519","DEA3","Münster",2016,2621153,0.32135,0.35938625336405,0.799701832033446,0.394204485484997,4,7,2
"520","DEA3","Münster",2017,2621153,0.302288,0.365167393855832,0.789593575782216,0.370959499640721,4,7,2
"521","DEA4","Detmold",1998,2054343,0.558153,0.412020995912735,0.889684059027171,0.594120035635955,1,2,1
"522","DEA4","Detmold",1999,2054343,0.540093,0.406672989133216,0.883197720233192,0.579830942159402,1,2,1
"523","DEA4","Detmold",2000,2054343,0.504025,0.404460744874287,0.869164056711102,0.543905490932625,1,2,1
"524","DEA4","Detmold",2001,2054343,0.462473,0.413102007187605,0.844134834545244,0.500188111545078,1,2,1
"525","DEA4","Detmold",2002,2054343,0.461979,0.401125846467885,0.845709769553279,0.50987503980801,1,2,1
"526","DEA4","Detmold",2003,2054343,0.464921,0.3933240820356,0.843582512349263,0.524060287145343,1,2,1
"527","DEA4","Detmold",2004,2054343,0.45097,0.37837594681296,0.83559969190181,0.5268105787928,1,2,1
"528","DEA4","Detmold",2005,2054343,0.466839,0.377839376178995,0.84145012206768,0.544451960946678,1,2,1
"529","DEA4","Detmold",2006,2054343,0.438323,0.357558217618849,0.838737517692872,0.526197084550703,1,2,1
"530","DEA4","Detmold",2007,2054343,0.40992,0.35579693591323,0.833323107542152,0.492288659875907,2,3,2
"531","DEA4","Detmold",2008,2054343,0.370515,0.342988717924356,0.8177912305035,0.463630380813529,2,3,2
"532","DEA4","Detmold",2009,2054343,0.38983,0.35761620631116,0.819172860129577,0.475558899276772,2,4,2
"533","DEA4","Detmold",2010,2054343,0.356294,0.32300751606878,0.820803645945637,0.46002756840783,2,4,2
"534","DEA4","Detmold",2011,2054343,0.32612,0.322087526472028,0.810068704525576,0.428037140399671,2,4,2
"535","DEA4","Detmold",2012,2054343,0.287089,0.287285615478327,0.80537494713651,0.411074662786686,2,4,2
"536","DEA4","Detmold",2013,2054343,0.276814,0.290968710637025,0.799433134757295,0.398470781667772,2,4,2
"537","DEA4","Detmold",2014,2054343,0.285548,0.329273694263746,0.792080251492719,0.380152542202839,3,5,2
"538","DEA4","Detmold",2015,2054343,0.265279,0.316423772398412,0.788674115648223,0.367089100043505,3,5,2
"539","DEA4","Detmold",2016,2054343,0.244004,0.313892065449308,0.783015870586639,0.344505050548945,2,4,2
"540","DEA4","Detmold",2017,2054343,0.223417,0.31784153968425,0.772074182210588,0.321718453286122,2,4,2
"541","DEA5","Arnsberg",1998,3583590,0.60672,0.434525137149779,0.911017766759398,0.620533663210818,3,5,2
"542","DEA5","Arnsberg",1999,3583590,0.586171,0.425756587597271,0.90458527003764,0.606011639208427,2,4,2
"543","DEA5","Arnsberg",2000,3583590,0.548886,0.418263927844753,0.892955640058681,0.571200958637597,2,3,2
"544","DEA5","Arnsberg",2001,3583590,0.516796,0.437328839531917,0.867904378926587,0.53077032876991,2,4,2
"545","DEA5","Arnsberg",2002,3583590,0.524119,0.445717259844661,0.867781392661748,0.533096989562952,3,5,2
"546","DEA5","Arnsberg",2003,3583590,0.527525,0.440879822128738,0.865048830523122,0.545593177443786,3,5,2
"547","DEA5","Arnsberg",2004,3583590,0.529679,0.450329323759564,0.853436012130073,0.55087245362184,3,5,2
"548","DEA5","Arnsberg",2005,3583590,0.534705,0.430870712089882,0.858880238772175,0.572157804478476,3,5,2
"549","DEA5","Arnsberg",2006,3583590,0.525096,0.428732434579156,0.855832147612038,0.563444717239511,3,5,2
"550","DEA5","Arnsberg",2007,3583590,0.486259,0.412317995036367,0.850416229950577,0.529097926664701,3,5,2
"551","DEA5","Arnsberg",2008,3583590,0.451633,0.406662223741726,0.836079334671935,0.499004114253048,3,6,2
"552","DEA5","Arnsberg",2009,3583590,0.451872,0.395693098614766,0.836002051843782,0.510396689475834,4,7,2
"553","DEA5","Arnsberg",2010,3583590,0.422748,0.363810129272483,0.839989474865087,0.49616390980424,3,6,2
"554","DEA5","Arnsberg",2011,3583590,0.381431,0.351259543926226,0.827519945907334,0.461420626142268,3,6,2
"555","DEA5","Arnsberg",2012,3583590,0.364208,0.349253430142455,0.823558480995188,0.44247481433154,4,7,2
"556","DEA5","Arnsberg",2013,3583590,0.342858,0.330062596217964,0.822693308870984,0.431648809665774,3,6,2
"557","DEA5","Arnsberg",2014,3583590,0.336421,0.347645302809221,0.817101655215621,0.410346420845862,3,6,2
"558","DEA5","Arnsberg",2015,3583590,0.319061,0.339620444731408,0.814389221024724,0.395972048868496,4,7,2
"559","DEA5","Arnsberg",2016,3583590,0.287728,0.317116366154867,0.809645949476434,0.377897774009628,3,6,2
"560","DEA5","Arnsberg",2017,3583590,0.270272,0.326887467931652,0.798884266852505,0.353637243935753,3,6,2
"561","DEB1","Koblenz",1998,1493055,0.666564,0.567797615922974,0.891123440493844,0.593719886134591,3,6,2
"562","DEB1","Koblenz",1999,1493055,0.648987,0.564138000559356,0.884704054385212,0.578373830722796,3,6,2
"563","DEB1","Koblenz",2000,1493055,0.623643,0.568824075620583,0.877371209381301,0.544359904056382,3,6,2
"564","DEB1","Koblenz",2001,1493055,0.581056,0.547873736202034,0.862183697025342,0.518896034736423,3,6,2
"565","DEB1","Koblenz",2002,1493055,0.575572,0.535197935523151,0.861463037988562,0.524361299711848,3,6,2
"566","DEB1","Koblenz",2003,1493055,0.578791,0.536646044176625,0.857191443196473,0.531840504099966,3,6,2
"567","DEB1","Koblenz",2004,1493055,0.547494,0.491200323094784,0.85443691895849,0.534770268510374,3,6,2
"568","DEB1","Koblenz",2005,1493055,0.565027,0.49587530661823,0.854254869831333,0.555637734724346,3,6,2
"569","DEB1","Koblenz",2006,1493055,0.543658,0.488507007347714,0.84755284537755,0.538799196421175,3,6,2
"570","DEB1","Koblenz",2007,1493055,0.509388,0.474979916568665,0.83924394257334,0.511063539937518,3,6,2
"571","DEB1","Koblenz",2008,1493055,0.472093,0.459283864725143,0.825198128509102,0.486858203885044,3,6,2
"572","DEB1","Koblenz",2009,1493055,0.468857,0.460318360108203,0.816801696465156,0.489540531047317,4,7,2
"573","DEB1","Koblenz",2010,1493055,0.435993,0.425559669438732,0.822772971172303,0.470790312032168,4,7,2
"574","DEB1","Koblenz",2011,1493055,0.406166,0.410065717581742,0.813677398851836,0.452234727060208,4,7,2
"575","DEB1","Koblenz",2012,1493055,0.373304,0.379591963689672,0.809355388788179,0.439496208689669,4,7,2
"576","DEB1","Koblenz",2013,1493055,0.377783,0.408749068201441,0.805082763142891,0.421091096066799,4,7,2
"577","DEB1","Koblenz",2014,1493055,0.353658,0.395014503530819,0.800767427484651,0.404243605879991,4,7,2
"578","DEB1","Koblenz",2015,1493055,0.342082,0.403930342076016,0.792706189857051,0.386644752514301,4,7,2
"579","DEB1","Koblenz",2016,1493055,0.3164,0.384410148521461,0.792853330375916,0.368869261394402,4,7,2
"580","DEB1","Koblenz",2017,1493055,0.302323,0.397430133692604,0.782684830742879,0.345655335777478,4,7,2
"581","DEB2","Trier",1998,529597,0.623806,0.458071292577069,0.885286280795643,0.647434490031412,3,5,2
"582","DEB2","Trier",1999,529597,0.60923,0.455037484874854,0.879595096584508,0.635074205629125,3,6,2
"583","DEB2","Trier",2000,529597,0.600896,0.485240575298658,0.87625697582571,0.596155486046704,3,6,2
"584","DEB2","Trier",2001,529597,0.565161,0.486879758802039,0.860201837521827,0.558880844750485,3,6,2
"585","DEB2","Trier",2002,529597,0.576122,0.497046508042958,0.858734371510525,0.566037030820526,4,7,2
"586","DEB2","Trier",2003,529597,0.54707,0.466311756868419,0.853865068082677,0.559617330171999,3,6,2
"587","DEB2","Trier",2004,529597,0.550486,0.473588873396804,0.852951855296651,0.558194801637167,4,7,2
"588","DEB2","Trier",2005,529597,0.55139,0.464538194571665,0.850806658189276,0.570698399260424,3,6,2
"589","DEB2","Trier",2006,529597,0.527745,0.446132914698714,0.844286284478299,0.561420729272007,3,6,2
"590","DEB2","Trier",2007,529597,0.511145,0.450232731430559,0.836818499250931,0.540777055894488,4,7,2
"591","DEB2","Trier",2008,529597,0.481162,0.431470735113005,0.82223378127183,0.53075396898119,4,7,2
"592","DEB2","Trier",2009,529597,0.482634,0.437995718926416,0.815542940278831,0.533049286212397,4,7,2
"593","DEB2","Trier",2010,529597,0.456415,0.409628976508431,0.820753312881166,0.518280459423846,4,7,2
"594","DEB2","Trier",2011,529597,0.435049,0.399139244693175,0.811534084667315,0.507084373597306,4,8,2
"595","DEB2","Trier",2012,529597,0.414323,0.387065669497205,0.806390755970943,0.494321566055306,4,8,2
"596","DEB2","Trier",2013,529597,0.40981,0.399623596857858,0.80364068175397,0.47798511431825,4,8,2
"597","DEB2","Trier",2014,529597,0.40311,0.414868502830652,0.798084463293083,0.458605292978245,4,8,2
"598","DEB2","Trier",2015,529597,0.396572,0.423554082335848,0.79430436940839,0.444242164266852,5,9,3
"599","DEB2","Trier",2016,529597,0.378878,0.413868950179464,0.79302515763108,0.429612069706598,5,9,3
"600","DEB2","Trier",2017,529597,0.363966,0.422098106370897,0.781893252398161,0.41094461389457,5,9,3
"601","DEB3","Rheinhessen-Pfalz",1998,2051027,0.627414,0.535872533631796,0.88995343691711,0.570184755388855,3,6,2
"602","DEB3","Rheinhessen-Pfalz",1999,2051027,0.607815,0.530480935400885,0.883158823835364,0.554021500379712,3,5,2
"603","DEB3","Rheinhessen-Pfalz",2000,2051027,0.587175,0.541331403042882,0.873915808899716,0.522558369023222,3,6,2
"604","DEB3","Rheinhessen-Pfalz",2001,2051027,0.537496,0.526382719432527,0.856269699604457,0.483293421529931,3,5,2
"605","DEB3","Rheinhessen-Pfalz",2002,2051027,0.525528,0.506288481048598,0.855443924354587,0.486901493374103,3,5,2
"606","DEB3","Rheinhessen-Pfalz",2003,2051027,0.523355,0.502979841707672,0.850085970992633,0.492425269996653,3,5,2
"607","DEB3","Rheinhessen-Pfalz",2004,2051027,0.500987,0.467927506685616,0.84840102409783,0.4968071156761,3,5,2
"608","DEB3","Rheinhessen-Pfalz",2005,2051027,0.482593,0.425368334724582,0.848763424427322,0.512397507005686,2,3,2
"609","DEB3","Rheinhessen-Pfalz",2006,2051027,0.478855,0.437198817679778,0.843525132049363,0.500397277821129,3,5,2
"610","DEB3","Rheinhessen-Pfalz",2007,2051027,0.451945,0.430751203570535,0.83622662056854,0.475218665151428,3,5,2
"611","DEB3","Rheinhessen-Pfalz",2008,2051027,0.410456,0.415082214835004,0.820091414926163,0.44701033791677,3,5,2
"612","DEB3","Rheinhessen-Pfalz",2009,2051027,0.385427,0.381599712003711,0.814351713853237,0.450027610212205,2,4,2
"613","DEB3","Rheinhessen-Pfalz",2010,2051027,0.357287,0.350028830103256,0.817966642027215,0.437280507742339,2,4,2
"614","DEB3","Rheinhessen-Pfalz",2011,2051027,0.329961,0.348875479439912,0.805809558202754,0.411063493685499,3,5,2
"615","DEB3","Rheinhessen-Pfalz",2012,2051027,0.306993,0.337710753130933,0.798109179823295,0.39670632181759,3,5,2
"616","DEB3","Rheinhessen-Pfalz",2013,2051027,0.295601,0.339188837683951,0.797141129617311,0.379717709147708,3,5,2
"617","DEB3","Rheinhessen-Pfalz",2014,2051027,0.283017,0.343542551599475,0.790850863302066,0.363451759141002,3,5,2
"618","DEB3","Rheinhessen-Pfalz",2015,2051027,0.264301,0.341607414429638,0.783440441730466,0.345725108133223,3,5,2
"619","DEB3","Rheinhessen-Pfalz",2016,2051027,0.257752,0.340013730230903,0.783148736212264,0.338136777091427,3,5,2
"620","DEB3","Rheinhessen-Pfalz",2017,2051027,0.252054,0.360191982652974,0.7723772850039,0.320488295072567,3,6,2
"621","DEC0","Saarland",1998,994187,0.702929,0.576351397871684,0.915672895880744,0.613217436500683,4,7,2
"622","DEC0","Saarland",1999,994187,0.685741,0.574903527323163,0.909560006525909,0.595916050588683,4,8,2
"623","DEC0","Saarland",2000,994187,0.648443,0.552921931596077,0.902971765435231,0.570534687611667,4,7,2
"624","DEC0","Saarland",2001,994187,0.629155,0.572319872699357,0.88668130645626,0.539528201249685,4,7,2
"625","DEC0","Saarland",2002,994187,0.585445,0.51221811195587,0.883437643002418,0.539647112656343,4,7,2
"626","DEC0","Saarland",2003,994187,0.582188,0.506964842271203,0.880702359770143,0.542924790547724,4,7,2
"627","DEC0","Saarland",2004,994187,0.566619,0.495501207744858,0.874597854487852,0.537972091959979,4,7,2
"628","DEC0","Saarland",2005,994187,0.566578,0.477097127957168,0.877930203272155,0.552984010657233,4,7,2
"629","DEC0","Saarland",2006,994187,0.546798,0.457013837353363,0.881866335321336,0.540520640182068,4,7,2
"630","DEC0","Saarland",2007,994187,0.51087,0.43770789801863,0.875958001236739,0.513764522337467,4,7,2
"631","DEC0","Saarland",2008,994187,0.472775,0.413872112827611,0.865385194941514,0.49306971511246,4,7,2
"632","DEC0","Saarland",2009,994187,0.437982,0.36661476088966,0.852896200302004,0.502489053702997,3,6,2
"633","DEC0","Saarland",2010,994187,0.428878,0.372833499349853,0.853053031107269,0.482945038557614,4,7,2
"634","DEC0","Saarland",2011,994187,0.381775,0.34798629635349,0.841680949271755,0.45102984501616,3,6,2
"635","DEC0","Saarland",2012,994187,0.358032,0.333227937365835,0.836602202108627,0.436522597925865,3,6,2
"636","DEC0","Saarland",2013,994187,0.354327,0.342489203041172,0.834128087102797,0.424376874549812,3,6,2
"637","DEC0","Saarland",2014,994187,0.340662,0.340314748013932,0.831515486557889,0.409397393962618,3,6,2
"638","DEC0","Saarland",2015,994187,0.315869,0.32077196088518,0.826893971090238,0.397699257927715,3,6,2
"639","DEC0","Saarland",2016,994187,0.35271,0.387893911725273,0.823507897665602,0.387252574284918,4,8,2
"640","DEC0","Saarland",2017,994187,0.317776,0.370009548006798,0.815506868688919,0.362606712196808,4,8,2
"641","DED1","Chemnitz",1998,1444953,0.848545,0.677812652199129,0.916633556453278,0.721426215044663,5,9,3
"642","DED1","Chemnitz",1999,1444953,0.877693,0.748879792833245,0.909747980897793,0.699406801496112,5,10,3
"643","DED1","Chemnitz",2000,1444953,0.84729,0.714503293718026,0.906151878499294,0.693403206530919,5,9,3
"644","DED1","Chemnitz",2001,1444953,0.810306,0.687578437014631,0.9010812498886,0.67190079293635,5,9,3
"645","DED1","Chemnitz",2002,1444953,0.794494,0.654818567606628,0.899692658192525,0.683177841510187,5,9,3
"646","DED1","Chemnitz",2003,1444953,0.789028,0.646634837347359,0.895989346237201,0.68715874905402,5,10,3
"647","DED1","Chemnitz",2004,1444953,0.758759,0.615716234742632,0.886186090740016,0.68409649598292,5,9,3
"648","DED1","Chemnitz",2005,1444953,0.763807,0.610093256270889,0.890510965498401,0.692697194456015,5,9,3
"649","DED1","Chemnitz",2006,1444953,0.719723,0.573161312606753,0.88630922136162,0.67006317157512,5,9,3
"650","DED1","Chemnitz",2007,1444953,0.686488,0.570655495282043,0.881810948946628,0.628993692426737,5,9,3
"651","DED1","Chemnitz",2008,1444953,0.643772,0.569040337617493,0.865889265889923,0.584742010105693,5,9,3
"652","DED1","Chemnitz",2009,1444953,0.631696,0.560649694715543,0.857224431164386,0.584329922567593,5,10,3
"653","DED1","Chemnitz",2010,1444953,0.621743,0.58010912179016,0.857085029326834,0.550613448997136,5,10,3
"654","DED1","Chemnitz",2011,1444953,0.58649,0.584265856010889,0.848032907680005,0.504516073504037,5,10,3
"655","DED1","Chemnitz",2012,1444953,0.552934,0.558508023464274,0.847686595309263,0.48208104909811,5,10,3
"656","DED1","Chemnitz",2013,1444953,0.565946,0.599094670198229,0.842079291779944,0.46592317873767,5,10,3
"657","DED1","Chemnitz",2014,1444953,0.521271,0.562083299101943,0.839951993464761,0.440440801418686,5,10,3
"658","DED1","Chemnitz",2015,1444953,0.479166,0.531330486927546,0.836397862397599,0.413842676441221,5,10,3
"659","DED1","Chemnitz",2016,1444953,0.451283,0.527547687489797,0.82979077662413,0.383901370381656,5,10,3
"660","DED1","Chemnitz",2017,1444953,0.424374,0.527327245150317,0.82167321588394,0.353315592644599,5,10,3
"661","DED2","Dresden",1998,1598573,0.820979,0.661082961413447,0.910942794227384,0.70397382568594,5,9,3
"662","DED2","Dresden",1999,1598573,0.819326,0.673966128563054,0.906090075492525,0.69355204709646,5,9,3
"663","DED2","Dresden",2000,1598573,0.823856,0.69925852055939,0.900038673087473,0.680863026320964,5,9,3
"664","DED2","Dresden",2001,1598573,0.7735,0.651730188843101,0.895161778334659,0.660429175919379,5,9,3
"665","DED2","Dresden",2002,1598573,0.752634,0.617425458713879,0.893407080351658,0.666306493898226,5,9,3
"666","DED2","Dresden",2003,1598573,0.743119,0.611971450682401,0.889144539604719,0.662259298320226,5,9,3
"667","DED2","Dresden",2004,1598573,0.722328,0.587275665112055,0.883724902637547,0.662302094646875,5,9,3
"668","DED2","Dresden",2005,1598573,0.718913,0.573336634663361,0.887162276799556,0.667864106288831,5,9,3
"669","DED2","Dresden",2006,1598573,0.694582,0.561123930324161,0.88289600160793,0.649147298957517,5,9,3
"670","DED2","Dresden",2007,1598573,0.651327,0.542908055949024,0.877149605579305,0.610542517106905,5,9,3
"671","DED2","Dresden",2008,1598573,0.609987,0.538920998574734,0.860710511557462,0.571171529615765,5,9,3
"672","DED2","Dresden",2009,1598573,0.597215,0.539287871372577,0.850423476160161,0.56261695223407,5,9,3
"673","DED2","Dresden",2010,1598573,0.586154,0.54718599719884,0.850868494411398,0.538274403437006,5,9,3
"674","DED2","Dresden",2011,1598573,0.546552,0.534389987760266,0.8412987753763,0.503356538298987,5,9,3
"675","DED2","Dresden",2012,1598573,0.516759,0.517549189231161,0.839435291072864,0.478965523096625,5,9,3
"676","DED2","Dresden",2013,1598573,0.505222,0.525408559133834,0.834578822576387,0.459274486249815,5,9,3
"677","DED2","Dresden",2014,1598573,0.451055,0.473732494514029,0.830654311799787,0.436522105657193,5,9,3
"678","DED2","Dresden",2015,1598573,0.424103,0.463393973845049,0.826033452692027,0.412496616680517,5,9,3
"679","DED2","Dresden",2016,1598573,0.388043,0.44925261946375,0.82064388560983,0.379866838046356,5,9,3
"680","DED2","Dresden",2017,1598573,0.36466,0.453887034416812,0.812954768247001,0.3490988484542,5,9,3
"681","DED3","Leipzig",1998,1037782,0.887227,0.742716002483551,0.936313805714366,0.692796749866063,5,10,3
"682","DED3","Leipzig",1999,1037782,0.874846,0.736088850081372,0.932143712296888,0.685684735136469,5,10,3
"683","DED3","Leipzig",2000,1037782,0.868183,0.735637771662818,0.927590273242866,0.681050787089735,5,10,3
"684","DED3","Leipzig",2001,1037782,0.841717,0.718293664107317,0.923200102922766,0.664503115831403,5,10,3
"685","DED3","Leipzig",2002,1037782,0.820493,0.67245951461109,0.921857845655459,0.680978248002963,5,10,3
"686","DED3","Leipzig",2003,1037782,0.806576,0.650701557830108,0.918109105142738,0.686355304001316,5,10,3
"687","DED3","Leipzig",2004,1037782,0.798011,0.645361993127253,0.910745153208315,0.686669819441328,5,10,3
"688","DED3","Leipzig",2005,1037782,0.791613,0.610311476920521,0.915270428087196,0.70794052390444,5,10,3
"689","DED3","Leipzig",2006,1037782,0.766986,0.60416465556184,0.913325089606763,0.680408851646051,5,10,3
"690","DED3","Leipzig",2007,1037782,0.727988,0.588868969125805,0.909394919895359,0.643225364776824,5,10,3
"691","DED3","Leipzig",2008,1037782,0.677303,0.571877017161027,0.891685913602634,0.604611760275683,5,10,3
"692","DED3","Leipzig",2009,1037782,0.648476,0.559820615895127,0.875665137029244,0.590990127828228,5,10,3
"693","DED3","Leipzig",2010,1037782,0.674246,0.620157761243986,0.877421293682884,0.566173806229635,5,10,3
"694","DED3","Leipzig",2011,1037782,0.651615,0.636152574432853,0.866931371619681,0.527932630511821,5,10,3
"695","DED3","Leipzig",2012,1037782,0.596051,0.585145156305879,0.865607637780524,0.49989074236873,5,10,3
"696","DED3","Leipzig",2013,1037782,0.591413,0.604604194453069,0.863974992559327,0.47535651763937,5,10,3
"697","DED3","Leipzig",2014,1037782,0.528563,0.544414940412988,0.86061713870576,0.447991612159394,5,10,3
"698","DED3","Leipzig",2015,1037782,0.47126,0.497728519184394,0.856604531682065,0.41580249446827,5,10,3
"699","DED3","Leipzig",2016,1037782,0.452384,0.504342514409082,0.853176771092628,0.385312070945935,5,10,3
"700","DED3","Leipzig",2017,1037782,0.396484,0.458860800674163,0.847460175645615,0.355651831770527,5,9,3
"701","DEE0","Sachsen-Anhalt",1998,2223081,0.918026,0.708240197739541,0.954053468393598,0.754083147980222,5,10,3
"702","DEE0","Sachsen-Anhalt",1999,2223081,0.914597,0.717568785320409,0.949470357676068,0.74437714873378,5,10,3
"703","DEE0","Sachsen-Anhalt",2000,2223081,0.917347,0.736341994459041,0.944256737670951,0.734795194083449,5,10,3
"704","DEE0","Sachsen-Anhalt",2001,2223081,1,0.89334930854122,0.937770621681454,0.703830668746626,5,10,3
"705","DEE0","Sachsen-Anhalt",2002,2223081,0.921428,0.779900773341211,0.93652928095096,0.704866617359042,5,10,3
"706","DEE0","Sachsen-Anhalt",2003,2223081,0.922883,0.774510093806815,0.933949718021436,0.714942734777465,5,10,3
"707","DEE0","Sachsen-Anhalt",2004,2223081,0.905227,0.760016708430874,0.92355077947334,0.714294951411994,5,10,3
"708","DEE0","Sachsen-Anhalt",2005,2223081,0.867295,0.696635769058362,0.930521004209443,0.715837811950442,5,10,3
"709","DEE0","Sachsen-Anhalt",2006,2223081,0.824789,0.665512734834285,0.927648170310818,0.688349289604619,5,10,3
"710","DEE0","Sachsen-Anhalt",2007,2223081,0.730793,0.569399918352436,0.923915159803794,0.652230769231059,5,10,3
"711","DEE0","Sachsen-Anhalt",2008,2223081,0.740529,0.647299915717219,0.903344340873388,0.608985824514506,5,10,3
"712","DEE0","Sachsen-Anhalt",2009,2223081,0.712283,0.636723982152342,0.889556868892246,0.592491429230795,5,10,3
"713","DEE0","Sachsen-Anhalt",2010,2223081,0.723173,0.676926794788304,0.891788173495332,0.565809893891993,5,10,3
"714","DEE0","Sachsen-Anhalt",2011,2223081,0.68938,0.671956351644935,0.882518692911526,0.531167741358038,5,10,3
"715","DEE0","Sachsen-Anhalt",2012,2223081,0.649283,0.631315926990812,0.882465396211697,0.513862024485655,5,10,3
"716","DEE0","Sachsen-Anhalt",2013,2223081,0.624804,0.613937716981503,0.878479548203396,0.499818226943064,5,10,3
"717","DEE0","Sachsen-Anhalt",2014,2223081,0.593889,0.600308706073124,0.872796677651506,0.474411054454835,5,10,3
"718","DEE0","Sachsen-Anhalt",2015,2223081,0.570366,0.599714576103932,0.866900954676611,0.446875454793986,5,10,3
"719","DEE0","Sachsen-Anhalt",2016,2223081,0.527587,0.568107225809023,0.862519374340117,0.420984729707572,5,10,3
"720","DEE0","Sachsen-Anhalt",2017,2223081,0.502776,0.577836213933742,0.853223272985521,0.38466345502588,5,10,3
"721","DEF0","Schleswig-Holstein",1998,2889821,0.72248,0.617942096720852,0.897847421580136,0.617731836803442,4,8,2
"722","DEF0","Schleswig-Holstein",1999,2889821,0.692582,0.594806672552085,0.891769261204819,0.603698516401866,4,8,2
"723","DEF0","Schleswig-Holstein",2000,2889821,0.662298,0.592355090948764,0.882309417243458,0.571804970093842,4,8,2
"724","DEF0","Schleswig-Holstein",2001,2889821,0.636988,0.604703582408441,0.861875291700793,0.543280740694222,4,8,2
"725","DEF0","Schleswig-Holstein",2002,2889821,0.632973,0.59675103742136,0.861787998978576,0.545511672602249,4,8,2
"726","DEF0","Schleswig-Holstein",2003,2889821,0.622396,0.568074965764084,0.860604237701013,0.560072097458006,4,8,2
"727","DEF0","Schleswig-Holstein",2004,2889821,0.618868,0.55877580503431,0.857978362718529,0.56689407523692,4,8,2
"728","DEF0","Schleswig-Holstein",2005,2889821,0.637676,0.561874659638124,0.861656208486349,0.587323688705272,4,8,2
"729","DEF0","Schleswig-Holstein",2006,2889821,0.615061,0.551700113074857,0.858346731494212,0.568095035178078,4,8,2
"730","DEF0","Schleswig-Holstein",2007,2889821,0.566799,0.517162224542539,0.850674809815632,0.540494133526167,4,8,2
"731","DEF0","Schleswig-Holstein",2008,2889821,0.533125,0.508465166589095,0.834623912520224,0.516533776858083,4,8,2
"732","DEF0","Schleswig-Holstein",2009,2889821,0.492075,0.457500770125501,0.828828434601043,0.51391462520522,4,8,2
"733","DEF0","Schleswig-Holstein",2010,2889821,0.483414,0.456209933899932,0.829934645053306,0.501571466289994,4,8,2
"734","DEF0","Schleswig-Holstein",2011,2889821,0.459258,0.458135934291998,0.815491646421838,0.479147919061623,4,8,2
"735","DEF0","Schleswig-Holstein",2012,2889821,0.444374,0.457718005166757,0.813093402172748,0.460434548888374,5,9,3
"736","DEF0","Schleswig-Holstein",2013,2889821,0.43946,0.472260158939356,0.807509621534384,0.444367887124814,5,9,3
"737","DEF0","Schleswig-Holstein",2014,2889821,0.429784,0.476529081636513,0.802970885760041,0.430641007941873,5,9,3
"738","DEF0","Schleswig-Holstein",2015,2889821,0.391343,0.44643918020943,0.794829652635754,0.413267816925982,4,8,2
"739","DEF0","Schleswig-Holstein",2016,2889821,0.351937,0.411338689107379,0.790706614955517,0.395491022526721,4,8,2
"740","DEF0","Schleswig-Holstein",2017,2889821,0.342791,0.432438701670648,0.778161559818347,0.373706454015474,4,8,2
"741","DEG0","Thüringen",1998,2151205,0.900253,0.771728317987524,0.920688293099547,0.698251879234412,5,10,3
"742","DEG0","Thüringen",1999,2151205,0.871679,0.764389448139899,0.914978760207962,0.669967928620949,5,9,3
"743","DEG0","Thüringen",2000,2151205,0.858389,0.74756126369029,0.911478063821361,0.67107289006905,5,10,3
"744","DEG0","Thüringen",2001,2151205,0.828793,0.735383518552135,0.909042453931283,0.642875851248164,5,10,3
"745","DEG0","Thüringen",2002,2151205,0.815371,0.709808127527263,0.906984270375466,0.651095584945676,5,10,3
"746","DEG0","Thüringen",2003,2151205,0.769846,0.634711545654063,0.903534247203974,0.6637908683113,5,9,3
"747","DEG0","Thüringen",2004,2151205,0.755912,0.615147624114016,0.903356421769645,0.663376530456179,5,9,3
"748","DEG0","Thüringen",2005,2151205,0.743239,0.584439589317319,0.907457844313204,0.671652400535437,5,9,3
"749","DEG0","Thüringen",2006,2151205,0.720886,0.584350675096623,0.902901432701069,0.643963829845876,5,9,3
"750","DEG0","Thüringen",2007,2151205,0.660399,0.544182537180211,0.896324553994282,0.603215512817403,5,9,3
"751","DEG0","Thüringen",2008,2151205,0.612875,0.533859337806118,0.877615260856728,0.563506000943195,5,9,3
"752","DEG0","Thüringen",2009,2151205,0.606421,0.537220324369429,0.865277998696031,0.563146496540167,5,9,3
"753","DEG0","Thüringen",2010,2151205,0.60714,0.569126369137237,0.865297524148416,0.532259692093878,5,9,3
"754","DEG0","Thüringen",2011,2151205,0.571682,0.569129618773149,0.853315676668165,0.492949700232551,5,9,3
"755","DEG0","Thüringen",2012,2151205,0.523414,0.521215768243893,0.851262792946542,0.473097011068792,5,9,3
"756","DEG0","Thüringen",2013,2151205,0.520706,0.543833362528202,0.84648406048008,0.451341066417076,5,9,3
"757","DEG0","Thüringen",2014,2151205,0.481328,0.516163073965878,0.840835870398675,0.427699772734387,5,9,3
"758","DEG0","Thüringen",2015,2151205,0.45337,0.503919401948457,0.834642099721781,0.405696461758891,5,9,3
"759","DEG0","Thüringen",2016,2151205,0.430036,0.505950685107299,0.828297568665516,0.376257062008475,5,9,3
"760","DEG0","Thüringen",2017,2151205,0.422376,0.532053623784328,0.819582202960905,0.347790350851117,5,10,3
