"";"JAHR";"PLZ2";"GISD_Score";"Bevoelkerung";"GISD_5";"GISD_10";"GISD_k"
"1";1998;1;0,657519;1245041;4;8;2
"2";1998;2;0,885113;427271;5;10;3
"3";1998;3;0,846735;294995;5;10;3
"4";1998;4;0,836033;1233846;5;10;3
"5";1998;6;1;1300863;5;10;3
"6";1998;7;0,746387;579985;5;9;3
"7";1998;8;0,792417;598445;5;9;3
"8";1998;9;0,794378;788089;5;9;3
"9";1998;10;0,772142;414467;5;9;3
"10";1998;12;0,769718;1377942;5;9;3
"11";1998;13;0,772017;1173394;5;9;3
"12";1998;14;0,719759;1264837;4;8;2
"13";1998;15;0,719549;627638;4;8;2
"14";1998;16;0,79636;598416;5;9;3
"15";1998;17;0,940891;587834;5;10;3
"16";1998;18;0,987299;607324;5;10;3
"17";1998;19;0,94894;404679;5;10;3
"18";1998;20;0,258848;123873;2;4;2
"19";1998;21;0,321252;1597996;2;4;2
"20";1998;22;0,250191;1103442;2;3;2
"21";1998;23;0,653228;734709;4;8;2
"22";1998;24;0,604858;1096639;4;7;2
"23";1998;25;0,487191;696446;3;6;2
"24";1998;26;0,731296;1174940;5;9;3
"25";1998;27;0,641532;860141;4;7;2
"26";1998;28;0,561586;738878;4;7;2
"27";1998;29;0,71402;522068;4;8;2
"28";1998;30;0,547934;912461;4;7;2
"29";1998;31;0,595331;987374;4;7;2
"30";1998;32;0,415546;885607;3;5;2
"31";1998;33;0,404865;1082569;3;5;2
"32";1998;34;0,582255;771997;4;7;2
"33";1998;35;0,416878;912547;3;5;2
"34";1998;36;0,499274;534835;3;6;2
"35";1998;37;0,67838;444539;4;8;2
"36";1998;38;0,599179;1141969;4;7;2
"37";1998;39;0,925251;783323;5;10;3
"38";1998;40;0,252053;991992;2;3;2
"39";1998;41;0,464694;952282;3;6;2
"40";1998;42;0,482106;878888;3;6;2
"41";1998;44;0,73137;1267494;5;9;3
"42";1998;45;0,643;1559154;4;8;2
"43";1998;46;0,594921;894580;4;7;2
"44";1998;47;0,69208;1313713;4;8;2
"45";1998;48;0,364403;1189935;3;5;2
"46";1998;49;0,52284;1228129;4;7;2
"47";1998;50;0,407507;1084177;3;5;2
"48";1998;51;0,354246;1079789;3;5;2
"49";1998;52;0,560224;941131;4;7;2
"50";1998;53;0,268194;1265468;2;4;2
"51";1998;54;0,504204;516643;3;6;2
"52";1998;55;0,327908;805580;2;4;2
"53";1998;56;0,452192;849197;3;6;2
"54";1998;57;0,357122;598580;3;5;2
"55";1998;58;0,466306;930406;3;6;2
"56";1998;59;0,503618;1145053;3;6;2
"57";1998;60;0,263689;619157;2;4;2
"58";1998;61;0,08938;451016;1;1;1
"59";1998;63;0,299694;1268562;2;4;2
"60";1998;64;0,212724;802795;1;2;1
"61";1998;65;0,220843;1081652;2;3;2
"62";1998;66;0,659825;1248759;4;8;2
"63";1998;67;0,488275;1033467;3;6;2
"64";1998;68;0,360241;601445;3;5;2
"65";1998;69;0,107681;508992;1;1;1
"66";1998;70;0,078148;821650;1;1;1
"67";1998;71;0,048971;1000158;1;1;1
"68";1998;72;0,14103;1056260;1;2;1
"69";1998;73;0,125411;1006392;1;1;1
"70";1998;74;0,19047;1057532;1;2;1
"71";1998;75;0,213207;484410;1;2;1
"72";1998;76;0,21048;1139769;1;2;1
"73";1998;77;0,252301;478943;2;3;2
"74";1998;78;0,232848;741488;2;3;2
"75";1998;79;0,258701;1040371;2;3;2
"76";1998;80;0,011702;626238;1;1;1
"77";1998;81;0,011467;814923;1;1;1
"78";1998;82;0;735553;1;1;1
"79";1998;83;0,143639;762163;1;2;1
"80";1998;84;0,205768;684830;1;2;1
"81";1998;85;0,006001;1114901;1;1;1
"82";1998;86;0,222845;1164100;2;3;2
"83";1998;87;0,222712;522875;2;3;2
"84";1998;88;0,150649;846572;1;2;1
"85";1998;89;0,170551;763761;1;2;1
"86";1998;90;0,291353;892793;2;4;2
"87";1998;91;0,163391;999919;1;2;1
"88";1998;92;0,343853;516635;2;4;2
"89";1998;93;0,257595;590817;2;3;2
"90";1998;94;0,393005;705807;3;5;2
"91";1998;95;0,441463;497508;3;6;2
"92";1998;96;0,341775;561663;2;4;2
"93";1998;97;0,266523;1061355;2;4;2
"94";1998;98;0,745009;304392;5;9;3
"95";1998;99;0,849618;945480;5;10;3
"96";1999;1;0,671701;1245041;4;8;2
"97";1999;2;0,876732;427271;5;10;3
"98";1999;3;0,854345;294995;5;10;3
"99";1999;4;0,837793;1233846;5;10;3
"100";1999;6;1;1300863;5;10;3
"101";1999;7;0,723466;579985;4;8;2
"102";1999;8;0,824357;598445;5;9;3
"103";1999;9;0,808878;788089;5;9;3
"104";1999;10;0,762126;414467;5;9;3
"105";1999;12;0,760339;1377942;5;9;3
"106";1999;13;0,762005;1173394;5;9;3
"107";1999;14;0,723945;1264837;4;8;2
"108";1999;15;0,736779;627638;5;9;3
"109";1999;16;0,806008;598416;5;9;3
"110";1999;17;0,945354;587834;5;10;3
"111";1999;18;0,971659;607324;5;10;3
"112";1999;19;0,946462;404679;5;10;3
"113";1999;20;0,272687;123873;2;3;2
"114";1999;21;0,337694;1597996;2;4;2
"115";1999;22;0,264629;1103442;2;3;2
"116";1999;23;0,662079;734709;4;8;2
"117";1999;24;0,603234;1096639;4;7;2
"118";1999;25;0,501419;696446;3;6;2
"119";1999;26;0,729894;1174940;5;9;3
"120";1999;27;0,652936;860141;4;8;2
"121";1999;28;0,553642;738878;4;7;2
"122";1999;29;0,716298;522068;4;8;2
"123";1999;30;0,546183;912461;4;7;2
"124";1999;31;0,591441;987374;4;7;2
"125";1999;32;0,429783;885607;3;5;2
"126";1999;33;0,418514;1082569;3;5;2
"127";1999;34;0,582787;771997;4;7;2
"128";1999;35;0,425574;912547;3;5;2
"129";1999;36;0,512961;534835;3;6;2
"130";1999;37;0,685225;444539;4;8;2
"131";1999;38;0,586543;1141969;4;7;2
"132";1999;39;0,948344;783323;5;10;3
"133";1999;40;0,262741;991992;2;3;2
"134";1999;41;0,474547;952282;3;6;2
"135";1999;42;0,492303;878888;3;6;2
"136";1999;44;0,729297;1267494;5;9;3
"137";1999;45;0,651596;1559154;4;7;2
"138";1999;46;0,602695;894580;4;7;2
"139";1999;47;0,691504;1313713;4;8;2
"140";1999;48;0,386327;1189935;3;5;2
"141";1999;49;0,528666;1228129;3;6;2
"142";1999;50;0,412324;1084177;3;5;2
"143";1999;51;0,361859;1079789;2;4;2
"144";1999;52;0,560472;941131;4;7;2
"145";1999;53;0,286613;1265468;2;4;2
"146";1999;54;0,534517;516643;4;7;2
"147";1999;55;0,345073;805580;2;4;2
"148";1999;56;0,47205;849197;3;6;2
"149";1999;57;0,371449;598580;3;5;2
"150";1999;58;0,475278;930406;3;6;2
"151";1999;59;0,522393;1145053;3;6;2
"152";1999;60;0,273153;619157;2;3;2
"153";1999;61;0,126045;451016;1;1;1
"154";1999;63;0,319469;1268562;2;4;2
"155";1999;64;0,246133;802795;2;3;2
"156";1999;65;0,244595;1081652;2;3;2
"157";1999;66;0,664341;1248759;4;8;2
"158";1999;67;0,500055;1033467;3;6;2
"159";1999;68;0,376998;601445;3;5;2
"160";1999;69;0,131075;508992;1;1;1
"161";1999;70;0,085703;821650;1;1;1
"162";1999;71;0,0737;1000158;1;1;1
"163";1999;72;0,158242;1056260;1;2;1
"164";1999;73;0,144302;1006392;1;1;1
"165";1999;74;0,21084;1057532;1;2;1
"166";1999;75;0,230451;484410;1;2;1
"167";1999;76;0,230046;1139769;1;2;1
"168";1999;77;0,271418;478943;2;3;2
"169";1999;78;0,248114;741488;2;3;2
"170";1999;79;0,280026;1040371;2;4;2
"171";1999;80;0,00015;626238;1;1;1
"172";1999;81;0;814923;1;1;1
"173";1999;82;0,025318;735553;1;1;1
"174";1999;83;0,174519;762163;1;2;1
"175";1999;84;0,235639;684830;1;2;1
"176";1999;85;0,02863;1114901;1;1;1
"177";1999;86;0,2312;1164100;1;2;1
"178";1999;87;0,241257;522875;2;3;2
"179";1999;88;0,166253;846572;1;2;1
"180";1999;89;0,194078;763761;1;2;1
"181";1999;90;0,2984;892793;2;4;2
"182";1999;91;0,185145;999919;1;2;1
"183";1999;92;0,367962;516635;3;5;2
"184";1999;93;0,274935;590817;2;4;2
"185";1999;94;0,413325;705807;3;5;2
"186";1999;95;0,455034;497508;3;6;2
"187";1999;96;0,362734;561663;2;4;2
"188";1999;97;0,278856;1061355;2;4;2
"189";1999;98;0,732144;304392;5;9;3
"190";1999;99;0,827965;945480;5;10;3
"191";2000;1;0,684689;1245041;4;8;2
"192";2000;2;0,850971;427271;5;10;3
"193";2000;3;0,815282;294995;5;9;3
"194";2000;4;0,831131;1233846;5;10;3
"195";2000;6;1;1300863;5;10;3
"196";2000;7;0,737106;579985;5;9;3
"197";2000;8;0,801885;598445;5;9;3
"198";2000;9;0,813992;788089;5;9;3
"199";2000;10;0,684784;414467;5;9;3
"200";2000;12;0,683614;1377942;4;8;2
"201";2000;13;0,684719;1173394;5;9;3
"202";2000;14;0,673876;1264837;4;8;2
"203";2000;15;0,738165;627638;5;9;3
"204";2000;16;0,804462;598416;5;9;3
"205";2000;17;0,922559;587834;5;10;3
"206";2000;18;0,900925;607324;5;10;3
"207";2000;19;0,92344;404679;5;10;3
"208";2000;20;0,278107;123873;2;3;2
"209";2000;21;0,347722;1597996;2;4;2
"210";2000;22;0,270798;1103442;2;3;2
"211";2000;23;0,656422;734709;4;8;2
"212";2000;24;0,591285;1096639;4;7;2
"213";2000;25;0,525113;696446;4;7;2
"214";2000;26;0,720611;1174940;5;9;3
"215";2000;27;0,619051;860141;4;8;2
"216";2000;28;0,49701;738878;3;6;2
"217";2000;29;0,720379;522068;5;9;3
"218";2000;30;0,475499;912461;3;6;2
"219";2000;31;0,541515;987374;4;7;2
"220";2000;32;0,393514;885607;3;5;2
"221";2000;33;0,397468;1082569;3;5;2
"222";2000;34;0,597716;771997;4;7;2
"223";2000;35;0,416942;912547;3;5;2
"224";2000;36;0,52314;534835;4;7;2
"225";2000;37;0,64911;444539;4;8;2
"226";2000;38;0,560692;1141969;4;7;2
"227";2000;39;0,972895;783323;5;10;3
"228";2000;40;0,261579;991992;2;3;2
"229";2000;41;0,440351;952282;3;5;2
"230";2000;42;0,449434;878888;3;6;2
"231";2000;44;0,677217;1267494;4;8;2
"232";2000;45;0,591601;1559154;4;7;2
"233";2000;46;0,564781;894580;4;7;2
"234";2000;47;0,632716;1313713;4;8;2
"235";2000;48;0,376051;1189935;3;5;2
"236";2000;49;0,529063;1228129;4;7;2
"237";2000;50;0,355096;1084177;2;4;2
"238";2000;51;0,323194;1079789;2;4;2
"239";2000;52;0,505495;941131;3;6;2
"240";2000;53;0,277507;1265468;2;3;2
"241";2000;54;0,548487;516643;4;7;2
"242";2000;55;0,340907;805580;2;4;2
"243";2000;56;0,471958;849197;3;6;2
"244";2000;57;0,385578;598580;3;5;2
"245";2000;58;0,455795;930406;3;6;2
"246";2000;59;0,505065;1145053;3;6;2
"247";2000;60;0,226305;619157;1;2;1
"248";2000;61;0,141184;451016;1;1;1
"249";2000;63;0,324749;1268562;2;4;2
"250";2000;64;0,248924;802795;2;3;2
"251";2000;65;0,235111;1081652;1;2;1
"252";2000;66;0,656654;1248759;4;8;2
"253";2000;67;0,504526;1033467;3;6;2
"254";2000;68;0,367457;601445;3;5;2
"255";2000;69;0,136224;508992;1;1;1
"256";2000;70;0,092038;821650;1;1;1
"257";2000;71;0,074388;1000158;1;1;1
"258";2000;72;0,175141;1056260;1;2;1
"259";2000;73;0,16681;1006392;1;1;1
"260";2000;74;0,236508;1057532;1;2;1
"261";2000;75;0,231545;484410;1;2;1
"262";2000;76;0,230921;1139769;1;2;1
"263";2000;77;0,268724;478943;2;3;2
"264";2000;78;0,277438;741488;2;3;2
"265";2000;79;0,292396;1040371;2;4;2
"266";2000;80;7,3e-05;626238;1;1;1
"267";2000;81;0;814923;1;1;1
"268";2000;82;0,054883;735553;1;1;1
"269";2000;83;0,19788;762163;1;2;1
"270";2000;84;0,278173;684830;2;4;2
"271";2000;85;0,054607;1114901;1;1;1
"272";2000;86;0,243474;1164100;2;3;2
"273";2000;87;0,273152;522875;2;3;2
"274";2000;88;0,208925;846572;1;2;1
"275";2000;89;0,211736;763761;1;2;1
"276";2000;90;0,288627;892793;2;4;2
"277";2000;91;0,212759;999919;1;2;1
"278";2000;92;0,373054;516635;3;5;2
"279";2000;93;0,294247;590817;2;4;2
"280";2000;94;0,442484;705807;3;6;2
"281";2000;95;0,446346;497508;3;6;2
"282";2000;96;0,386773;561663;3;5;2
"283";2000;97;0,293395;1061355;2;4;2
"284";2000;98;0,835649;304392;5;10;3
"285";2000;99;0,820356;945480;5;10;3
"286";2001;1;0,643291;1245041;5;9;3
"287";2001;2;0,831798;427271;5;10;3
"288";2001;3;0,762302;294995;5;9;3
"289";2001;4;0,794627;1233846;5;10;3
"290";2001;6;1;1300863;5;10;3
"291";2001;7;0,707416;579985;5;9;3
"292";2001;8;0,764079;598445;5;9;3
"293";2001;9;0,768164;788089;5;9;3
"294";2001;10;0,593402;414467;4;8;2
"295";2001;12;0,593226;1377942;4;8;2
"296";2001;13;0,593432;1173394;4;8;2
"297";2001;14;0,617308;1264837;4;8;2
"298";2001;15;0,72195;627638;5;9;3
"299";2001;16;0,774765;598416;5;9;3
"300";2001;17;0,914502;587834;5;10;3
"301";2001;18;0,896355;607324;5;10;3
"302";2001;19;0,896622;404679;5;10;3
"303";2001;20;0,261771;123873;2;3;2
"304";2001;21;0,330439;1597996;3;5;2
"305";2001;22;0,257072;1103442;2;3;2
"306";2001;23;0,623206;734709;4;8;2
"307";2001;24;0,551768;1096639;4;7;2
"308";2001;25;0,50393;696446;4;7;2
"309";2001;26;0,687246;1174940;5;9;3
"310";2001;27;0,583421;860141;4;8;2
"311";2001;28;0,420265;738878;3;6;2
"312";2001;29;0,677622;522068;5;9;3
"313";2001;30;0,43868;912461;3;6;2
"314";2001;31;0,516651;987374;4;7;2
"315";2001;32;0,327406;885607;3;5;2
"316";2001;33;0,323701;1082569;3;5;2
"317";2001;34;0,511609;771997;4;7;2
"318";2001;35;0,354856;912547;3;5;2
"319";2001;36;0,452146;534835;3;6;2
"320";2001;37;0,596625;444539;4;8;2
"321";2001;38;0,526213;1141969;4;7;2
"322";2001;39;0,981647;783323;5;10;3
"323";2001;40;0,224016;991992;2;3;2
"324";2001;41;0,389584;952282;3;6;2
"325";2001;42;0,380721;878888;3;5;2
"326";2001;44;0,571768;1267494;4;8;2
"327";2001;45;0,500299;1559154;4;7;2
"328";2001;46;0,503141;894580;4;7;2
"329";2001;47;0,560176;1313713;4;8;2
"330";2001;48;0,341526;1189935;3;5;2
"331";2001;49;0,499565;1228129;4;7;2
"332";2001;50;0,295481;1084177;2;4;2
"333";2001;51;0,254966;1079789;2;3;2
"334";2001;52;0,436583;941131;3;6;2
"335";2001;53;0,25257;1265468;2;3;2
"336";2001;54;0,508809;516643;4;7;2
"337";2001;55;0,311518;805580;2;4;2
"338";2001;56;0,457441;849197;3;6;2
"339";2001;57;0,357046;598580;3;5;2
"340";2001;58;0,391082;930406;3;6;2
"341";2001;59;0,450628;1145053;3;6;2
"342";2001;60;0,172902;619157;1;2;1
"343";2001;61;0,116882;451016;1;1;1
"344";2001;63;0,28194;1268562;2;4;2
"345";2001;64;0,217933;802795;1;2;1
"346";2001;65;0,201615;1081652;1;2;1
"347";2001;66;0,631304;1248759;5;9;3
"348";2001;67;0,482531;1033467;4;7;2
"349";2001;68;0,317604;601445;2;4;2
"350";2001;69;0,112317;508992;1;1;1
"351";2001;70;0,075199;821650;1;1;1
"352";2001;71;0,065269;1000158;1;1;1
"353";2001;72;0,150224;1056260;1;2;1
"354";2001;73;0,14227;1006392;1;1;1
"355";2001;74;0,223932;1057532;1;2;1
"356";2001;75;0,189957;484410;1;2;1
"357";2001;76;0,203924;1139769;1;2;1
"358";2001;77;0,257016;478943;2;3;2
"359";2001;78;0,247692;741488;2;3;2
"360";2001;79;0,266102;1040371;2;4;2
"361";2001;80;4,6e-05;626238;1;1;1
"362";2001;81;0;814923;1;1;1
"363";2001;82;0,07268;735553;1;1;1
"364";2001;83;0,227441;762163;2;3;2
"365";2001;84;0,30528;684830;2;4;2
"366";2001;85;0,075138;1114901;1;1;1
"367";2001;86;0,252105;1164100;2;3;2
"368";2001;87;0,278672;522875;2;4;2
"369";2001;88;0,188165;846572;1;2;1
"370";2001;89;0,201248;763761;1;2;1
"371";2001;90;0,284324;892793;2;4;2
"372";2001;91;0,21033;999919;1;2;1
"373";2001;92;0,383194;516635;3;5;2
"374";2001;93;0,311232;590817;2;4;2
"375";2001;94;0,431308;705807;3;6;2
"376";2001;95;0,413689;497508;3;6;2
"377";2001;96;0,354196;561663;3;5;2
"378";2001;97;0,282002;1061355;2;4;2
"379";2001;98;0,789401;304392;5;10;3
"380";2001;99;0,786708;945480;5;10;3
"381";2002;1;0,67448;1245041;5;9;3
"382";2002;2;0,873613;427271;5;10;3
"383";2002;3;0,815638;294995;5;9;3
"384";2002;4;0,832562;1233846;5;10;3
"385";2002;6;1;1300863;5;10;3
"386";2002;7;0,746013;579985;5;9;3
"387";2002;8;0,815798;598445;5;9;3
"388";2002;9;0,815503;788089;5;9;3
"389";2002;10;0,66117;414467;4;8;2
"390";2002;12;0,661068;1377942;4;8;2
"391";2002;13;0,661179;1173394;4;8;2
"392";2002;14;0,679993;1264837;5;9;3
"393";2002;15;0,773333;627638;5;9;3
"394";2002;16;0,826605;598416;5;10;3
"395";2002;17;0,94384;587834;5;10;3
"396";2002;18;0,938634;607324;5;10;3
"397";2002;19;0,917703;404679;5;10;3
"398";2002;20;0,292443;123873;2;3;2
"399";2002;21;0,373634;1597996;3;5;2
"400";2002;22;0,290481;1103442;2;3;2
"401";2002;23;0,662109;734709;4;8;2
"402";2002;24;0,601998;1096639;4;7;2
"403";2002;25;0,547883;696446;4;7;2
"404";2002;26;0,742853;1174940;5;9;3
"405";2002;27;0,645581;860141;4;8;2
"406";2002;28;0,45883;738878;3;6;2
"407";2002;29;0,730568;522068;5;9;3
"408";2002;30;0,492168;912461;3;6;2
"409";2002;31;0,562681;987374;4;7;2
"410";2002;32;0,395065;885607;3;5;2
"411";2002;33;0,367357;1082569;3;5;2
"412";2002;34;0,550232;771997;4;7;2
"413";2002;35;0,388264;912547;3;5;2
"414";2002;36;0,474873;534835;3;6;2
"415";2002;37;0,640868;444539;4;8;2
"416";2002;38;0,555462;1141969;4;7;2
"417";2002;39;0,994921;783323;5;10;3
"418";2002;40;0,257872;991992;1;2;1
"419";2002;41;0,441276;952282;3;6;2
"420";2002;42;0,421786;878888;3;5;2
"421";2002;44;0,624986;1267494;4;8;2
"422";2002;45;0,537732;1559154;4;7;2
"423";2002;46;0,557501;894580;4;7;2
"424";2002;47;0,61849;1313713;4;8;2
"425";2002;48;0,394835;1189935;3;5;2
"426";2002;49;0,56066;1228129;4;7;2
"427";2002;50;0,344019;1084177;2;4;2
"428";2002;51;0,300542;1079789;2;3;2
"429";2002;52;0,481077;941131;3;6;2
"430";2002;53;0,302483;1265468;2;4;2
"431";2002;54;0,560294;516643;4;7;2
"432";2002;55;0,350001;805580;2;4;2
"433";2002;56;0,507621;849197;3;6;2
"434";2002;57;0,406516;598580;3;5;2
"435";2002;58;0,442004;930406;3;6;2
"436";2002;59;0,511158;1145053;4;7;2
"437";2002;60;0,184144;619157;1;2;1
"438";2002;61;0,15205;451016;1;1;1
"439";2002;63;0,323957;1268562;2;4;2
"440";2002;64;0,243014;802795;1;2;1
"441";2002;65;0,231466;1081652;1;2;1
"442";2002;66;0,643378;1248759;4;8;2
"443";2002;67;0,509129;1033467;3;6;2
"444";2002;68;0,332082;601445;2;4;2
"445";2002;69;0,132132;508992;1;1;1
"446";2002;70;0,10098;821650;1;1;1
"447";2002;71;0,101071;1000158;1;1;1
"448";2002;72;0,18982;1056260;1;2;1
"449";2002;73;0,178921;1006392;1;1;1
"450";2002;74;0,259803;1057532;2;3;2
"451";2002;75;0,245917;484410;1;2;1
"452";2002;76;0,245845;1139769;1;2;1
"453";2002;77;0,28957;478943;2;3;2
"454";2002;78;0,295585;741488;2;3;2
"455";2002;79;0,301018;1040371;2;3;2
"456";2002;80;1e-05;626238;1;1;1
"457";2002;81;0;814923;1;1;1
"458";2002;82;0,091243;735553;1;1;1
"459";2002;83;0,259534;762163;2;3;2
"460";2002;84;0,350367;684830;2;4;2
"461";2002;85;0,099319;1114901;1;1;1
"462";2002;86;0,290822;1164100;2;3;2
"463";2002;87;0,317051;522875;2;4;2
"464";2002;88;0,229029;846572;1;2;1
"465";2002;89;0,238223;763761;1;2;1
"466";2002;90;0,318058;892793;2;4;2
"467";2002;91;0,253866;999919;1;2;1
"468";2002;92;0,423511;516635;3;5;2
"469";2002;93;0,336445;590817;2;4;2
"470";2002;94;0,495882;705807;3;6;2
"471";2002;95;0,464604;497508;3;6;2
"472";2002;96;0,417105;561663;3;5;2
"473";2002;97;0,324085;1061355;2;4;2
"474";2002;98;0,79932;304392;5;9;3
"475";2002;99;0,842717;945480;5;10;3
"476";2003;1;0,648036;1245041;4;8;2
"477";2003;2;0,866575;427271;5;10;3
"478";2003;3;0,812392;294995;5;10;3
"479";2003;4;0,805044;1233846;5;10;3
"480";2003;6;1;1300863;5;10;3
"481";2003;7;0,722539;579985;5;9;3
"482";2003;8;0,803752;598445;5;9;3
"483";2003;9;0,778807;788089;5;9;3
"484";2003;10;0,666449;414467;5;9;3
"485";2003;12;0,665856;1377942;4;8;2
"486";2003;13;0,666433;1173394;4;8;2
"487";2003;14;0,675945;1264837;5;9;3
"488";2003;15;0,767347;627638;5;9;3
"489";2003;16;0,82015;598416;5;10;3
"490";2003;17;0,935471;587834;5;10;3
"491";2003;18;0,945852;607324;5;10;3
"492";2003;19;0,937525;404679;5;10;3
"493";2003;20;0,281109;123873;2;3;2
"494";2003;21;0,356381;1597996;3;5;2
"495";2003;22;0,279388;1103442;2;3;2
"496";2003;23;0,650818;734709;4;8;2
"497";2003;24;0,614179;1096639;4;8;2
"498";2003;25;0,543748;696446;4;7;2
"499";2003;26;0,74547;1174940;5;9;3
"500";2003;27;0,659809;860141;4;8;2
"501";2003;28;0,468764;738878;3;6;2
"502";2003;29;0,748871;522068;5;9;3
"503";2003;30;0,510441;912461;3;6;2
"504";2003;31;0,590929;987374;4;7;2
"505";2003;32;0,396198;885607;3;5;2
"506";2003;33;0,368758;1082569;3;5;2
"507";2003;34;0,556344;771997;4;7;2
"508";2003;35;0,411046;912547;3;5;2
"509";2003;36;0,48529;534835;3;6;2
"510";2003;37;0,65943;444539;4;8;2
"511";2003;38;0,552193;1141969;4;7;2
"512";2003;39;0,988513;783323;5;10;3
"513";2003;40;0,244787;991992;1;2;1
"514";2003;41;0,435061;952282;3;5;2
"515";2003;42;0,423781;878888;3;5;2
"516";2003;44;0,627024;1267494;4;8;2
"517";2003;45;0,546863;1559154;4;7;2
"518";2003;46;0,556968;894580;4;7;2
"519";2003;47;0,61165;1313713;4;7;2
"520";2003;48;0,385257;1189935;3;5;2
"521";2003;49;0,561856;1228129;4;7;2
"522";2003;50;0,338423;1084177;2;4;2
"523";2003;51;0,297825;1079789;2;4;2
"524";2003;52;0,485815;941131;3;6;2
"525";2003;53;0,290048;1265468;2;3;2
"526";2003;54;0,519158;516643;4;7;2
"527";2003;55;0,332561;805580;2;4;2
"528";2003;56;0,494299;849197;3;6;2
"529";2003;57;0,39988;598580;3;5;2
"530";2003;58;0,444528;930406;3;6;2
"531";2003;59;0,510916;1145053;4;7;2
"532";2003;60;0,198984;619157;1;2;1
"533";2003;61;0,145545;451016;1;1;1
"534";2003;63;0,331849;1268562;2;4;2
"535";2003;64;0,2427;802795;1;2;1
"536";2003;65;0,231949;1081652;1;2;1
"537";2003;66;0,630165;1248759;4;8;2
"538";2003;67;0,496875;1033467;3;6;2
"539";2003;68;0,326242;601445;2;4;2
"540";2003;69;0,119857;508992;1;1;1
"541";2003;70;0,075399;821650;1;1;1
"542";2003;71;0,085619;1000158;1;1;1
"543";2003;72;0,182668;1056260;1;2;1
"544";2003;73;0,172754;1006392;1;1;1
"545";2003;74;0,250528;1057532;1;2;1
"546";2003;75;0,253522;484410;2;3;2
"547";2003;76;0,236606;1139769;1;2;1
"548";2003;77;0,279359;478943;2;3;2
"549";2003;78;0,287869;741488;2;3;2
"550";2003;79;0,293459;1040371;2;3;2
"551";2003;80;8,1e-05;626238;1;1;1
"552";2003;81;0;814923;1;1;1
"553";2003;82;0,073842;735553;1;1;1
"554";2003;83;0,25028;762163;1;2;1
"555";2003;84;0,324114;684830;2;4;2
"556";2003;85;0,078074;1114901;1;1;1
"557";2003;86;0,283556;1164100;2;3;2
"558";2003;87;0,319843;522875;2;4;2
"559";2003;88;0,221938;846572;1;2;1
"560";2003;89;0,231363;763761;1;2;1
"561";2003;90;0,318714;892793;2;4;2
"562";2003;91;0,259597;999919;2;3;2
"563";2003;92;0,439603;516635;3;6;2
"564";2003;93;0,323557;590817;2;4;2
"565";2003;94;0,483832;705807;3;6;2
"566";2003;95;0,487741;497508;3;6;2
"567";2003;96;0,41036;561663;3;5;2
"568";2003;97;0,334326;1061355;2;4;2
"569";2003;98;0,743447;304392;5;9;3
"570";2003;99;0,801773;945480;5;9;3
"571";2004;1;0,649525;1245041;4;8;2
"572";2004;2;0,865744;427271;5;10;3
"573";2004;3;0,855835;294995;5;10;3
"574";2004;4;0,814175;1233846;5;9;3
"575";2004;6;0,994285;1300863;5;10;3
"576";2004;7;0,727551;579985;5;9;3
"577";2004;8;0,783927;598445;5;9;3
"578";2004;9;0,775167;788089;5;9;3
"579";2004;10;0,686048;414467;4;8;2
"580";2004;12;0,685625;1377942;4;8;2
"581";2004;13;0,686049;1173394;5;9;3
"582";2004;14;0,710382;1264837;5;9;3
"583";2004;15;0,81889;627638;5;9;3
"584";2004;16;0,86957;598416;5;10;3
"585";2004;17;0,99724;587834;5;10;3
"586";2004;18;0,999248;607324;5;10;3
"587";2004;19;0,966127;404679;5;10;3
"588";2004;20;0,270418;123873;2;3;2
"589";2004;21;0,355229;1597996;3;5;2
"590";2004;22;0,274051;1103442;2;3;2
"591";2004;23;0,664687;734709;4;8;2
"592";2004;24;0,632551;1096639;4;8;2
"593";2004;25;0,568029;696446;4;7;2
"594";2004;26;0,747203;1174940;5;9;3
"595";2004;27;0,659392;860141;4;8;2
"596";2004;28;0,494457;738878;3;6;2
"597";2004;29;0,758135;522068;5;9;3
"598";2004;30;0,461343;912461;3;6;2
"599";2004;31;0,571264;987374;4;7;2
"600";2004;32;0,38798;885607;3;5;2
"601";2004;33;0,358765;1082569;3;5;2
"602";2004;34;0,553119;771997;4;7;2
"603";2004;35;0,421119;912547;3;5;2
"604";2004;36;0,51815;534835;4;7;2
"605";2004;37;0,657663;444539;4;8;2
"606";2004;38;0,537139;1141969;4;7;2
"607";2004;39;1;783323;5;10;3
"608";2004;40;0,234008;991992;1;2;1
"609";2004;41;0,435734;952282;3;6;2
"610";2004;42;0,402213;878888;3;5;2
"611";2004;44;0,623818;1267494;4;8;2
"612";2004;45;0,55438;1559154;4;7;2
"613";2004;46;0,573984;894580;4;7;2
"614";2004;47;0,613564;1313713;4;7;2
"615";2004;48;0,387818;1189935;3;5;2
"616";2004;49;0,534957;1228129;4;7;2
"617";2004;50;0,342141;1084177;2;4;2
"618";2004;51;0,288533;1079789;2;3;2
"619";2004;52;0,492472;941131;3;6;2
"620";2004;53;0,291092;1265468;2;3;2
"621";2004;54;0,537717;516643;4;7;2
"622";2004;55;0,326989;805580;2;4;2
"623";2004;56;0,502334;849197;3;6;2
"624";2004;57;0,393116;598580;3;5;2
"625";2004;58;0,431891;930406;3;5;2
"626";2004;59;0,517555;1145053;3;6;2
"627";2004;60;0,192692;619157;1;2;1
"628";2004;61;0,133211;451016;1;1;1
"629";2004;63;0,347252;1268562;2;4;2
"630";2004;64;0,260926;802795;1;2;1
"631";2004;65;0,224718;1081652;1;2;1
"632";2004;66;0,634483;1248759;4;8;2
"633";2004;67;0,494724;1033467;3;6;2
"634";2004;68;0,327974;601445;2;4;2
"635";2004;69;0,12476;508992;1;1;1
"636";2004;70;0,044429;821650;1;1;1
"637";2004;71;0,072887;1000158;1;1;1
"638";2004;72;0,186975;1056260;1;2;1
"639";2004;73;0,164585;1006392;1;1;1
"640";2004;74;0,259282;1057532;1;2;1
"641";2004;75;0,249149;484410;1;2;1
"642";2004;76;0,238458;1139769;1;2;1
"643";2004;77;0,271426;478943;2;3;2
"644";2004;78;0,289629;741488;2;3;2
"645";2004;79;0,307197;1040371;2;4;2
"646";2004;80;3,4e-05;626238;1;1;1
"647";2004;81;0;814923;1;1;1
"648";2004;82;0,085784;735553;1;1;1
"649";2004;83;0,261868;762163;2;3;2
"650";2004;84;0,336405;684830;2;4;2
"651";2004;85;0,094727;1114901;1;1;1
"652";2004;86;0,295401;1164100;2;3;2
"653";2004;87;0,323522;522875;2;4;2
"654";2004;88;0,236903;846572;1;2;1
"655";2004;89;0,251628;763761;1;2;1
"656";2004;90;0,339827;892793;2;4;2
"657";2004;91;0,268112;999919;2;3;2
"658";2004;92;0,439312;516635;3;6;2
"659";2004;93;0,326697;590817;2;4;2
"660";2004;94;0,486946;705807;3;6;2
"661";2004;95;0,473732;497508;3;6;2
"662";2004;96;0,41578;561663;3;5;2
"663";2004;97;0,333842;1061355;2;4;2
"664";2004;98;0,75666;304392;5;9;3
"665";2004;99;0,847445;945480;5;10;3
"666";2005;1;0,652145;1245041;4;8;2
"667";2005;2;0,864569;427271;5;10;3
"668";2005;3;0,87821;294995;5;10;3
"669";2005;4;0,823576;1233846;5;9;3
"670";2005;6;0,985376;1300863;5;10;3
"671";2005;7;0,748076;579985;5;9;3
"672";2005;8;0,795714;598445;5;9;3
"673";2005;9;0,784612;788089;5;9;3
"674";2005;10;0,713975;414467;4;8;2
"675";2005;12;0,713494;1377942;4;8;2
"676";2005;13;0,713948;1173394;4;8;2
"677";2005;14;0,723344;1264837;5;9;3
"678";2005;15;0,821986;627638;5;9;3
"679";2005;16;0,866129;598416;5;10;3
"680";2005;17;0,993191;587834;5;10;3
"681";2005;18;0,983581;607324;5;10;3
"682";2005;19;1;404679;5;10;3
"683";2005;20;0,296999;123873;2;3;2
"684";2005;21;0,386731;1597996;2;4;2
"685";2005;22;0,297697;1103442;2;3;2
"686";2005;23;0,710039;734709;4;8;2
"687";2005;24;0,665655;1096639;4;8;2
"688";2005;25;0,592257;696446;4;7;2
"689";2005;26;0,797884;1174940;5;9;3
"690";2005;27;0,714666;860141;5;9;3
"691";2005;28;0,519345;738878;3;6;2
"692";2005;29;0,808259;522068;5;9;3
"693";2005;30;0,538658;912461;3;6;2
"694";2005;31;0,636797;987374;4;7;2
"695";2005;32;0,427716;885607;3;5;2
"696";2005;33;0,389938;1082569;3;5;2
"697";2005;34;0,577686;771997;4;7;2
"698";2005;35;0,42779;912547;3;5;2
"699";2005;36;0,504287;534835;3;6;2
"700";2005;37;0,685016;444539;4;8;2
"701";2005;38;0,580976;1141969;4;7;2
"702";2005;39;0,98048;783323;5;10;3
"703";2005;40;0,26743;991992;2;3;2
"704";2005;41;0,466355;952282;3;6;2
"705";2005;42;0,449518;878888;3;5;2
"706";2005;44;0,664137;1267494;4;8;2
"707";2005;45;0,602229;1559154;4;7;2
"708";2005;46;0,600905;894580;4;7;2
"709";2005;47;0,665519;1313713;4;8;2
"710";2005;48;0,405457;1189935;3;5;2
"711";2005;49;0,576966;1228129;4;7;2
"712";2005;50;0,387969;1084177;3;5;2
"713";2005;51;0,325887;1079789;2;4;2
"714";2005;52;0,558059;941131;4;7;2
"715";2005;53;0,314205;1265468;2;3;2
"716";2005;54;0,526623;516643;3;6;2
"717";2005;55;0,332687;805580;2;4;2
"718";2005;56;0,514463;849197;3;6;2
"719";2005;57;0,425387;598580;3;5;2
"720";2005;58;0,452586;930406;3;6;2
"721";2005;59;0,547828;1145053;4;7;2
"722";2005;60;0,212308;619157;1;2;1
"723";2005;61;0,143674;451016;1;1;1
"724";2005;63;0,348981;1268562;2;4;2
"725";2005;64;0,276159;802795;2;3;2
"726";2005;65;0,239999;1081652;1;2;1
"727";2005;66;0,648379;1248759;4;7;2
"728";2005;67;0,485402;1033467;3;6;2
"729";2005;68;0,342386;601445;2;4;2
"730";2005;69;0,128302;508992;1;1;1
"731";2005;70;0,041822;821650;1;1;1
"732";2005;71;0,060832;1000158;1;1;1
"733";2005;72;0,180537;1056260;1;2;1
"734";2005;73;0,159542;1006392;1;1;1
"735";2005;74;0,252492;1057532;1;2;1
"736";2005;75;0,254182;484410;1;2;1
"737";2005;76;0,227318;1139769;1;2;1
"738";2005;77;0,277344;478943;2;3;2
"739";2005;78;0,279805;741488;2;3;2
"740";2005;79;0,307837;1040371;2;3;2
"741";2005;80;0,000123;626238;1;1;1
"742";2005;81;0;814923;1;1;1
"743";2005;82;0,062469;735553;1;1;1
"744";2005;83;0,257585;762163;1;2;1
"745";2005;84;0,331385;684830;2;4;2
"746";2005;85;0,072078;1114901;1;1;1
"747";2005;86;0,304428;1164100;2;3;2
"748";2005;87;0,322335;522875;2;4;2
"749";2005;88;0,227638;846572;1;2;1
"750";2005;89;0,244653;763761;1;2;1
"751";2005;90;0,335575;892793;2;4;2
"752";2005;91;0,256351;999919;1;2;1
"753";2005;92;0,449351;516635;3;5;2
"754";2005;93;0,319446;590817;2;4;2
"755";2005;94;0,488954;705807;3;6;2
"756";2005;95;0,486533;497508;3;6;2
"757";2005;96;0,422349;561663;3;5;2
"758";2005;97;0,336325;1061355;2;4;2
"759";2005;98;0,756992;304392;5;9;3
"760";2005;99;0,841288;945480;5;10;3
"761";2006;1;0,627348;1245041;4;7;2
"762";2006;2;0,856502;427271;5;10;3
"763";2006;3;0,863317;294995;5;10;3
"764";2006;4;0,795458;1233846;5;9;3
"765";2006;6;0,948101;1300863;5;10;3
"766";2006;7;0,692546;579985;4;8;2
"767";2006;8;0,774558;598445;5;9;3
"768";2006;9;0,745288;788089;5;9;3
"769";2006;10;0,705931;414467;5;9;3
"770";2006;12;0,705495;1377942;4;8;2
"771";2006;13;0,705887;1173394;4;8;2
"772";2006;14;0,707955;1264837;5;9;3
"773";2006;15;0,805088;627638;5;9;3
"774";2006;16;0,856869;598416;5;10;3
"775";2006;17;1;587834;5;10;3
"776";2006;18;0,972223;607324;5;10;3
"777";2006;19;0,986192;404679;5;10;3
"778";2006;20;0,315856;123873;2;3;2
"779";2006;21;0,389636;1597996;2;4;2
"780";2006;22;0,316236;1103442;2;3;2
"781";2006;23;0,713632;734709;5;9;3
"782";2006;24;0,662227;1096639;4;8;2
"783";2006;25;0,583324;696446;4;7;2
"784";2006;26;0,779003;1174940;5;9;3
"785";2006;27;0,689142;860141;4;8;2
"786";2006;28;0,489522;738878;3;6;2
"787";2006;29;0,776441;522068;5;9;3
"788";2006;30;0,526352;912461;3;6;2
"789";2006;31;0,625006;987374;4;7;2
"790";2006;32;0,440058;885607;3;5;2
"791";2006;33;0,400791;1082569;3;5;2
"792";2006;34;0,589724;771997;4;7;2
"793";2006;35;0,443421;912547;3;5;2
"794";2006;36;0,513765;534835;3;6;2
"795";2006;37;0,681801;444539;4;8;2
"796";2006;38;0,576206;1141969;4;7;2
"797";2006;39;0,91869;783323;5;10;3
"798";2006;40;0,277891;991992;2;3;2
"799";2006;41;0,4904;952282;3;6;2
"800";2006;42;0,496792;878888;3;6;2
"801";2006;44;0,689193;1267494;4;8;2
"802";2006;45;0,625334;1559154;4;7;2
"803";2006;46;0,631749;894580;4;7;2
"804";2006;47;0,692864;1313713;4;8;2
"805";2006;48;0,412462;1189935;3;5;2
"806";2006;49;0,569335;1228129;4;7;2
"807";2006;50;0,419489;1084177;3;5;2
"808";2006;51;0,347463;1079789;2;4;2
"809";2006;52;0,567612;941131;4;7;2
"810";2006;53;0,341453;1265468;2;4;2
"811";2006;54;0,526625;516643;3;6;2
"812";2006;55;0,35011;805580;2;4;2
"813";2006;56;0,512177;849197;3;6;2
"814";2006;57;0,411741;598580;3;5;2
"815";2006;58;0,483785;930406;3;5;2
"816";2006;59;0,560432;1145053;4;7;2
"817";2006;60;0,236135;619157;1;2;1
"818";2006;61;0,142419;451016;1;1;1
"819";2006;63;0,358619;1268562;2;4;2
"820";2006;64;0,289527;802795;2;3;2
"821";2006;65;0,25336;1081652;1;2;1
"822";2006;66;0,669249;1248759;4;8;2
"823";2006;67;0,514373;1033467;3;6;2
"824";2006;68;0,349154;601445;2;4;2
"825";2006;69;0,124951;508992;1;1;1
"826";2006;70;0,048982;821650;1;1;1
"827";2006;71;0,079408;1000158;1;1;1
"828";2006;72;0,19047;1056260;1;2;1
"829";2006;73;0,162656;1006392;1;1;1
"830";2006;74;0,251554;1057532;1;2;1
"831";2006;75;0,26457;484410;1;2;1
"832";2006;76;0,243671;1139769;1;2;1
"833";2006;77;0,288538;478943;2;3;2
"834";2006;78;0,284804;741488;2;3;2
"835";2006;79;0,314204;1040371;2;3;2
"836";2006;80;8,9e-05;626238;1;1;1
"837";2006;81;0;814923;1;1;1
"838";2006;82;0,07596;735553;1;1;1
"839";2006;83;0,248846;762163;1;2;1
"840";2006;84;0,32804;684830;2;4;2
"841";2006;85;0,076806;1114901;1;1;1
"842";2006;86;0,305394;1164100;2;3;2
"843";2006;87;0,316075;522875;2;3;2
"844";2006;88;0,224036;846572;1;2;1
"845";2006;89;0,242592;763761;1;2;1
"846";2006;90;0,344196;892793;2;4;2
"847";2006;91;0,255797;999919;1;2;1
"848";2006;92;0,440342;516635;3;5;2
"849";2006;93;0,316722;590817;2;4;2
"850";2006;94;0,487274;705807;3;6;2
"851";2006;95;0,498841;497508;3;6;2
"852";2006;96;0,436729;561663;3;5;2
"853";2006;97;0,342462;1061355;2;4;2
"854";2006;98;0,739359;304392;5;9;3
"855";2006;99;0,822142;945480;5;10;3
"856";2007;1;0,631774;1245041;4;7;2
"857";2007;2;0,875198;427271;5;10;3
"858";2007;3;0,882098;294995;5;10;3
"859";2007;4;0,8238;1233846;5;10;3
"860";2007;6;0,950471;1300863;5;10;3
"861";2007;7;0,69643;579985;4;8;2
"862";2007;8;0,794598;598445;5;9;3
"863";2007;9;0,764018;788089;5;9;3
"864";2007;10;0,732759;414467;5;9;3
"865";2007;12;0,732147;1377942;5;9;3
"866";2007;13;0,732685;1173394;5;9;3
"867";2007;14;0,72674;1264837;4;8;2
"868";2007;15;0,81474;627638;5;9;3
"869";2007;16;0,863742;598416;5;10;3
"870";2007;17;1;587834;5;10;3
"871";2007;18;0,955903;607324;5;10;3
"872";2007;19;0,994285;404679;5;10;3
"873";2007;20;0,321037;123873;2;3;2
"874";2007;21;0,408266;1597996;2;4;2
"875";2007;22;0,321641;1103442;2;3;2
"876";2007;23;0,722241;734709;4;8;2
"877";2007;24;0,686335;1096639;4;8;2
"878";2007;25;0,60127;696446;4;7;2
"879";2007;26;0,790976;1174940;5;9;3
"880";2007;27;0,719915;860141;4;8;2
"881";2007;28;0,538378;738878;3;6;2
"882";2007;29;0,785995;522068;5;9;3
"883";2007;30;0,562984;912461;3;6;2
"884";2007;31;0,651868;987374;4;7;2
"885";2007;32;0,479306;885607;3;5;2
"886";2007;33;0,436117;1082569;3;5;2
"887";2007;34;0,618474;771997;4;7;2
"888";2007;35;0,470545;912547;3;5;2
"889";2007;36;0,538594;534835;3;6;2
"890";2007;37;0,701178;444539;4;8;2
"891";2007;38;0,582535;1141969;4;7;2
"892";2007;39;0,920283;783323;5;10;3
"893";2007;40;0,312417;991992;2;3;2
"894";2007;41;0,537427;952282;3;6;2
"895";2007;42;0,542867;878888;3;6;2
"896";2007;44;0,720822;1267494;4;8;2
"897";2007;45;0,669962;1559154;4;7;2
"898";2007;46;0,660698;894580;4;7;2
"899";2007;47;0,733098;1313713;5;9;3
"900";2007;48;0,437243;1189935;3;5;2
"901";2007;49;0,597617;1228129;4;7;2
"902";2007;50;0,466283;1084177;3;5;2
"903";2007;51;0,37917;1079789;2;4;2
"904";2007;52;0,597274;941131;4;7;2
"905";2007;53;0,380243;1265468;2;4;2
"906";2007;54;0,566023;516643;3;6;2
"907";2007;55;0,381578;805580;2;4;2
"908";2007;56;0,54007;849197;3;6;2
"909";2007;57;0,43781;598580;3;5;2
"910";2007;58;0,510153;930406;3;6;2
"911";2007;59;0,578579;1145053;4;7;2
"912";2007;60;0,272082;619157;1;2;1
"913";2007;61;0,165883;451016;1;1;1
"914";2007;63;0,390533;1268562;2;4;2
"915";2007;64;0,309549;802795;2;3;2
"916";2007;65;0,277026;1081652;1;2;1
"917";2007;66;0,694004;1248759;4;8;2
"918";2007;67;0,545247;1033467;3;6;2
"919";2007;68;0,373094;601445;2;4;2
"920";2007;69;0,142631;508992;1;1;1
"921";2007;70;0,047873;821650;1;1;1
"922";2007;71;0,096644;1000158;1;1;1
"923";2007;72;0,204774;1056260;1;2;1
"924";2007;73;0,187206;1006392;1;1;1
"925";2007;74;0,264748;1057532;1;2;1
"926";2007;75;0,280623;484410;1;2;1
"927";2007;76;0,267679;1139769;1;2;1
"928";2007;77;0,31715;478943;2;3;2
"929";2007;78;0,314791;741488;2;3;2
"930";2007;79;0,356137;1040371;2;4;2
"931";2007;80;3,9e-05;626238;1;1;1
"932";2007;81;0;814923;1;1;1
"933";2007;82;0,098691;735553;1;1;1
"934";2007;83;0,263217;762163;1;2;1
"935";2007;84;0,331597;684830;2;4;2
"936";2007;85;0,104346;1114901;1;1;1
"937";2007;86;0,317774;1164100;2;3;2
"938";2007;87;0,315475;522875;2;3;2
"939";2007;88;0,245539;846572;1;2;1
"940";2007;89;0,2512;763761;1;2;1
"941";2007;90;0,350009;892793;2;4;2
"942";2007;91;0,266097;999919;1;2;1
"943";2007;92;0,441717;516635;3;5;2
"944";2007;93;0,324295;590817;2;3;2
"945";2007;94;0,480386;705807;3;5;2
"946";2007;95;0,507984;497508;3;6;2
"947";2007;96;0,420863;561663;3;5;2
"948";2007;97;0,353337;1061355;2;4;2
"949";2007;98;0,72067;304392;4;8;2
"950";2007;99;0,822249;945480;5;9;3
"951";2008;1;0,629563;1245041;4;7;2
"952";2008;2;0,851669;427271;5;10;3
"953";2008;3;0,891962;294995;5;10;3
"954";2008;4;0,833176;1233846;5;9;3
"955";2008;6;0,985694;1300863;5;10;3
"956";2008;7;0,712624;579985;4;8;2
"957";2008;8;0,801802;598445;5;9;3
"958";2008;9;0,776134;788089;5;9;3
"959";2008;10;0,744605;414467;4;8;2
"960";2008;12;0,743809;1377942;4;8;2
"961";2008;13;0,74453;1173394;4;8;2
"962";2008;14;0,732391;1264837;4;8;2
"963";2008;15;0,812563;627638;5;9;3
"964";2008;16;0,860587;598416;5;10;3
"965";2008;17;1;587834;5;10;3
"966";2008;18;0,941823;607324;5;10;3
"967";2008;19;0,982174;404679;5;10;3
"968";2008;20;0,316516;123873;1;2;1
"969";2008;21;0,423355;1597996;2;4;2
"970";2008;22;0,328111;1103442;2;3;2
"971";2008;23;0,757559;734709;5;9;3
"972";2008;24;0,716523;1096639;4;8;2
"973";2008;25;0,624679;696446;4;7;2
"974";2008;26;0,836184;1174940;5;10;3
"975";2008;27;0,748221;860141;5;9;3
"976";2008;28;0,502718;738878;3;5;2
"977";2008;29;0,791059;522068;5;9;3
"978";2008;30;0,595931;912461;3;6;2
"979";2008;31;0,678692;987374;4;7;2
"980";2008;32;0,496644;885607;3;5;2
"981";2008;33;0,462423;1082569;3;5;2
"982";2008;34;0,618808;771997;4;7;2
"983";2008;35;0,492246;912547;3;5;2
"984";2008;36;0,555583;534835;3;6;2
"985";2008;37;0,720618;444539;4;8;2
"986";2008;38;0,613579;1141969;4;7;2
"987";2008;39;0,940473;783323;5;10;3
"988";2008;40;0,322254;991992;2;3;2
"989";2008;41;0,566228;952282;3;6;2
"990";2008;42;0,584002;878888;3;6;2
"991";2008;44;0,760307;1267494;5;9;3
"992";2008;45;0,707894;1559154;4;7;2
"993";2008;46;0,707396;894580;4;7;2
"994";2008;47;0,77481;1313713;5;9;3
"995";2008;48;0,463728;1189935;3;5;2
"996";2008;49;0,627294;1228129;4;7;2
"997";2008;50;0,46803;1084177;3;5;2
"998";2008;51;0,398187;1079789;2;4;2
"999";2008;52;0,620186;941131;4;7;2
"1000";2008;53;0,420233;1265468;2;4;2
"1001";2008;54;0,64923;516643;4;7;2
"1002";2008;55;0,40531;805580;2;4;2
"1003";2008;56;0,5777;849197;3;6;2
"1004";2008;57;0,464821;598580;3;5;2
"1005";2008;58;0,558884;930406;3;6;2
"1006";2008;59;0,606064;1145053;3;6;2
"1007";2008;60;0,255987;619157;1;2;1
"1008";2008;61;0,205747;451016;1;1;1
"1009";2008;63;0,406004;1268562;2;4;2
"1010";2008;64;0,337891;802795;2;3;2
"1011";2008;65;0,292316;1081652;1;2;1
"1012";2008;66;0,732623;1248759;4;8;2
"1013";2008;67;0,574026;1033467;3;6;2
"1014";2008;68;0,390903;601445;2;4;2
"1015";2008;69;0,159462;508992;1;1;1
"1016";2008;70;0,068755;821650;1;1;1
"1017";2008;71;0,128803;1000158;1;1;1
"1018";2008;72;0,238571;1056260;1;2;1
"1019";2008;73;0,219336;1006392;1;1;1
"1020";2008;74;0,294118;1057532;1;2;1
"1021";2008;75;0,333011;484410;2;3;2
"1022";2008;76;0,296654;1139769;1;2;1
"1023";2008;77;0,357183;478943;2;4;2
"1024";2008;78;0,33159;741488;2;3;2
"1025";2008;79;0,373133;1040371;2;4;2
"1026";2008;80;3,4e-05;626238;1;1;1
"1027";2008;81;0;814923;1;1;1
"1028";2008;82;0,114714;735553;1;1;1
"1029";2008;83;0,292164;762163;1;2;1
"1030";2008;84;0,355019;684830;2;3;2
"1031";2008;85;0,121252;1114901;1;1;1
"1032";2008;86;0,332976;1164100;2;3;2
"1033";2008;87;0,349333;522875;2;3;2
"1034";2008;88;0,259939;846572;1;2;1
"1035";2008;89;0,274136;763761;1;2;1
"1036";2008;90;0,358079;892793;2;4;2
"1037";2008;91;0,274605;999919;1;2;1
"1038";2008;92;0,477651;516635;3;5;2
"1039";2008;93;0,347126;590817;2;3;2
"1040";2008;94;0,530705;705807;3;6;2
"1041";2008;95;0,527364;497508;3;6;2
"1042";2008;96;0,439349;561663;3;5;2
"1043";2008;97;0,378509;1061355;2;4;2
"1044";2008;98;0,734715;304392;4;8;2
"1045";2008;99;0,818112;945480;5;9;3
"1046";2009;1;0,625463;1245041;4;7;2
"1047";2009;2;0,817771;427271;5;10;3
"1048";2009;3;0,836488;294995;5;10;3
"1049";2009;4;0,812228;1233846;5;9;3
"1050";2009;6;0,954652;1300863;5;10;3
"1051";2009;7;0,724994;579985;4;8;2
"1052";2009;8;0,810635;598445;5;9;3
"1053";2009;9;0,764101;788089;5;9;3
"1054";2009;10;0,70438;414467;4;8;2
"1055";2009;12;0,703489;1377942;4;8;2
"1056";2009;13;0,704308;1173394;4;8;2
"1057";2009;14;0,70177;1264837;4;7;2
"1058";2009;15;0,772613;627638;5;9;3
"1059";2009;16;0,813809;598416;5;10;3
"1060";2009;17;1;587834;5;10;3
"1061";2009;18;0,931203;607324;5;10;3
"1062";2009;19;0,963908;404679;5;10;3
"1063";2009;20;0,294941;123873;1;2;1
"1064";2009;21;0,405922;1597996;2;4;2
"1065";2009;22;0,309057;1103442;1;2;1
"1066";2009;23;0,744007;734709;4;8;2
"1067";2009;24;0,698962;1096639;4;7;2
"1068";2009;25;0,612461;696446;3;6;2
"1069";2009;26;0,825847;1174940;5;10;3
"1070";2009;27;0,764563;860141;5;9;3
"1071";2009;28;0,550896;738878;3;5;2
"1072";2009;29;0,800282;522068;5;9;3
"1073";2009;30;0,567057;912461;3;6;2
"1074";2009;31;0,672644;987374;4;7;2
"1075";2009;32;0,559916;885607;3;6;2
"1076";2009;33;0,51467;1082569;3;5;2
"1077";2009;34;0,646279;771997;4;7;2
"1078";2009;35;0,511161;912547;3;5;2
"1079";2009;36;0,597027;534835;3;6;2
"1080";2009;37;0,746248;444539;4;8;2
"1081";2009;38;0,609879;1141969;3;6;2
"1082";2009;39;0,908616;783323;5;10;3
"1083";2009;40;0,323136;991992;1;2;1
"1084";2009;41;0,580295;952282;3;6;2
"1085";2009;42;0,616406;878888;4;7;2
"1086";2009;44;0,777613;1267494;5;9;3
"1087";2009;45;0,718395;1559154;4;8;2
"1088";2009;46;0,715173;894580;4;8;2
"1089";2009;47;0,765489;1313713;5;9;3
"1090";2009;48;0,498788;1189935;3;5;2
"1091";2009;49;0,643479;1228129;4;7;2
"1092";2009;50;0,470124;1084177;3;5;2
"1093";2009;51;0,410136;1079789;2;4;2
"1094";2009;52;0,619513;941131;4;7;2
"1095";2009;53;0,415825;1265468;2;4;2
"1096";2009;54;0,678065;516643;4;7;2
"1097";2009;55;0,40555;805580;2;4;2
"1098";2009;56;0,570558;849197;3;6;2
"1099";2009;57;0,514805;598580;3;5;2
"1100";2009;58;0,602048;930406;3;6;2
"1101";2009;59;0,643444;1145053;4;7;2
"1102";2009;60;0,285345;619157;1;1;1
"1103";2009;61;0,206762;451016;1;1;1
"1104";2009;63;0,415628;1268562;2;4;2
"1105";2009;64;0,333702;802795;2;3;2
"1106";2009;65;0,307058;1081652;1;2;1
"1107";2009;66;0,717105;1248759;4;8;2
"1108";2009;67;0,573068;1033467;3;6;2
"1109";2009;68;0,421493;601445;2;4;2
"1110";2009;69;0,198312;508992;1;1;1
"1111";2009;70;0,104259;821650;1;1;1
"1112";2009;71;0,169356;1000158;1;1;1
"1113";2009;72;0,309235;1056260;1;2;1
"1114";2009;73;0,288182;1006392;1;2;1
"1115";2009;74;0,354947;1057532;2;3;2
"1116";2009;75;0,390559;484410;2;3;2
"1117";2009;76;0,338941;1139769;2;3;2
"1118";2009;77;0,445274;478943;2;4;2
"1119";2009;78;0,404104;741488;2;4;2
"1120";2009;79;0,426355;1040371;2;4;2
"1121";2009;80;2e-05;626238;1;1;1
"1122";2009;81;0;814923;1;1;1
"1123";2009;82;0,128646;735553;1;1;1
"1124";2009;83;0,325491;762163;1;2;1
"1125";2009;84;0,388234;684830;2;3;2
"1126";2009;85;0,137269;1114901;1;1;1
"1127";2009;86;0,361574;1164100;2;3;2
"1128";2009;87;0,379115;522875;2;3;2
"1129";2009;88;0,323054;846572;1;2;1
"1130";2009;89;0,333123;763761;1;2;1
"1131";2009;90;0,374304;892793;2;3;2
"1132";2009;91;0,307393;999919;1;2;1
"1133";2009;92;0,517784;516635;3;5;2
"1134";2009;93;0,399028;590817;2;3;2
"1135";2009;94;0,562123;705807;3;6;2
"1136";2009;95;0,552304;497508;3;5;2
"1137";2009;96;0,476424;561663;3;5;2
"1138";2009;97;0,407587;1061355;2;4;2
"1139";2009;98;0,751176;304392;5;9;3
"1140";2009;99;0,806991;945480;5;9;3
"1141";2010;1;0,63387;1245041;4;7;2
"1142";2010;2;0,811889;427271;5;9;3
"1143";2010;3;0,830161;294995;5;10;3
"1144";2010;4;0,833017;1233846;5;10;3
"1145";2010;6;0,974654;1300863;5;10;3
"1146";2010;7;0,718764;579985;4;8;2
"1147";2010;8;0,806114;598445;5;9;3
"1148";2010;9;0,768341;788089;5;9;3
"1149";2010;10;0,700045;414467;4;8;2
"1150";2010;12;0,699329;1377942;4;7;2
"1151";2010;13;0,699983;1173394;4;7;2
"1152";2010;14;0,707586;1264837;4;8;2
"1153";2010;15;0,772169;627638;5;9;3
"1154";2010;16;0,811191;598416;5;9;3
"1155";2010;17;1;587834;5;10;3
"1156";2010;18;0,941787;607324;5;10;3
"1157";2010;19;0,99891;404679;5;10;3
"1158";2010;20;0,296218;123873;1;2;1
"1159";2010;21;0,418179;1597996;2;4;2
"1160";2010;22;0,313846;1103442;1;2;1
"1161";2010;23;0,752328;734709;4;8;2
"1162";2010;24;0,718043;1096639;4;8;2
"1163";2010;25;0,62864;696446;4;7;2
"1164";2010;26;0,830967;1174940;5;10;3
"1165";2010;27;0,760756;860141;5;9;3
"1166";2010;28;0,583861;738878;3;6;2
"1167";2010;29;0,820801;522068;5;9;3
"1168";2010;30;0,58575;912461;3;6;2
"1169";2010;31;0,686989;987374;4;7;2
"1170";2010;32;0,558196;885607;3;5;2
"1171";2010;33;0,521335;1082569;3;5;2
"1172";2010;34;0,636271;771997;4;7;2
"1173";2010;35;0,518684;912547;3;5;2
"1174";2010;36;0,589663;534835;3;6;2
"1175";2010;37;0,762623;444539;5;9;3
"1176";2010;38;0,615959;1141969;3;6;2
"1177";2010;39;0,928447;783323;5;10;3
"1178";2010;40;0,326755;991992;1;2;1
"1179";2010;41;0,593954;952282;3;6;2
"1180";2010;42;0,622486;878888;3;6;2
"1181";2010;44;0,785699;1267494;5;9;3
"1182";2010;45;0,73742;1559154;4;8;2
"1183";2010;46;0,72631;894580;4;8;2
"1184";2010;47;0,785029;1313713;5;9;3
"1185";2010;48;0,505636;1189935;3;5;2
"1186";2010;49;0,674079;1228129;4;7;2
"1187";2010;50;0,481145;1084177;3;5;2
"1188";2010;51;0,426;1079789;2;4;2
"1189";2010;52;0,643206;941131;4;7;2
"1190";2010;53;0,413331;1265468;2;4;2
"1191";2010;54;0,699607;516643;4;7;2
"1192";2010;55;0,415053;805580;2;4;2
"1193";2010;56;0,601112;849197;3;6;2
"1194";2010;57;0,533756;598580;3;5;2
"1195";2010;58;0,607728;930406;3;6;2
"1196";2010;59;0,658961;1145053;4;7;2
"1197";2010;60;0,278071;619157;1;1;1
"1198";2010;61;0,205277;451016;1;1;1
"1199";2010;63;0,418974;1268562;2;4;2
"1200";2010;64;0,340956;802795;1;2;1
"1201";2010;65;0,302879;1081652;1;2;1
"1202";2010;66;0,726878;1248759;4;8;2
"1203";2010;67;0,583156;1033467;3;6;2
"1204";2010;68;0,408858;601445;2;4;2
"1205";2010;69;0,203053;508992;1;1;1
"1206";2010;70;0,109613;821650;1;1;1
"1207";2010;71;0,178172;1000158;1;1;1
"1208";2010;72;0,303897;1056260;1;2;1
"1209";2010;73;0,287674;1006392;1;2;1
"1210";2010;74;0,350444;1057532;2;3;2
"1211";2010;75;0,395969;484410;2;3;2
"1212";2010;76;0,344368;1139769;2;3;2
"1213";2010;77;0,44583;478943;2;4;2
"1214";2010;78;0,395368;741488;2;3;2
"1215";2010;79;0,411068;1040371;2;4;2
"1216";2010;80;2,3e-05;626238;1;1;1
"1217";2010;81;0;814923;1;1;1
"1218";2010;82;0,133565;735553;1;1;1
"1219";2010;83;0,343222;762163;2;3;2
"1220";2010;84;0,388214;684830;2;3;2
"1221";2010;85;0,134852;1114901;1;1;1
"1222";2010;86;0,37133;1164100;2;3;2
"1223";2010;87;0,388297;522875;2;3;2
"1224";2010;88;0,319537;846572;1;2;1
"1225";2010;89;0,331324;763761;1;2;1
"1226";2010;90;0,382804;892793;2;3;2
"1227";2010;91;0,304032;999919;1;2;1
"1228";2010;92;0,519987;516635;3;5;2
"1229";2010;93;0,398385;590817;2;4;2
"1230";2010;94;0,574576;705807;3;6;2
"1231";2010;95;0,558638;497508;3;5;2
"1232";2010;96;0,473756;561663;3;5;2
"1233";2010;97;0,40603;1061355;2;4;2
"1234";2010;98;0,753772;304392;4;8;2
"1235";2010;99;0,830559;945480;5;10;3
"1236";2011;1;0,627271;1245041;4;7;2
"1237";2011;2;0,817084;427271;5;9;3
"1238";2011;3;0,831453;294995;5;10;3
"1239";2011;4;0,831709;1233846;5;10;3
"1240";2011;6;0,962648;1300863;5;10;3
"1241";2011;7;0,713274;579985;4;8;2
"1242";2011;8;0,813744;598445;5;9;3
"1243";2011;9;0,775447;788089;5;9;3
"1244";2011;10;0,680009;414467;4;7;2
"1245";2011;12;0,679436;1377942;4;7;2
"1246";2011;13;0,679969;1173394;4;7;2
"1247";2011;14;0,696721;1264837;4;8;2
"1248";2011;15;0,760093;627638;5;9;3
"1249";2011;16;0,826649;598416;5;10;3
"1250";2011;17;1;587834;5;10;3
"1251";2011;18;0,934015;607324;5;10;3
"1252";2011;19;0,985866;404679;5;10;3
"1253";2011;20;0,302233;123873;1;2;1
"1254";2011;21;0,422873;1597996;2;4;2
"1255";2011;22;0,324872;1103442;1;2;1
"1256";2011;23;0,771745;734709;5;9;3
"1257";2011;24;0,705613;1096639;4;8;2
"1258";2011;25;0,640941;696446;4;7;2
"1259";2011;26;0,82686;1174940;5;10;3
"1260";2011;27;0,760059;860141;4;8;2
"1261";2011;28;0,611582;738878;3;6;2
"1262";2011;29;0,80707;522068;5;9;3
"1263";2011;30;0,568432;912461;3;6;2
"1264";2011;31;0,687733;987374;4;7;2
"1265";2011;32;0,583272;885607;3;6;2
"1266";2011;33;0,542452;1082569;3;5;2
"1267";2011;34;0,659156;771997;4;7;2
"1268";2011;35;0,539022;912547;3;5;2
"1269";2011;36;0,603367;534835;3;6;2
"1270";2011;37;0,769215;444539;5;9;3
"1271";2011;38;0,612592;1141969;3;6;2
"1272";2011;39;0,937518;783323;5;10;3
"1273";2011;40;0,337364;991992;1;2;1
"1274";2011;41;0,604068;952282;3;6;2
"1275";2011;42;0,611808;878888;3;6;2
"1276";2011;44;0,783785;1267494;5;9;3
"1277";2011;45;0,743921;1559154;4;8;2
"1278";2011;46;0,734411;894580;4;8;2
"1279";2011;47;0,771512;1313713;5;9;3
"1280";2011;48;0,528211;1189935;3;5;2
"1281";2011;49;0,646916;1228129;4;7;2
"1282";2011;50;0,495612;1084177;3;5;2
"1283";2011;51;0,44265;1079789;2;4;2
"1284";2011;52;0,622051;941131;3;6;2
"1285";2011;53;0,417744;1265468;2;4;2
"1286";2011;54;0,728537;516643;4;8;2
"1287";2011;55;0,447954;805580;2;4;2
"1288";2011;56;0,630578;849197;4;7;2
"1289";2011;57;0,535005;598580;3;5;2
"1290";2011;58;0,605979;930406;3;6;2
"1291";2011;59;0,663804;1145053;4;7;2
"1292";2011;60;0,284255;619157;1;1;1
"1293";2011;61;0,22983;451016;1;1;1
"1294";2011;63;0,43213;1268562;2;4;2
"1295";2011;64;0,380342;802795;2;3;2
"1296";2011;65;0,334599;1081652;1;2;1
"1297";2011;66;0,728881;1248759;4;8;2
"1298";2011;67;0,595146;1033467;3;6;2
"1299";2011;68;0,397461;601445;2;3;2
"1300";2011;69;0,215431;508992;1;1;1
"1301";2011;70;0,139764;821650;1;1;1
"1302";2011;71;0,200325;1000158;1;1;1
"1303";2011;72;0,302595;1056260;1;2;1
"1304";2011;73;0,305569;1006392;1;2;1
"1305";2011;74;0,353255;1057532;2;3;2
"1306";2011;75;0,390467;484410;2;3;2
"1307";2011;76;0,36076;1139769;2;3;2
"1308";2011;77;0,433167;478943;2;4;2
"1309";2011;78;0,390902;741488;2;3;2
"1310";2011;79;0,406329;1040371;2;4;2
"1311";2011;80;0;626238;1;1;1
"1312";2011;81;4,1e-05;814923;1;1;1
"1313";2011;82;0,151632;735553;1;1;1
"1314";2011;83;0,346819;762163;1;2;1
"1315";2011;84;0,396306;684830;2;3;2
"1316";2011;85;0,157788;1114901;1;1;1
"1317";2011;86;0,382731;1164100;2;3;2
"1318";2011;87;0,412573;522875;2;4;2
"1319";2011;88;0,31791;846572;1;2;1
"1320";2011;89;0,332766;763761;1;2;1
"1321";2011;90;0,364416;892793;2;3;2
"1322";2011;91;0,313098;999919;1;2;1
"1323";2011;92;0,52228;516635;3;5;2
"1324";2011;93;0,406139;590817;2;4;2
"1325";2011;94;0,56586;705807;3;5;2
"1326";2011;95;0,56229;497508;3;5;2
"1327";2011;96;0,485801;561663;3;5;2
"1328";2011;97;0,409684;1061355;2;4;2
"1329";2011;98;0,740855;304392;4;8;2
"1330";2011;99;0,814554;945480;5;9;3
"1331";2012;1;0,61117;1245041;3;6;2
"1332";2012;2;0,835403;427271;5;10;3
"1333";2012;3;0,829905;294995;5;10;3
"1334";2012;4;0,821001;1233846;5;9;3
"1335";2012;6;0,981778;1300863;5;10;3
"1336";2012;7;0,710982;579985;4;8;2
"1337";2012;8;0,812096;598445;5;9;3
"1338";2012;9;0,783825;788089;5;9;3
"1339";2012;10;0,678786;414467;4;7;2
"1340";2012;12;0,678557;1377942;4;7;2
"1341";2012;13;0,678712;1173394;4;7;2
"1342";2012;14;0,696999;1264837;4;8;2
"1343";2012;15;0,772913;627638;5;9;3
"1344";2012;16;0,812947;598416;5;9;3
"1345";2012;17;1;587834;5;10;3
"1346";2012;18;0,943004;607324;5;10;3
"1347";2012;19;0,941898;404679;5;10;3
"1348";2012;20;0,298579;123873;1;2;1
"1349";2012;21;0,423597;1597996;2;4;2
"1350";2012;22;0,327162;1103442;1;2;1
"1351";2012;23;0,811493;734709;5;9;3
"1352";2012;24;0,746733;1096639;4;8;2
"1353";2012;25;0,670606;696446;4;7;2
"1354";2012;26;0,846108;1174940;5;10;3
"1355";2012;27;0,772879;860141;4;8;2
"1356";2012;28;0,605652;738878;3;6;2
"1357";2012;29;0,81742;522068;5;9;3
"1358";2012;30;0,589214;912461;3;5;2
"1359";2012;31;0,692924;987374;4;7;2
"1360";2012;32;0,595345;885607;3;6;2
"1361";2012;33;0,548547;1082569;3;5;2
"1362";2012;34;0,686989;771997;4;7;2
"1363";2012;35;0,544339;912547;3;5;2
"1364";2012;36;0,621186;534835;3;6;2
"1365";2012;37;0,799934;444539;5;9;3
"1366";2012;38;0,598771;1141969;3;6;2
"1367";2012;39;0,957672;783323;5;10;3
"1368";2012;40;0,329178;991992;1;2;1
"1369";2012;41;0,629772;952282;3;6;2
"1370";2012;42;0,64045;878888;4;7;2
"1371";2012;44;0,824147;1267494;5;10;3
"1372";2012;45;0,769481;1559154;4;8;2
"1373";2012;46;0,753874;894580;4;8;2
"1374";2012;47;0,805124;1313713;5;9;3
"1375";2012;48;0,543726;1189935;3;5;2
"1376";2012;49;0,661564;1228129;4;7;2
"1377";2012;50;0,518508;1084177;3;5;2
"1378";2012;51;0,44292;1079789;2;4;2
"1379";2012;52;0,638264;941131;3;6;2
"1380";2012;53;0,419657;1265468;2;4;2
"1381";2012;54;0,756397;516643;4;8;2
"1382";2012;55;0,446872;805580;2;4;2
"1383";2012;56;0,652296;849197;4;7;2
"1384";2012;57;0,538627;598580;3;5;2
"1385";2012;58;0,626107;930406;3;6;2
"1386";2012;59;0,688645;1145053;4;7;2
"1387";2012;60;0,283205;619157;1;1;1
"1388";2012;61;0,22386;451016;1;1;1
"1389";2012;63;0,443082;1268562;2;4;2
"1390";2012;64;0,371396;802795;2;3;2
"1391";2012;65;0,335155;1081652;1;2;1
"1392";2012;66;0,75415;1248759;4;8;2
"1393";2012;67;0,605639;1033467;3;6;2
"1394";2012;68;0,379912;601445;2;3;2
"1395";2012;69;0,179168;508992;1;1;1
"1396";2012;70;0,111838;821650;1;1;1
"1397";2012;71;0,18523;1000158;1;1;1
"1398";2012;72;0,296029;1056260;1;2;1
"1399";2012;73;0,292215;1006392;1;2;1
"1400";2012;74;0,340489;1057532;1;2;1
"1401";2012;75;0,388928;484410;2;3;2
"1402";2012;76;0,361114;1139769;2;3;2
"1403";2012;77;0,443767;478943;2;4;2
"1404";2012;78;0,378272;741488;2;3;2
"1405";2012;79;0,399118;1040371;2;4;2
"1406";2012;80;2e-06;626238;1;1;1
"1407";2012;81;0;814923;1;1;1
"1408";2012;82;0,145784;735553;1;1;1
"1409";2012;83;0,362913;762163;2;3;2
"1410";2012;84;0,38716;684830;2;3;2
"1411";2012;85;0,139903;1114901;1;1;1
"1412";2012;86;0,38874;1164100;2;3;2
"1413";2012;87;0,407984;522875;2;4;2
"1414";2012;88;0,296361;846572;1;2;1
"1415";2012;89;0,341987;763761;1;2;1
"1416";2012;90;0,388912;892793;2;3;2
"1417";2012;91;0,319376;999919;1;2;1
"1418";2012;92;0,523173;516635;3;5;2
"1419";2012;93;0,408037;590817;2;4;2
"1420";2012;94;0,557883;705807;3;5;2
"1421";2012;95;0,604587;497508;3;6;2
"1422";2012;96;0,506433;561663;3;5;2
"1423";2012;97;0,425335;1061355;2;4;2
"1424";2012;98;0,737095;304392;4;8;2
"1425";2012;99;0,816999;945480;5;9;3
"1426";2013;1;0,635631;1245041;3;6;2
"1427";2013;2;0,842265;427271;5;9;3
"1428";2013;3;0,861934;294995;5;10;3
"1429";2013;4;0,839236;1233846;5;9;3
"1430";2013;6;0,995403;1300863;5;10;3
"1431";2013;7;0,719346;579985;4;8;2
"1432";2013;8;0,844659;598445;5;10;3
"1433";2013;9;0,813718;788089;5;9;3
"1434";2013;10;0,678068;414467;4;7;2
"1435";2013;12;0,678139;1377942;4;7;2
"1436";2013;13;0,678006;1173394;4;7;2
"1437";2013;14;0,699953;1264837;4;7;2
"1438";2013;15;0,795125;627638;5;9;3
"1439";2013;16;0,822661;598416;5;9;3
"1440";2013;17;1;587834;5;10;3
"1441";2013;18;0,969954;607324;5;10;3
"1442";2013;19;0,9797;404679;5;10;3
"1443";2013;20;0,298003;123873;1;1;1
"1444";2013;21;0,431539;1597996;2;4;2
"1445";2013;22;0,331693;1103442;1;2;1
"1446";2013;23;0,810321;734709;5;9;3
"1447";2013;24;0,765428;1096639;4;8;2
"1448";2013;25;0,678497;696446;4;7;2
"1449";2013;26;0,861035;1174940;5;10;3
"1450";2013;27;0,788267;860141;4;8;2
"1451";2013;28;0,636627;738878;3;6;2
"1452";2013;29;0,815835;522068;5;9;3
"1453";2013;30;0,610924;912461;3;5;2
"1454";2013;31;0,711503;987374;4;8;2
"1455";2013;32;0,624795;885607;3;6;2
"1456";2013;33;0,559821;1082569;3;5;2
"1457";2013;34;0,695501;771997;4;7;2
"1458";2013;35;0,562997;912547;3;5;2
"1459";2013;36;0,623315;534835;3;6;2
"1460";2013;37;0,77669;444539;4;8;2
"1461";2013;38;0,611693;1141969;3;6;2
"1462";2013;39;0,944515;783323;5;10;3
"1463";2013;40;0,345953;991992;1;2;1
"1464";2013;41;0,666194;952282;4;7;2
"1465";2013;42;0,662327;878888;3;6;2
"1466";2013;44;0,844858;1267494;5;10;3
"1467";2013;45;0,792422;1559154;5;9;3
"1468";2013;46;0,768633;894580;4;8;2
"1469";2013;47;0,828126;1313713;5;9;3
"1470";2013;48;0,547901;1189935;3;5;2
"1471";2013;49;0,662477;1228129;3;6;2
"1472";2013;50;0,520701;1084177;3;5;2
"1473";2013;51;0,458374;1079789;2;4;2
"1474";2013;52;0,666003;941131;4;7;2
"1475";2013;53;0,450941;1265468;2;4;2
"1476";2013;54;0,782892;516643;4;8;2
"1477";2013;55;0,491111;805580;2;4;2
"1478";2013;56;0,68292;849197;4;7;2
"1479";2013;57;0,57175;598580;3;5;2
"1480";2013;58;0,659658;930406;3;6;2
"1481";2013;59;0,691519;1145053;4;7;2
"1482";2013;60;0,316564;619157;1;2;1
"1483";2013;61;0,248647;451016;1;1;1
"1484";2013;63;0,458593;1268562;2;4;2
"1485";2013;64;0,389254;802795;2;3;2
"1486";2013;65;0,360723;1081652;1;2;1
"1487";2013;66;0,773239;1248759;4;8;2
"1488";2013;67;0,646086;1033467;3;6;2
"1489";2013;68;0,419803;601445;2;3;2
"1490";2013;69;0,214943;508992;1;1;1
"1491";2013;70;0,146451;821650;1;1;1
"1492";2013;71;0,222569;1000158;1;1;1
"1493";2013;72;0,339113;1056260;1;2;1
"1494";2013;73;0,320833;1006392;1;2;1
"1495";2013;74;0,364691;1057532;1;2;1
"1496";2013;75;0,425815;484410;2;3;2
"1497";2013;76;0,387123;1139769;2;3;2
"1498";2013;77;0,466337;478943;2;4;2
"1499";2013;78;0,425744;741488;2;3;2
"1500";2013;79;0,428372;1040371;2;4;2
"1501";2013;80;0;626238;1;1;1
"1502";2013;81;3,8e-05;814923;1;1;1
"1503";2013;82;0,168252;735553;1;1;1
"1504";2013;83;0,369131;762163;1;2;1
"1505";2013;84;0,411637;684830;2;3;2
"1506";2013;85;0,168042;1114901;1;1;1
"1507";2013;86;0,412886;1164100;2;3;2
"1508";2013;87;0,440225;522875;2;4;2
"1509";2013;88;0,326076;846572;1;2;1
"1510";2013;89;0,382162;763761;2;3;2
"1511";2013;90;0,425571;892793;2;3;2
"1512";2013;91;0,3483;999919;1;2;1
"1513";2013;92;0,531896;516635;3;5;2
"1514";2013;93;0,432953;590817;2;4;2
"1515";2013;94;0,576454;705807;3;5;2
"1516";2013;95;0,615985;497508;3;6;2
"1517";2013;96;0,526107;561663;3;5;2
"1518";2013;97;0,444714;1061355;2;4;2
"1519";2013;98;0,762857;304392;4;8;2
"1520";2013;99;0,837173;945480;5;9;3
"1521";2014;1;0,64554;1245041;3;6;2
"1522";2014;2;0,832348;427271;5;9;3
"1523";2014;3;0,899071;294995;5;10;3
"1524";2014;4;0,838358;1233846;5;9;3
"1525";2014;6;1;1300863;5;10;3
"1526";2014;7;0,742703;579985;4;8;2
"1527";2014;8;0,859159;598445;5;10;3
"1528";2014;9;0,831824;788089;5;9;3
"1529";2014;10;0,69116;414467;3;6;2
"1530";2014;12;0,691228;1377942;4;7;2
"1531";2014;13;0,691113;1173394;3;6;2
"1532";2014;14;0,720339;1264837;4;7;2
"1533";2014;15;0,814566;627638;5;9;3
"1534";2014;16;0,849772;598416;5;9;3
"1535";2014;17;0,999093;587834;5;10;3
"1536";2014;18;0,986471;607324;5;10;3
"1537";2014;19;0,984595;404679;5;10;3
"1538";2014;20;0,317642;123873;1;1;1
"1539";2014;21;0,448439;1597996;2;3;2
"1540";2014;22;0,35451;1103442;1;2;1
"1541";2014;23;0,837853;734709;5;9;3
"1542";2014;24;0,786777;1096639;4;8;2
"1543";2014;25;0,712267;696446;4;7;2
"1544";2014;26;0,855771;1174940;5;9;3
"1545";2014;27;0,805293;860141;4;8;2
"1546";2014;28;0,664266;738878;3;6;2
"1547";2014;29;0,823856;522068;5;9;3
"1548";2014;30;0,626527;912461;3;6;2
"1549";2014;31;0,728381;987374;4;8;2
"1550";2014;32;0,661919;885607;3;6;2
"1551";2014;33;0,593613;1082569;3;5;2
"1552";2014;34;0,727094;771997;4;7;2
"1553";2014;35;0,59282;912547;3;5;2
"1554";2014;36;0,649928;534835;3;6;2
"1555";2014;37;0,795387;444539;4;8;2
"1556";2014;38;0,619676;1141969;3;5;2
"1557";2014;39;0,95219;783323;5;10;3
"1558";2014;40;0,378638;991992;1;2;1
"1559";2014;41;0,691337;952282;4;7;2
"1560";2014;42;0,709184;878888;4;7;2
"1561";2014;44;0,88499;1267494;5;10;3
"1562";2014;45;0,850634;1559154;5;9;3
"1563";2014;46;0,801392;894580;4;8;2
"1564";2014;47;0,871795;1313713;5;10;3
"1565";2014;48;0,579216;1189935;3;5;2
"1566";2014;49;0,688168;1228129;3;6;2
"1567";2014;50;0,559248;1084177;3;5;2
"1568";2014;51;0,491173;1079789;2;4;2
"1569";2014;52;0,699637;941131;4;7;2
"1570";2014;53;0,477722;1265468;2;4;2
"1571";2014;54;0,780176;516643;4;8;2
"1572";2014;55;0,512591;805580;2;4;2
"1573";2014;56;0,709535;849197;4;7;2
"1574";2014;57;0,594355;598580;3;5;2
"1575";2014;58;0,693366;930406;4;7;2
"1576";2014;59;0,726137;1145053;4;7;2
"1577";2014;60;0,325053;619157;1;2;1
"1578";2014;61;0,264705;451016;1;1;1
"1579";2014;63;0,489447;1268562;2;4;2
"1580";2014;64;0,414668;802795;2;3;2
"1581";2014;65;0,38382;1081652;1;2;1
"1582";2014;66;0,810619;1248759;4;8;2
"1583";2014;67;0,67732;1033467;3;6;2
"1584";2014;68;0,455929;601445;2;4;2
"1585";2014;69;0,259555;508992;1;1;1
"1586";2014;70;0,16517;821650;1;1;1
"1587";2014;71;0,245525;1000158;1;1;1
"1588";2014;72;0,355743;1056260;1;2;1
"1589";2014;73;0,34384;1006392;1;2;1
"1590";2014;74;0,391585;1057532;1;2;1
"1591";2014;75;0,447018;484410;2;3;2
"1592";2014;76;0,418965;1139769;2;3;2
"1593";2014;77;0,499058;478943;2;4;2
"1594";2014;78;0,454193;741488;2;4;2
"1595";2014;79;0,455622;1040371;2;4;2
"1596";2014;80;0;626238;1;1;1
"1597";2014;81;8,2e-05;814923;1;1;1
"1598";2014;82;0,183267;735553;1;1;1
"1599";2014;83;0,390161;762163;1;2;1
"1600";2014;84;0,444049;684830;2;3;2
"1601";2014;85;0,177529;1114901;1;1;1
"1602";2014;86;0,422464;1164100;2;3;2
"1603";2014;87;0,464186;522875;2;4;2
"1604";2014;88;0,343845;846572;1;2;1
"1605";2014;89;0,399016;763761;2;3;2
"1606";2014;90;0,452796;892793;2;3;2
"1607";2014;91;0,37152;999919;1;2;1
"1608";2014;92;0,555264;516635;3;5;2
"1609";2014;93;0,445872;590817;2;3;2
"1610";2014;94;0,597609;705807;3;5;2
"1611";2014;95;0,629556;497508;3;6;2
"1612";2014;96;0,547509;561663;3;5;2
"1613";2014;97;0,459216;1061355;2;4;2
"1614";2014;98;0,770374;304392;4;8;2
"1615";2014;99;0,831911;945480;5;9;3
"1616";2015;1;0,645114;1245041;3;6;2
"1617";2015;2;0,846462;427271;5;9;3
"1618";2015;3;0,866469;294995;5;10;3
"1619";2015;4;0,824275;1233846;5;9;3
"1620";2015;6;0,997804;1300863;5;10;3
"1621";2015;7;0,74153;579985;4;8;2
"1622";2015;8;0,857427;598445;5;9;3
"1623";2015;9;0,831295;788089;5;9;3
"1624";2015;10;0,67437;414467;3;6;2
"1625";2015;12;0,67459;1377942;3;6;2
"1626";2015;13;0,67431;1173394;3;6;2
"1627";2015;14;0,679093;1264837;3;6;2
"1628";2015;15;0,809326;627638;4;8;2
"1629";2015;16;0,831062;598416;5;9;3
"1630";2015;17;0,967165;587834;5;10;3
"1631";2015;18;0,971021;607324;5;10;3
"1632";2015;19;1;404679;5;10;3
"1633";2015;20;0,323724;123873;1;2;1
"1634";2015;21;0,451753;1597996;2;3;2
"1635";2015;22;0,358201;1103442;1;2;1
"1636";2015;23;0,829131;734709;5;9;3
"1637";2015;24;0,791969;1096639;4;8;2
"1638";2015;25;0,705786;696446;4;7;2
"1639";2015;26;0,862423;1174940;5;10;3
"1640";2015;27;0,814392;860141;4;8;2
"1641";2015;28;0,670902;738878;3;6;2
"1642";2015;29;0,837614;522068;5;9;3
"1643";2015;30;0,628364;912461;3;5;2
"1644";2015;31;0,73793;987374;4;7;2
"1645";2015;32;0,683832;885607;4;7;2
"1646";2015;33;0,614999;1082569;3;5;2
"1647";2015;34;0,722042;771997;4;7;2
"1648";2015;35;0,605591;912547;3;5;2
"1649";2015;36;0,657017;534835;3;6;2
"1650";2015;37;0,800073;444539;4;8;2
"1651";2015;38;0,620521;1141969;3;5;2
"1652";2015;39;0,955562;783323;5;10;3
"1653";2015;40;0,374671;991992;1;2;1
"1654";2015;41;0,698506;952282;4;7;2
"1655";2015;42;0,727771;878888;4;7;2
"1656";2015;44;0,885871;1267494;5;10;3
"1657";2015;45;0,850555;1559154;5;9;3
"1658";2015;46;0,81899;894580;4;8;2
"1659";2015;47;0,882235;1313713;5;10;3
"1660";2015;48;0,586926;1189935;3;5;2
"1661";2015;49;0,703053;1228129;4;7;2
"1662";2015;50;0,555066;1084177;3;5;2
"1663";2015;51;0,498944;1079789;2;4;2
"1664";2015;52;0,697358;941131;4;7;2
"1665";2015;53;0,480802;1265468;2;4;2
"1666";2015;54;0,787654;516643;4;8;2
"1667";2015;55;0,517715;805580;2;4;2
"1668";2015;56;0,714868;849197;4;7;2
"1669";2015;57;0,631628;598580;3;6;2
"1670";2015;58;0,719882;930406;4;7;2
"1671";2015;59;0,746741;1145053;4;8;2
"1672";2015;60;0,307618;619157;1;1;1
"1673";2015;61;0,26512;451016;1;1;1
"1674";2015;63;0,499183;1268562;2;4;2
"1675";2015;64;0,425703;802795;2;3;2
"1676";2015;65;0,379228;1081652;1;2;1
"1677";2015;66;0,822062;1248759;5;9;3
"1678";2015;67;0,680665;1033467;3;6;2
"1679";2015;68;0,452966;601445;2;3;2
"1680";2015;69;0,259278;508992;1;1;1
"1681";2015;70;0,173725;821650;1;1;1
"1682";2015;71;0,249339;1000158;1;1;1
"1683";2015;72;0,367736;1056260;1;2;1
"1684";2015;73;0,355493;1006392;1;2;1
"1685";2015;74;0,39746;1057532;1;2;1
"1686";2015;75;0,474505;484410;2;4;2
"1687";2015;76;0,429865;1139769;2;3;2
"1688";2015;77;0,504852;478943;2;4;2
"1689";2015;78;0,457446;741488;2;4;2
"1690";2015;79;0,440778;1040371;2;3;2
"1691";2015;80;0;626238;1;1;1
"1692";2015;81;8,4e-05;814923;1;1;1
"1693";2015;82;0,193907;735553;1;1;1
"1694";2015;83;0,400727;762163;1;2;1
"1695";2015;84;0,461397;684830;2;4;2
"1696";2015;85;0,182353;1114901;1;1;1
"1697";2015;86;0,439896;1164100;2;3;2
"1698";2015;87;0,470954;522875;2;4;2
"1699";2015;88;0,373003;846572;1;2;1
"1700";2015;89;0,423418;763761;2;3;2
"1701";2015;90;0,445787;892793;2;3;2
"1702";2015;91;0,383808;999919;1;2;1
"1703";2015;92;0,550341;516635;3;5;2
"1704";2015;93;0,454223;590817;2;3;2
"1705";2015;94;0,612497;705807;3;5;2
"1706";2015;95;0,645867;497508;3;6;2
"1707";2015;96;0,549054;561663;3;5;2
"1708";2015;97;0,464147;1061355;2;4;2
"1709";2015;98;0,772635;304392;4;8;2
"1710";2015;99;0,837808;945480;5;9;3
"1711";2016;1;0,642893;1245041;3;6;2
"1712";2016;2;0,853988;427271;5;9;3
"1713";2016;3;0,858933;294995;5;9;3
"1714";2016;4;0,824313;1233846;4;8;2
"1715";2016;6;0,983819;1300863;5;10;3
"1716";2016;7;0,743062;579985;4;8;2
"1717";2016;8;0,856428;598445;5;9;3
"1718";2016;9;0,829687;788089;5;9;3
"1719";2016;10;0,637145;414467;3;6;2
"1720";2016;12;0,637706;1377942;3;6;2
"1721";2016;13;0,637124;1173394;3;5;2
"1722";2016;14;0,660737;1264837;3;6;2
"1723";2016;15;0,798027;627638;4;8;2
"1724";2016;16;0,840311;598416;5;9;3
"1725";2016;17;0,984064;587834;5;10;3
"1726";2016;18;0,93802;607324;5;10;3
"1727";2016;19;1;404679;5;10;3
"1728";2016;20;0,335632;123873;1;1;1
"1729";2016;21;0,472589;1597996;2;3;2
"1730";2016;22;0,369644;1103442;1;2;1
"1731";2016;23;0,81612;734709;4;8;2
"1732";2016;24;0,79009;1096639;4;8;2
"1733";2016;25;0,70969;696446;4;7;2
"1734";2016;26;0,877192;1174940;5;10;3
"1735";2016;27;0,831149;860141;5;9;3
"1736";2016;28;0,679649;738878;3;6;2
"1737";2016;29;0,854088;522068;5;9;3
"1738";2016;30;0,635674;912461;3;5;2
"1739";2016;31;0,737176;987374;4;7;2
"1740";2016;32;0,682814;885607;3;6;2
"1741";2016;33;0,622403;1082569;3;5;2
"1742";2016;34;0,735924;771997;4;7;2
"1743";2016;35;0,614499;912547;3;5;2
"1744";2016;36;0,668761;534835;3;6;2
"1745";2016;37;0,793692;444539;4;8;2
"1746";2016;38;0,627444;1141969;3;5;2
"1747";2016;39;0,954439;783323;5;10;3
"1748";2016;40;0,382603;991992;1;2;1
"1749";2016;41;0,702558;952282;4;7;2
"1750";2016;42;0,728088;878888;4;7;2
"1751";2016;44;0,878219;1267494;5;10;3
"1752";2016;45;0,86348;1559154;5;10;3
"1753";2016;46;0,821975;894580;4;8;2
"1754";2016;47;0,886986;1313713;5;10;3
"1755";2016;48;0,595101;1189935;3;5;2
"1756";2016;49;0,708699;1228129;4;7;2
"1757";2016;50;0,564437;1084177;3;5;2
"1758";2016;51;0,509838;1079789;2;4;2
"1759";2016;52;0,698701;941131;4;7;2
"1760";2016;53;0,494471;1265468;2;4;2
"1761";2016;54;0,828986;516643;5;9;3
"1762";2016;55;0,541027;805580;2;4;2
"1763";2016;56;0,733198;849197;4;7;2
"1764";2016;57;0,637533;598580;3;6;2
"1765";2016;58;0,72234;930406;4;7;2
"1766";2016;59;0,758787;1145053;4;8;2
"1767";2016;60;0,340009;619157;1;2;1
"1768";2016;61;0,277415;451016;1;1;1
"1769";2016;63;0,527325;1268562;2;4;2
"1770";2016;64;0,442943;802795;2;3;2
"1771";2016;65;0,400934;1081652;1;2;1
"1772";2016;66;0,86145;1248759;5;9;3
"1773";2016;67;0,711442;1033467;4;7;2
"1774";2016;68;0,47662;601445;2;3;2
"1775";2016;69;0,280989;508992;1;1;1
"1776";2016;70;0,195975;821650;1;1;1
"1777";2016;71;0,26901;1000158;1;1;1
"1778";2016;72;0,387049;1056260;1;2;1
"1779";2016;73;0,384019;1006392;1;2;1
"1780";2016;74;0,417494;1057532;1;2;1
"1781";2016;75;0,504846;484410;2;4;2
"1782";2016;76;0,449463;1139769;2;3;2
"1783";2016;77;0,511951;478943;2;4;2
"1784";2016;78;0,479079;741488;2;4;2
"1785";2016;79;0,462285;1040371;2;3;2
"1786";2016;80;0;626238;1;1;1
"1787";2016;81;0,000179;814923;1;1;1
"1788";2016;82;0,21695;735553;1;1;1
"1789";2016;83;0,417462;762163;1;2;1
"1790";2016;84;0,485926;684830;2;4;2
"1791";2016;85;0,207466;1114901;1;1;1
"1792";2016;86;0,455776;1164100;2;3;2
"1793";2016;87;0,48898;522875;2;4;2
"1794";2016;88;0,376079;846572;1;2;1
"1795";2016;89;0,451728;763761;2;3;2
"1796";2016;90;0,468807;892793;2;3;2
"1797";2016;91;0,412608;999919;1;2;1
"1798";2016;92;0,563466;516635;3;5;2
"1799";2016;93;0,472494;590817;2;3;2
"1800";2016;94;0,639496;705807;3;6;2
"1801";2016;95;0,660052;497508;3;6;2
"1802";2016;96;0,569347;561663;3;5;2
"1803";2016;97;0,486892;1061355;2;4;2
"1804";2016;98;0,785058;304392;4;8;2
"1805";2016;99;0,836843;945480;5;9;3
"1806";2017;1;0,650978;1245041;3;6;2
"1807";2017;2;0,835128;427271;5;9;3
"1808";2017;3;0,865149;294995;5;9;3
"1809";2017;4;0,812449;1233846;4;8;2
"1810";2017;6;0,986072;1300863;5;10;3
"1811";2017;7;0,731816;579985;4;7;2
"1812";2017;8;0,835607;598445;5;9;3
"1813";2017;9;0,824411;788089;5;9;3
"1814";2017;10;0,6483;414467;3;6;2
"1815";2017;12;0,648665;1377942;3;6;2
"1816";2017;13;0,648283;1173394;3;6;2
"1817";2017;14;0,667404;1264837;3;6;2
"1818";2017;15;0,790828;627638;4;8;2
"1819";2017;16;0,840402;598416;5;9;3
"1820";2017;17;0,967321;587834;5;10;3
"1821";2017;18;0,890355;607324;5;10;3
"1822";2017;19;1;404679;5;10;3
"1823";2017;20;0,33013;123873;1;1;1
"1824";2017;21;0,475173;1597996;2;3;2
"1825";2017;22;0,36764;1103442;1;2;1
"1826";2017;23;0,821564;734709;4;8;2
"1827";2017;24;0,8144;1096639;4;8;2
"1828";2017;25;0,712412;696446;4;7;2
"1829";2017;26;0,885035;1174940;5;10;3
"1830";2017;27;0,846575;860141;5;9;3
"1831";2017;28;0,700685;738878;4;7;2
"1832";2017;29;0,859139;522068;5;9;3
"1833";2017;30;0,634971;912461;3;5;2
"1834";2017;31;0,744425;987374;4;8;2
"1835";2017;32;0,68513;885607;3;6;2
"1836";2017;33;0,62604;1082569;3;5;2
"1837";2017;34;0,724359;771997;4;7;2
"1838";2017;35;0,61534;912547;3;5;2
"1839";2017;36;0,667731;534835;3;6;2
"1840";2017;37;0,790591;444539;4;8;2
"1841";2017;38;0,64132;1141969;3;5;2
"1842";2017;39;0,954541;783323;5;10;3
"1843";2017;40;0,37924;991992;1;2;1
"1844";2017;41;0,707604;952282;4;7;2
"1845";2017;42;0,744033;878888;4;7;2
"1846";2017;44;0,89226;1267494;5;10;3
"1847";2017;45;0,873088;1559154;5;10;3
"1848";2017;46;0,830174;894580;5;9;3
"1849";2017;47;0,899669;1313713;5;10;3
"1850";2017;48;0,599712;1189935;3;5;2
"1851";2017;49;0,718657;1228129;4;7;2
"1852";2017;50;0,567927;1084177;3;5;2
"1853";2017;51;0,510758;1079789;2;4;2
"1854";2017;52;0,700167;941131;3;6;2
"1855";2017;53;0,500284;1265468;2;4;2
"1856";2017;54;0,816061;516643;4;8;2
"1857";2017;55;0,55694;805580;2;4;2
"1858";2017;56;0,741272;849197;4;7;2
"1859";2017;57;0,634756;598580;3;5;2
"1860";2017;58;0,732084;930406;4;7;2
"1861";2017;59;0,754474;1145053;4;8;2
"1862";2017;60;0,34426;619157;1;2;1
"1863";2017;61;0,277168;451016;1;1;1
"1864";2017;63;0,525477;1268562;2;4;2
"1865";2017;64;0,444491;802795;1;2;1
"1866";2017;65;0,406094;1081652;1;2;1
"1867";2017;66;0,867856;1248759;5;9;3
"1868";2017;67;0,729642;1033467;4;7;2
"1869";2017;68;0,489372;601445;2;3;2
"1870";2017;69;0,303345;508992;1;1;1
"1871";2017;70;0,191857;821650;1;1;1
"1872";2017;71;0,291134;1000158;1;1;1
"1873";2017;72;0,400051;1056260;1;2;1
"1874";2017;73;0,39547;1006392;1;2;1
"1875";2017;74;0,424987;1057532;1;2;1
"1876";2017;75;0,543118;484410;2;4;2
"1877";2017;76;0,464426;1139769;2;3;2
"1878";2017;77;0,53504;478943;2;4;2
"1879";2017;78;0,499888;741488;2;3;2
"1880";2017;79;0,487377;1040371;2;3;2
"1881";2017;80;0;626238;1;1;1
"1882";2017;81;0,000242;814923;1;1;1
"1883";2017;82;0,231137;735553;1;1;1
"1884";2017;83;0,452015;762163;2;3;2
"1885";2017;84;0,51283;684830;2;4;2
"1886";2017;85;0,26087;1114901;1;1;1
"1887";2017;86;0,499551;1164100;2;3;2
"1888";2017;87;0,524474;522875;2;4;2
"1889";2017;88;0,402905;846572;1;2;1
"1890";2017;89;0,493517;763761;2;3;2
"1891";2017;90;0,497405;892793;2;3;2
"1892";2017;91;0,428055;999919;1;2;1
"1893";2017;92;0,594715;516635;3;5;2
"1894";2017;93;0,51392;590817;2;4;2
"1895";2017;94;0,650614;705807;3;6;2
"1896";2017;95;0,662543;497508;3;6;2
"1897";2017;96;0,600812;561663;3;5;2
"1898";2017;97;0,516137;1061355;2;4;2
"1899";2017;98;0,798253;304392;4;8;2
"1900";2017;99;0,855272;945480;5;9;3
