"";"JAHR";"PLZ2";"GISD_Score";"Bevölkerung";"GISD_5";"GISD_10";"GISD_k"
"1";1998;1;0,75303;1242943;5;9;3
"2";1998;2;0,932116;427271;5;10;3
"3";1998;3;0,835085;294995;5;9;3
"4";1998;4;0,92599;1227112;5;10;3
"5";1998;6;1;1276724;5;10;3
"6";1998;7;0,820899;562704;5;9;3
"7";1998;8;0,853438;577243;5;9;3
"8";1998;9;0,855799;788063;5;9;3
"9";1998;10;0,743968;414467;5;9;3
"10";1998;12;0,742998;1377942;5;9;3
"11";1998;13;0,743925;1173394;5;9;3
"12";1998;14;0,719477;1264837;4;8;2
"13";1998;15;0,794429;627638;5;9;3
"14";1998;16;0,855609;598413;5;9;3
"15";1998;17;0,991271;582175;5;10;3
"16";1998;18;0,920053;603349;5;10;3
"17";1998;19;0,88317;401381;5;10;3
"18";1998;20;0,270408;123873;2;3;2
"19";1998;21;0,368214;1597996;3;5;2
"20";1998;22;0,291985;1103442;2;3;2
"21";1998;23;0,684371;733238;4;8;2
"22";1998;24;0,643528;1095349;4;8;2
"23";1998;25;0,536209;694669;4;7;2
"24";1998;26;0,699454;1174940;4;8;2
"25";1998;27;0,654469;860141;4;8;2
"26";1998;28;0,510679;738878;4;7;2
"27";1998;29;0,707098;522068;4;8;2
"28";1998;30;0,454391;912461;3;6;2
"29";1998;31;0,56353;987374;4;8;2
"30";1998;32;0,387374;885607;3;5;2
"31";1998;33;0,350729;1082569;2;4;2
"32";1998;34;0,482596;771997;3;6;2
"33";1998;35;0,370907;912547;3;5;2
"34";1998;36;0,436735;522085;3;6;2
"35";1998;37;0,645018;433234;4;8;2
"36";1998;38;0,556291;1141969;4;7;2
"37";1998;39;0,971124;783323;5;10;3
"38";1998;40;0,181232;991992;1;1;1
"39";1998;41;0,391929;952282;3;5;2
"40";1998;42;0,39885;878888;3;5;2
"41";1998;44;0,560408;1267494;4;7;2
"42";1998;45;0,506445;1559154;4;7;2
"43";1998;46;0,505685;894580;4;7;2
"44";1998;47;0,562026;1313713;4;7;2
"45";1998;48;0,353766;1189935;3;5;2
"46";1998;49;0,526619;1228129;4;7;2
"47";1998;50;0,300424;1084177;2;4;2
"48";1998;51;0,26978;1079789;2;3;2
"49";1998;52;0,446142;941131;3;6;2
"50";1998;53;0,310639;1265468;2;4;2
"51";1998;54;0,49746;516542;4;7;2
"52";1998;55;0,365957;795458;3;5;2
"53";1998;56;0,505515;849197;4;7;2
"54";1998;57;0,333868;598580;2;4;2
"55";1998;58;0,390381;930406;3;5;2
"56";1998;59;0,447877;1145053;3;6;2
"57";1998;60;0,181561;619157;1;2;1
"58";1998;61;0,05826;451016;1;1;1
"59";1998;63;0,316364;1268561;2;4;2
"60";1998;64;0,212686;792590;1;2;1
"61";1998;65;0,232073;1081648;1;2;1
"62";1998;66;0,605488;1248759;4;8;2
"63";1998;67;0,487502;1033467;3;6;2
"64";1998;68;0,299713;601445;2;4;2
"65";1998;69;0,183489;508949;1;2;1
"66";1998;70;0,066309;821650;1;1;1
"67";1998;71;0,060818;1000158;1;1;1
"68";1998;72;0,196716;1056260;1;2;1
"69";1998;73;0,16093;1006392;1;1;1
"70";1998;74;0,188294;1057532;1;2;1
"71";1998;75;0,252514;484410;2;3;2
"72";1998;76;0,229027;1139769;1;2;1
"73";1998;77;0,268834;478943;2;3;2
"74";1998;78;0,251057;741488;1;2;1
"75";1998;79;0,274828;1040371;2;3;2
"76";1998;80;0,000222;626238;1;1;1
"77";1998;81;0;814923;1;1;1
"78";1998;82;0,052215;735553;1;1;1
"79";1998;83;0,248988;762163;1;2;1
"80";1998;84;0,299477;684830;2;3;2
"81";1998;85;0,067403;1114901;1;1;1
"82";1998;86;0,314118;1164100;2;4;2
"83";1998;87;0,329452;522875;2;4;2
"84";1998;88;0,218749;846572;1;2;1
"85";1998;89;0,252419;763761;2;3;2
"86";1998;90;0,354931;892793;3;5;2
"87";1998;91;0,256625;999919;2;3;2
"88";1998;92;0,40041;516635;3;6;2
"89";1998;93;0,311493;590817;2;4;2
"90";1998;94;0,422431;705807;3;6;2
"91";1998;95;0,476401;497496;3;6;2
"92";1998;96;0,425497;552316;3;6;2
"93";1998;97;0,353351;1061351;2;4;2
"94";1998;98;0,88494;242064;5;10;3
"95";1998;99;0,92925;831356;5;10;3
"96";1999;1;0,753316;1242943;5;9;3
"97";1999;2;0,943686;427271;5;10;3
"98";1999;3;0,812997;294995;5;9;3
"99";1999;4;0,914289;1227112;5;10;3
"100";1999;6;0,985527;1276724;5;10;3
"101";1999;7;0,840316;562704;5;9;3
"102";1999;8;0,920262;577243;5;10;3
"103";1999;9;0,886247;788063;5;9;3
"104";1999;10;0,694241;414467;4;8;2
"105";1999;12;0,694655;1377942;5;9;3
"106";1999;13;0,694275;1173394;5;9;3
"107";1999;14;0,707867;1264837;5;9;3
"108";1999;15;0,803916;627638;5;9;3
"109";1999;16;0,879684;598413;5;9;3
"110";1999;17;1;582175;5;10;3
"111";1999;18;0,931125;603349;5;10;3
"112";1999;19;0,90024;401381;5;10;3
"113";1999;20;0,286653;123873;2;3;2
"114";1999;21;0,372862;1597996;3;5;2
"115";1999;22;0,298412;1103442;2;3;2
"116";1999;23;0,649234;733238;4;8;2
"117";1999;24;0,584065;1095349;4;8;2
"118";1999;25;0,511026;694669;4;7;2
"119";1999;26;0,656883;1174940;4;8;2
"120";1999;27;0,610354;860141;4;8;2
"121";1999;28;0,454147;738878;3;6;2
"122";1999;29;0,651547;522068;4;8;2
"123";1999;30;0,441314;912461;3;6;2
"124";1999;31;0,518517;987374;4;8;2
"125";1999;32;0,36977;885607;3;5;2
"126";1999;33;0,335513;1082569;2;4;2
"127";1999;34;0,454297;771997;3;6;2
"128";1999;35;0,361162;912547;3;5;2
"129";1999;36;0,436885;522085;3;6;2
"130";1999;37;0,614514;433234;4;8;2
"131";1999;38;0,511495;1141969;4;7;2
"132";1999;39;0,976458;783323;5;10;3
"133";1999;40;0,185377;991992;1;1;1
"134";1999;41;0,361849;952282;3;5;2
"135";1999;42;0,367431;878888;3;5;2
"136";1999;44;0,516064;1267494;4;7;2
"137";1999;45;0,471279;1559154;4;7;2
"138";1999;46;0,477107;894580;4;7;2
"139";1999;47;0,516711;1313713;4;7;2
"140";1999;48;0,358622;1189935;3;5;2
"141";1999;49;0,490034;1228129;4;7;2
"142";1999;50;0,287395;1084177;2;3;2
"143";1999;51;0,258597;1079789;2;3;2
"144";1999;52;0,409511;941131;3;6;2
"145";1999;53;0,305314;1265468;2;4;2
"146";1999;54;0,467686;516542;4;7;2
"147";1999;55;0,363255;795458;3;5;2
"148";1999;56;0,487432;849197;4;7;2
"149";1999;57;0,332042;598580;2;4;2
"150";1999;58;0,359032;930406;3;5;2
"151";1999;59;0,43663;1145053;3;6;2
"152";1999;60;0,226457;619157;1;2;1
"153";1999;61;0,12306;451016;1;1;1
"154";1999;63;0,335;1268561;2;4;2
"155";1999;64;0,254578;792590;1;2;1
"156";1999;65;0,259857;1081648;2;3;2
"157";1999;66;0,579263;1248759;4;8;2
"158";1999;67;0,467128;1033467;4;7;2
"159";1999;68;0,320597;601445;2;4;2
"160";1999;69;0,196295;508949;1;2;1
"161";1999;70;0,077782;821650;1;1;1
"162";1999;71;0,096466;1000158;1;1;1
"163";1999;72;0,209971;1056260;1;2;1
"164";1999;73;0,168399;1006392;1;1;1
"165";1999;74;0,207246;1057532;1;2;1
"166";1999;75;0,252783;484410;1;2;1
"167";1999;76;0,242474;1139769;1;2;1
"168";1999;77;0,281117;478943;2;3;2
"169";1999;78;0,258475;741488;1;2;1
"170";1999;79;0,300121;1040371;2;3;2
"171";1999;80;0,000119;626238;1;1;1
"172";1999;81;0;814923;1;1;1
"173";1999;82;0,084274;735553;1;1;1
"174";1999;83;0,280286;762163;2;3;2
"175";1999;84;0,328003;684830;2;4;2
"176";1999;85;0,105307;1114901;1;1;1
"177";1999;86;0,306568;1164100;2;4;2
"178";1999;87;0,333971;522875;2;4;2
"179";1999;88;0,210491;846572;1;2;1
"180";1999;89;0,24714;763761;1;2;1
"181";1999;90;0,349494;892793;3;5;2
"182";1999;91;0,265837;999919;2;3;2
"183";1999;92;0,408355;516635;3;6;2
"184";1999;93;0,329137;590817;2;4;2
"185";1999;94;0,427539;705807;3;6;2
"186";1999;95;0,457745;497496;3;6;2
"187";1999;96;0,429144;552316;3;6;2
"188";1999;97;0,329261;1061351;2;4;2
"189";1999;98;0,874419;242064;5;9;3
"190";1999;99;0,922171;831356;5;10;3
"191";2000;1;0,768293;1242943;5;9;3
"192";2000;2;0,944892;427271;5;10;3
"193";2000;3;0,81221;294995;5;9;3
"194";2000;4;0,899055;1227112;5;10;3
"195";2000;6;1;1276724;5;10;3
"196";2000;7;0,812157;562704;5;9;3
"197";2000;8;0,869177;577243;5;9;3
"198";2000;9;0,869277;788063;5;9;3
"199";2000;10;0,668384;414467;4;8;2
"200";2000;12;0,66827;1377942;4;8;2
"201";2000;13;0,668426;1173394;5;9;3
"202";2000;14;0,697518;1264837;5;9;3
"203";2000;15;0,796788;627638;5;9;3
"204";2000;16;0,864745;598413;5;9;3
"205";2000;17;0,996462;582175;5;10;3
"206";2000;18;0,91166;603349;5;10;3
"207";2000;19;0,893762;401381;5;10;3
"208";2000;20;0,308627;123873;2;3;2
"209";2000;21;0,402049;1597996;3;5;2
"210";2000;22;0,317735;1103442;2;3;2
"211";2000;23;0,659275;733238;4;8;2
"212";2000;24;0,589492;1095349;4;8;2
"213";2000;25;0,515102;694669;4;7;2
"214";2000;26;0,666413;1174940;4;8;2
"215";2000;27;0,612539;860141;4;8;2
"216";2000;28;0,473277;738878;3;6;2
"217";2000;29;0,677525;522068;5;9;3
"218";2000;30;0,444045;912461;3;6;2
"219";2000;31;0,543919;987374;4;7;2
"220";2000;32;0,38347;885607;3;5;2
"221";2000;33;0,346407;1082569;2;4;2
"222";2000;34;0,501951;771997;4;7;2
"223";2000;35;0,373787;912547;3;5;2
"224";2000;36;0,462715;522085;3;6;2
"225";2000;37;0,616107;433234;4;8;2
"226";2000;38;0,545958;1141969;4;8;2
"227";2000;39;0,98981;783323;5;10;3
"228";2000;40;0,207053;991992;1;2;1
"229";2000;41;0,377497;952282;3;5;2
"230";2000;42;0,38357;878888;3;5;2
"231";2000;44;0,5283;1267494;4;7;2
"232";2000;45;0,490997;1559154;4;7;2
"233";2000;46;0,488416;894580;4;7;2
"234";2000;47;0,517395;1313713;4;7;2
"235";2000;48;0,377091;1189935;3;5;2
"236";2000;49;0,511017;1228129;4;7;2
"237";2000;50;0,306441;1084177;2;3;2
"238";2000;51;0,279991;1079789;1;2;1
"239";2000;52;0,426421;941131;3;6;2
"240";2000;53;0,325373;1265468;2;4;2
"241";2000;54;0,492679;516542;4;7;2
"242";2000;55;0,382975;795458;3;5;2
"243";2000;56;0,496478;849197;4;7;2
"244";2000;57;0,350396;598580;2;4;2
"245";2000;58;0,372734;930406;3;5;2
"246";2000;59;0,440393;1145053;3;6;2
"247";2000;60;0,218759;619157;1;2;1
"248";2000;61;0,143617;451016;1;1;1
"249";2000;63;0,368469;1268561;2;4;2
"250";2000;64;0,284227;792590;2;3;2
"251";2000;65;0,266685;1081648;1;2;1
"252";2000;66;0,56988;1248759;4;8;2
"253";2000;67;0,480285;1033467;3;6;2
"254";2000;68;0,331282;601445;2;4;2
"255";2000;69;0,195945;508949;1;1;1
"256";2000;70;0,092382;821650;1;1;1
"257";2000;71;0,089686;1000158;1;1;1
"258";2000;72;0,233855;1056260;1;2;1
"259";2000;73;0,197338;1006392;1;1;1
"260";2000;74;0,232216;1057532;1;2;1
"261";2000;75;0,268427;484410;1;2;1
"262";2000;76;0,266691;1139769;1;2;1
"263";2000;77;0,292603;478943;2;3;2
"264";2000;78;0,282957;741488;2;3;2
"265";2000;79;0,291447;1040371;2;3;2
"266";2000;80;1,2e-05;626238;1;1;1
"267";2000;81;0;814923;1;1;1
"268";2000;82;0,113441;735553;1;1;1
"269";2000;83;0,282584;762163;2;3;2
"270";2000;84;0,328399;684830;2;4;2
"271";2000;85;0,123766;1114901;1;1;1
"272";2000;86;0,343315;1164100;2;4;2
"273";2000;87;0,341088;522875;2;4;2
"274";2000;88;0,250418;846572;1;2;1
"275";2000;89;0,269835;763761;1;2;1
"276";2000;90;0,379641;892793;3;5;2
"277";2000;91;0,290963;999919;2;3;2
"278";2000;92;0,41138;516635;3;6;2
"279";2000;93;0,328589;590817;2;4;2
"280";2000;94;0,438781;705807;3;6;2
"281";2000;95;0,478849;497496;3;6;2
"282";2000;96;0,430732;552316;3;6;2
"283";2000;97;0,338263;1061351;2;4;2
"284";2000;98;0,889755;242064;5;10;3
"285";2000;99;0,908021;831356;5;10;3
"286";2001;1;0,706219;1242943;5;9;3
"287";2001;2;0,86001;427271;5;10;3
"288";2001;3;0,761915;294995;5;9;3
"289";2001;4;0,861107;1227112;5;10;3
"290";2001;6;0,973775;1276724;5;10;3
"291";2001;7;0,772638;562704;5;9;3
"292";2001;8;0,829968;577243;5;9;3
"293";2001;9;0,812176;788063;5;9;3
"294";2001;10;0,552594;414467;4;8;2
"295";2001;12;0,553009;1377942;4;8;2
"296";2001;13;0,552646;1173394;4;8;2
"297";2001;14;0,604156;1264837;5;9;3
"298";2001;15;0,735294;627638;5;9;3
"299";2001;16;0,785601;598413;5;9;3
"300";2001;17;0,956006;582175;5;10;3
"301";2001;18;0,900402;603349;5;10;3
"302";2001;19;0,867689;401381;5;10;3
"303";2001;20;0,249981;123873;2;3;2
"304";2001;21;0,324139;1597996;3;5;2
"305";2001;22;0,247331;1103442;2;3;2
"306";2001;23;0,60947;733238;5;9;3
"307";2001;24;0,51441;1095349;4;8;2
"308";2001;25;0,461033;694669;4;7;2
"309";2001;26;0,596862;1174940;4;8;2
"310";2001;27;0,53509;860141;4;8;2
"311";2001;28;0,39424;738878;3;6;2
"312";2001;29;0,601717;522068;5;9;3
"313";2001;30;0,402719;912461;3;6;2
"314";2001;31;0,472228;987374;4;7;2
"315";2001;32;0,303219;885607;3;5;2
"316";2001;33;0,265805;1082569;2;4;2
"317";2001;34;0,422496;771997;4;7;2
"318";2001;35;0,302075;912547;3;5;2
"319";2001;36;0,395116;522085;3;6;2
"320";2001;37;0,547272;433234;4;8;2
"321";2001;38;0,473146;1141969;4;8;2
"322";2001;39;1;783323;5;10;3
"323";2001;40;0,154128;991992;1;2;1
"324";2001;41;0,318517;952282;3;5;2
"325";2001;42;0,316896;878888;3;5;2
"326";2001;44;0,448951;1267494;4;7;2
"327";2001;45;0,423027;1559154;4;7;2
"328";2001;46;0,417066;894580;4;7;2
"329";2001;47;0,436685;1313713;4;7;2
"330";2001;48;0,29196;1189935;2;4;2
"331";2001;49;0,422924;1228129;4;7;2
"332";2001;50;0,221926;1084177;2;3;2
"333";2001;51;0,188163;1079789;1;2;1
"334";2001;52;0,344936;941131;3;6;2
"335";2001;53;0,209215;1265468;2;3;2
"336";2001;54;0,402477;516542;3;6;2
"337";2001;55;0,269822;795458;2;4;2
"338";2001;56;0,408641;849197;4;7;2
"339";2001;57;0,300917;598580;3;5;2
"340";2001;58;0,317157;930406;3;5;2
"341";2001;59;0,3729;1145053;3;6;2
"342";2001;60;0,154482;619157;1;2;1
"343";2001;61;0,046275;451016;1;1;1
"344";2001;63;0,263685;1268561;2;4;2
"345";2001;64;0,198528;792590;1;2;1
"346";2001;65;0,185672;1081648;1;2;1
"347";2001;66;0,488815;1248759;4;8;2
"348";2001;67;0,404988;1033467;4;7;2
"349";2001;68;0,261702;601445;2;4;2
"350";2001;69;0,122799;508949;1;1;1
"351";2001;70;0,055486;821650;1;1;1
"352";2001;71;0,025067;1000158;1;1;1
"353";2001;72;0,151015;1056260;1;2;1
"354";2001;73;0,122319;1006392;1;1;1
"355";2001;74;0,19539;1057532;1;2;1
"356";2001;75;0,16199;484410;1;2;1
"357";2001;76;0,169546;1139769;1;2;1
"358";2001;77;0,237148;478943;2;3;2
"359";2001;78;0,208294;741488;2;3;2
"360";2001;79;0,234923;1040371;2;3;2
"361";2001;80;0,000153;626238;1;1;1
"362";2001;81;0;814923;1;1;1
"363";2001;82;0,051406;735553;1;1;1
"364";2001;83;0,257331;762163;2;4;2
"365";2001;84;0,294964;684830;2;4;2
"366";2001;85;0,08081;1114901;1;1;1
"367";2001;86;0,26327;1164100;2;4;2
"368";2001;87;0,28212;522875;2;4;2
"369";2001;88;0,176148;846572;1;2;1
"370";2001;89;0,203743;763761;2;3;2
"371";2001;90;0,314731;892793;3;5;2
"372";2001;91;0,210938;999919;2;3;2
"373";2001;92;0,36313;516635;3;6;2
"374";2001;93;0,308115;590817;3;5;2
"375";2001;94;0,372455;705807;3;6;2
"376";2001;95;0,402659;497496;3;6;2
"377";2001;96;0,34278;552316;3;6;2
"378";2001;97;0,279784;1061351;2;4;2
"379";2001;98;0,831699;242064;5;10;3
"380";2001;99;0,852296;831356;5;10;3
"381";2002;1;0,708143;1242943;5;9;3
"382";2002;2;0,875874;427271;5;10;3
"383";2002;3;0,787205;294995;5;9;3
"384";2002;4;0,857463;1227112;5;10;3
"385";2002;6;0,992982;1276724;5;10;3
"386";2002;7;0,760096;562704;5;9;3
"387";2002;8;0,839755;577243;5;10;3
"388";2002;9;0,815523;788063;5;9;3
"389";2002;10;0,589788;414467;4;8;2
"390";2002;12;0,590415;1377942;4;8;2
"391";2002;13;0,589837;1173394;4;8;2
"392";2002;14;0,639776;1264837;5;9;3
"393";2002;15;0,755908;627638;5;9;3
"394";2002;16;0,814702;598413;5;9;3
"395";2002;17;0,960906;582175;5;10;3
"396";2002;18;0,902673;603349;5;10;3
"397";2002;19;0,857178;401381;5;10;3
"398";2002;20;0,293055;123873;2;4;2
"399";2002;21;0,374345;1597996;3;5;2
"400";2002;22;0,290918;1103442;2;3;2
"401";2002;23;0,637537;733238;5;9;3
"402";2002;24;0,546859;1095349;4;8;2
"403";2002;25;0,490675;694669;4;7;2
"404";2002;26;0,636118;1174940;5;9;3
"405";2002;27;0,571464;860141;4;8;2
"406";2002;28;0,420679;738878;3;6;2
"407";2002;29;0,632621;522068;4;8;2
"408";2002;30;0,431332;912461;3;6;2
"409";2002;31;0,499534;987374;4;7;2
"410";2002;32;0,358744;885607;3;5;2
"411";2002;33;0,30163;1082569;2;4;2
"412";2002;34;0,461569;771997;4;7;2
"413";2002;35;0,334225;912547;2;4;2
"414";2002;36;0,403185;522085;3;6;2
"415";2002;37;0,570948;433234;4;8;2
"416";2002;38;0,521037;1141969;4;8;2
"417";2002;39;1;783323;5;10;3
"418";2002;40;0,211195;991992;1;2;1
"419";2002;41;0,373827;952282;3;5;2
"420";2002;42;0,360257;878888;3;5;2
"421";2002;44;0,499362;1267494;4;7;2
"422";2002;45;0,455454;1559154;4;7;2
"423";2002;46;0,474067;894580;4;7;2
"424";2002;47;0,494396;1313713;4;7;2
"425";2002;48;0,357527;1189935;3;5;2
"426";2002;49;0,486442;1228129;4;7;2
"427";2002;50;0,291204;1084177;2;3;2
"428";2002;51;0,263214;1079789;2;3;2
"429";2002;52;0,398845;941131;3;6;2
"430";2002;53;0,289953;1265468;2;3;2
"431";2002;54;0,462209;516542;4;7;2
"432";2002;55;0,323287;795458;2;4;2
"433";2002;56;0,463116;849197;4;7;2
"434";2002;57;0,359658;598580;3;5;2
"435";2002;58;0,367552;930406;3;5;2
"436";2002;59;0,436548;1145053;3;6;2
"437";2002;60;0,19173;619157;1;2;1
"438";2002;61;0,126023;451016;1;1;1
"439";2002;63;0,313601;1268561;2;4;2
"440";2002;64;0,242477;792590;1;2;1
"441";2002;65;0,236243;1081648;1;2;1
"442";2002;66;0,508237;1248759;4;8;2
"443";2002;67;0,434746;1033467;3;6;2
"444";2002;68;0,282889;601445;2;3;2
"445";2002;69;0,175317;508949;1;1;1
"446";2002;70;0,106084;821650;1;1;1
"447";2002;71;0,10243;1000158;1;1;1
"448";2002;72;0,217523;1056260;1;2;1
"449";2002;73;0,176886;1006392;1;1;1
"450";2002;74;0,246113;1057532;1;2;1
"451";2002;75;0,249076;484410;1;2;1
"452";2002;76;0,241446;1139769;1;2;1
"453";2002;77;0,282441;478943;2;3;2
"454";2002;78;0,274865;741488;2;3;2
"455";2002;79;0,289188;1040371;2;3;2
"456";2002;80;2e-06;626238;1;1;1
"457";2002;81;0;814923;1;1;1
"458";2002;82;0,105355;735553;1;1;1
"459";2002;83;0,297548;762163;2;4;2
"460";2002;84;0,34844;684830;3;5;2
"461";2002;85;0,132119;1114901;1;1;1
"462";2002;86;0,313716;1164100;2;4;2
"463";2002;87;0,316979;522875;2;4;2
"464";2002;88;0,242685;846572;1;2;1
"465";2002;89;0,249541;763761;1;2;1
"466";2002;90;0,342553;892793;3;5;2
"467";2002;91;0,264763;999919;2;3;2
"468";2002;92;0,391212;516635;3;6;2
"469";2002;93;0,333891;590817;2;4;2
"470";2002;94;0,439255;705807;3;6;2
"471";2002;95;0,437741;497496;3;6;2
"472";2002;96;0,404593;552316;3;6;2
"473";2002;97;0,331194;1061351;2;4;2
"474";2002;98;0,809229;242064;5;9;3
"475";2002;99;0,854804;831356;5;10;3
"476";2003;1;0,692518;1242943;5;9;3
"477";2003;2;0,858858;427271;5;10;3
"478";2003;3;0,788435;294995;5;9;3
"479";2003;4;0,837179;1227112;5;10;3
"480";2003;6;1;1276724;5;10;3
"481";2003;7;0,713581;562704;5;9;3
"482";2003;8;0,822468;577243;5;10;3
"483";2003;9;0,793859;788063;5;9;3
"484";2003;10;0,604224;414467;4;8;2
"485";2003;12;0,604178;1377942;4;8;2
"486";2003;13;0,604232;1173394;4;8;2
"487";2003;14;0,638362;1264837;5;9;3
"488";2003;15;0,749745;627638;5;9;3
"489";2003;16;0,806063;598413;5;10;3
"490";2003;17;0,939329;582175;5;10;3
"491";2003;18;0,892279;603349;5;10;3
"492";2003;19;0,864426;401381;5;10;3
"493";2003;20;0,262064;123873;2;3;2
"494";2003;21;0,34228;1597996;3;5;2
"495";2003;22;0,260598;1103442;2;3;2
"496";2003;23;0,607897;733238;4;8;2
"497";2003;24;0,54089;1095349;4;8;2
"498";2003;25;0,461358;694669;4;7;2
"499";2003;26;0,640152;1174940;5;9;3
"500";2003;27;0,584288;860141;4;8;2
"501";2003;28;0,419739;738878;3;6;2
"502";2003;29;0,657311;522068;5;9;3
"503";2003;30;0,440838;912461;4;7;2
"504";2003;31;0,526922;987374;4;8;2
"505";2003;32;0,339713;885607;3;5;2
"506";2003;33;0,298645;1082569;2;4;2
"507";2003;34;0,467032;771997;4;7;2
"508";2003;35;0,352717;912547;3;5;2
"509";2003;36;0,402937;522085;3;6;2
"510";2003;37;0,579313;433234;4;8;2
"511";2003;38;0,526706;1141969;4;8;2
"512";2003;39;0,973783;783323;5;10;3
"513";2003;40;0,192899;991992;1;2;1
"514";2003;41;0,362545;952282;3;5;2
"515";2003;42;0,354701;878888;3;5;2
"516";2003;44;0,49305;1267494;4;7;2
"517";2003;45;0,453011;1559154;4;7;2
"518";2003;46;0,468125;894580;4;7;2
"519";2003;47;0,484886;1313713;4;7;2
"520";2003;48;0,346418;1189935;3;5;2
"521";2003;49;0,489844;1228129;4;7;2
"522";2003;50;0,275421;1084177;2;3;2
"523";2003;51;0,256573;1079789;2;3;2
"524";2003;52;0,393721;941131;3;6;2
"525";2003;53;0,285943;1265468;2;4;2
"526";2003;54;0,434835;516542;3;6;2
"527";2003;55;0,314621;795458;2;4;2
"528";2003;56;0,45172;849197;4;7;2
"529";2003;57;0,340451;598580;3;5;2
"530";2003;58;0,362216;930406;3;5;2
"531";2003;59;0,427385;1145053;3;6;2
"532";2003;60;0,197151;619157;1;2;1
"533";2003;61;0,112763;451016;1;1;1
"534";2003;63;0,309399;1268561;2;4;2
"535";2003;64;0,227358;792590;1;2;1
"536";2003;65;0,229876;1081648;1;2;1
"537";2003;66;0,498917;1248759;4;7;2
"538";2003;67;0,436362;1033467;3;6;2
"539";2003;68;0,26836;601445;2;3;2
"540";2003;69;0,158199;508949;1;1;1
"541";2003;70;0,058207;821650;1;1;1
"542";2003;71;0,074366;1000158;1;1;1
"543";2003;72;0,198469;1056260;1;2;1
"544";2003;73;0,161402;1006392;1;1;1
"545";2003;74;0,22029;1057532;1;2;1
"546";2003;75;0,241744;484410;1;2;1
"547";2003;76;0,226013;1139769;1;2;1
"548";2003;77;0,25423;478943;2;3;2
"549";2003;78;0,253172;741488;2;3;2
"550";2003;79;0,277182;1040371;2;4;2
"551";2003;80;8,6e-05;626238;1;1;1
"552";2003;81;0;814923;1;1;1
"553";2003;82;0,079753;735553;1;1;1
"554";2003;83;0,269014;762163;2;3;2
"555";2003;84;0,310211;684830;2;4;2
"556";2003;85;0,099828;1114901;1;1;1
"557";2003;86;0,290087;1164100;2;4;2
"558";2003;87;0,309403;522875;2;4;2
"559";2003;88;0,22277;846572;1;2;1
"560";2003;89;0,21384;763761;1;2;1
"561";2003;90;0,331418;892793;2;4;2
"562";2003;91;0,260345;999919;2;3;2
"563";2003;92;0,384484;516635;3;6;2
"564";2003;93;0,301512;590817;2;4;2
"565";2003;94;0,404997;705807;3;6;2
"566";2003;95;0,428739;497496;3;6;2
"567";2003;96;0,373287;552316;3;6;2
"568";2003;97;0,333205;1061351;3;5;2
"569";2003;98;0,742925;242064;5;9;3
"570";2003;99;0,780668;831356;5;9;3
"571";2004;1;0,686671;1242943;5;9;3
"572";2004;2;0,878391;427271;5;10;3
"573";2004;3;0,814495;294995;5;9;3
"574";2004;4;0,854749;1227112;5;10;3
"575";2004;6;1;1276724;5;10;3
"576";2004;7;0,739566;562704;5;9;3
"577";2004;8;0,805578;577243;5;9;3
"578";2004;9;0,794106;788063;5;9;3
"579";2004;10;0,599473;414467;4;8;2
"580";2004;12;0,599739;1377942;4;8;2
"581";2004;13;0,599501;1173394;4;8;2
"582";2004;14;0,655511;1264837;5;9;3
"583";2004;15;0,77065;627638;5;9;3
"584";2004;16;0,826827;598413;5;10;3
"585";2004;17;0,951217;582175;5;10;3
"586";2004;18;0,89347;603349;5;10;3
"587";2004;19;0,867694;401381;5;10;3
"588";2004;20;0,283731;123873;2;3;2
"589";2004;21;0,354518;1597996;3;5;2
"590";2004;22;0,283398;1103442;2;3;2
"591";2004;23;0,621466;733238;5;9;3
"592";2004;24;0,566755;1095349;4;8;2
"593";2004;25;0,501838;694669;4;7;2
"594";2004;26;0,620468;1174940;4;8;2
"595";2004;27;0,565023;860141;4;8;2
"596";2004;28;0,454409;738878;4;7;2
"597";2004;29;0,648965;522068;5;9;3
"598";2004;30;0,398479;912461;3;6;2
"599";2004;31;0,492136;987374;4;7;2
"600";2004;32;0,351018;885607;3;5;2
"601";2004;33;0,304849;1082569;2;4;2
"602";2004;34;0,46984;771997;4;7;2
"603";2004;35;0,34365;912547;3;5;2
"604";2004;36;0,420836;522085;3;6;2
"605";2004;37;0,566455;433234;4;8;2
"606";2004;38;0,485867;1141969;4;7;2
"607";2004;39;0,96747;783323;5;10;3
"608";2004;40;0,183768;991992;1;2;1
"609";2004;41;0,37514;952282;3;6;2
"610";2004;42;0,375057;878888;3;5;2
"611";2004;44;0,527724;1267494;4;8;2
"612";2004;45;0,492156;1559154;4;7;2
"613";2004;46;0,497311;894580;4;7;2
"614";2004;47;0,498437;1313713;4;7;2
"615";2004;48;0,362334;1189935;3;5;2
"616";2004;49;0,453076;1228129;4;7;2
"617";2004;50;0,281205;1084177;2;3;2
"618";2004;51;0,257808;1079789;2;3;2
"619";2004;52;0,406648;941131;3;6;2
"620";2004;53;0,297991;1265468;2;4;2
"621";2004;54;0,45516;516542;4;7;2
"622";2004;55;0,292868;795458;2;4;2
"623";2004;56;0,443631;849197;3;6;2
"624";2004;57;0,339533;598580;3;5;2
"625";2004;58;0,384951;930406;3;6;2
"626";2004;59;0,450175;1145053;3;6;2
"627";2004;60;0,19349;619157;1;2;1
"628";2004;61;0,096123;451016;1;1;1
"629";2004;63;0,325371;1268561;2;4;2
"630";2004;64;0,229004;792590;1;2;1
"631";2004;65;0,23848;1081648;1;2;1
"632";2004;66;0,508765;1248759;4;8;2
"633";2004;67;0,427182;1033467;3;6;2
"634";2004;68;0,282215;601445;2;3;2
"635";2004;69;0,168207;508949;1;1;1
"636";2004;70;0,062235;821650;1;1;1
"637";2004;71;0,073232;1000158;1;1;1
"638";2004;72;0,204268;1056260;1;2;1
"639";2004;73;0,162532;1006392;1;1;1
"640";2004;74;0,226045;1057532;1;2;1
"641";2004;75;0,244107;484410;1;2;1
"642";2004;76;0,226229;1139769;1;2;1
"643";2004;77;0,24937;478943;2;3;2
"644";2004;78;0,261319;741488;2;3;2
"645";2004;79;0,298283;1040371;2;4;2
"646";2004;80;0;626238;1;1;1
"647";2004;81;2,6e-05;814923;1;1;1
"648";2004;82;0,105362;735553;1;1;1
"649";2004;83;0,276569;762163;2;3;2
"650";2004;84;0,319788;684830;2;4;2
"651";2004;85;0,12781;1114901;1;1;1
"652";2004;86;0,290593;1164100;2;4;2
"653";2004;87;0,297659;522875;2;4;2
"654";2004;88;0,235076;846572;1;2;1
"655";2004;89;0,231367;763761;1;2;1
"656";2004;90;0,342128;892793;3;5;2
"657";2004;91;0,2531;999919;2;3;2
"658";2004;92;0,361531;516635;3;5;2
"659";2004;93;0,311611;590817;2;4;2
"660";2004;94;0,396375;705807;3;6;2
"661";2004;95;0,415477;497496;3;6;2
"662";2004;96;0,364589;552316;3;5;2
"663";2004;97;0,311571;1061351;2;4;2
"664";2004;98;0,783415;242064;5;9;3
"665";2004;99;0,832462;831356;5;10;3
"666";2005;1;0,71431;1242943;5;9;3
"667";2005;2;0,88782;427271;5;10;3
"668";2005;3;0,877263;294995;5;10;3
"669";2005;4;0,862744;1227112;5;10;3
"670";2005;6;0,982929;1276724;5;10;3
"671";2005;7;0,765997;562704;5;9;3
"672";2005;8;0,826562;577243;5;9;3
"673";2005;9;0,817466;788063;5;9;3
"674";2005;10;0,626595;414467;4;8;2
"675";2005;12;0,62698;1377942;4;8;2
"676";2005;13;0,626629;1173394;4;8;2
"677";2005;14;0,683384;1264837;5;9;3
"678";2005;15;0,826328;627638;5;9;3
"679";2005;16;0,857268;598413;5;10;3
"680";2005;17;1;582175;5;10;3
"681";2005;18;0,941585;603349;5;10;3
"682";2005;19;0,925963;401381;5;10;3
"683";2005;20;0,29544;123873;2;3;2
"684";2005;21;0,381831;1597996;3;6;2
"685";2005;22;0,296446;1103442;2;3;2
"686";2005;23;0,656385;733238;4;8;2
"687";2005;24;0,590544;1095349;4;8;2
"688";2005;25;0,518435;694669;4;7;2
"689";2005;26;0,680416;1174940;5;9;3
"690";2005;27;0,60191;860141;4;8;2
"691";2005;28;0,449399;738878;3;6;2
"692";2005;29;0,691701;522068;5;9;3
"693";2005;30;0,43254;912461;3;6;2
"694";2005;31;0,534459;987374;4;8;2
"695";2005;32;0,374936;885607;3;5;2
"696";2005;33;0,31588;1082569;2;4;2
"697";2005;34;0,460596;771997;3;6;2
"698";2005;35;0,339997;912547;3;5;2
"699";2005;36;0,408046;522085;3;6;2
"700";2005;37;0,591058;433234;4;8;2
"701";2005;38;0,530083;1141969;4;8;2
"702";2005;39;0,973347;783323;5;10;3
"703";2005;40;0,211778;991992;1;2;1
"704";2005;41;0,387061;952282;3;6;2
"705";2005;42;0,371448;878888;3;5;2
"706";2005;44;0,513338;1267494;4;7;2
"707";2005;45;0,486209;1559154;4;7;2
"708";2005;46;0,498953;894580;4;7;2
"709";2005;47;0,526808;1313713;4;7;2
"710";2005;48;0,373328;1189935;3;5;2
"711";2005;49;0,497918;1228129;4;7;2
"712";2005;50;0,313858;1084177;2;4;2
"713";2005;51;0,282453;1079789;2;3;2
"714";2005;52;0,442739;941131;3;6;2
"715";2005;53;0,315584;1265468;2;4;2
"716";2005;54;0,477452;516542;4;7;2
"717";2005;55;0,304942;795458;2;4;2
"718";2005;56;0,464436;849197;4;7;2
"719";2005;57;0,369111;598580;3;5;2
"720";2005;58;0,37253;930406;3;5;2
"721";2005;59;0,461678;1145053;4;7;2
"722";2005;60;0,193942;619157;1;2;1
"723";2005;61;0,108316;451016;1;1;1
"724";2005;63;0,319611;1268561;2;4;2
"725";2005;64;0,238364;792590;1;2;1
"726";2005;65;0,22741;1081648;1;2;1
"727";2005;66;0,508211;1248759;4;7;2
"728";2005;67;0,413259;1033467;3;6;2
"729";2005;68;0,281136;601445;2;3;2
"730";2005;69;0,182101;508949;1;1;1
"731";2005;70;0,029021;821650;1;1;1
"732";2005;71;0,064574;1000158;1;1;1
"733";2005;72;0,20763;1056260;1;2;1
"734";2005;73;0,164497;1006392;1;1;1
"735";2005;74;0,225479;1057532;1;2;1
"736";2005;75;0,250098;484410;2;3;2
"737";2005;76;0,219347;1139769;1;2;1
"738";2005;77;0,249484;478943;2;3;2
"739";2005;78;0,260786;741488;2;3;2
"740";2005;79;0,301438;1040371;2;4;2
"741";2005;80;5,8e-05;626238;1;1;1
"742";2005;81;0;814923;1;1;1
"743";2005;82;0,084385;735553;1;1;1
"744";2005;83;0,279225;762163;2;3;2
"745";2005;84;0,314565;684830;2;4;2
"746";2005;85;0,111299;1114901;1;1;1
"747";2005;86;0,303138;1164100;2;4;2
"748";2005;87;0,320816;522875;2;4;2
"749";2005;88;0,243475;846572;1;2;1
"750";2005;89;0,230187;763761;1;2;1
"751";2005;90;0,335216;892793;3;5;2
"752";2005;91;0,246759;999919;1;2;1
"753";2005;92;0,365425;516635;3;5;2
"754";2005;93;0,296757;590817;2;3;2
"755";2005;94;0,398543;705807;3;6;2
"756";2005;95;0,413836;497496;3;6;2
"757";2005;96;0,378368;552316;3;5;2
"758";2005;97;0,314153;1061351;2;4;2
"759";2005;98;0,818961;242064;5;9;3
"760";2005;99;0,844971;831356;5;9;3
"761";2006;1;0,701593;1242943;5;9;3
"762";2006;2;0,868166;427271;5;10;3
"763";2006;3;0,866864;294995;5;10;3
"764";2006;4;0,852977;1227112;5;10;3
"765";2006;6;0,961034;1276724;5;10;3
"766";2006;7;0,736047;562704;5;9;3
"767";2006;8;0,790559;577243;5;9;3
"768";2006;9;0,770419;788063;5;9;3
"769";2006;10;0,634102;414467;4;8;2
"770";2006;12;0,634385;1377942;4;8;2
"771";2006;13;0,634121;1173394;4;8;2
"772";2006;14;0,69187;1264837;5;9;3
"773";2006;15;0,816779;627638;5;9;3
"774";2006;16;0,858405;598413;5;10;3
"775";2006;17;1;582175;5;10;3
"776";2006;18;0,959482;603349;5;10;3
"777";2006;19;0,933836;401381;5;10;3
"778";2006;20;0,308802;123873;2;4;2
"779";2006;21;0,38031;1597996;3;5;2
"780";2006;22;0,312427;1103442;2;4;2
"781";2006;23;0,672228;733238;5;9;3
"782";2006;24;0,603917;1095349;4;8;2
"783";2006;25;0,510525;694669;4;7;2
"784";2006;26;0,67405;1174940;5;9;3
"785";2006;27;0,585153;860141;4;8;2
"786";2006;28;0,425741;738878;3;6;2
"787";2006;29;0,669343;522068;4;8;2
"788";2006;30;0,426944;912461;3;6;2
"789";2006;31;0,519089;987374;4;7;2
"790";2006;32;0,37231;885607;3;5;2
"791";2006;33;0,320009;1082569;2;4;2
"792";2006;34;0,465214;771997;4;7;2
"793";2006;35;0,346486;912547;3;5;2
"794";2006;36;0,403067;522085;3;6;2
"795";2006;37;0,589833;433234;4;8;2
"796";2006;38;0,519585;1141969;4;7;2
"797";2006;39;0,937739;783323;5;10;3
"798";2006;40;0,204604;991992;1;2;1
"799";2006;41;0,396779;952282;3;6;2
"800";2006;42;0,395378;878888;3;6;2
"801";2006;44;0,544862;1267494;4;8;2
"802";2006;45;0,497746;1559154;4;7;2
"803";2006;46;0,520666;894580;4;7;2
"804";2006;47;0,547546;1313713;4;8;2
"805";2006;48;0,38409;1189935;3;5;2
"806";2006;49;0,494361;1228129;4;7;2
"807";2006;50;0,32527;1084177;2;4;2
"808";2006;51;0,285196;1079789;2;3;2
"809";2006;52;0,44677;941131;3;6;2
"810";2006;53;0,325359;1265468;2;4;2
"811";2006;54;0,470975;516542;4;7;2
"812";2006;55;0,314889;795458;2;4;2
"813";2006;56;0,459539;849197;3;6;2
"814";2006;57;0,348379;598580;3;5;2
"815";2006;58;0,395383;930406;3;6;2
"816";2006;59;0,478857;1145053;4;7;2
"817";2006;60;0,193357;619157;1;2;1
"818";2006;61;0,069917;451016;1;1;1
"819";2006;63;0,310565;1268561;2;4;2
"820";2006;64;0,223495;792590;1;2;1
"821";2006;65;0,217255;1081648;1;2;1
"822";2006;66;0,522909;1248759;4;7;2
"823";2006;67;0,433273;1033467;3;6;2
"824";2006;68;0,265921;601445;2;3;2
"825";2006;69;0,143103;508949;1;1;1
"826";2006;70;0,025907;821650;1;1;1
"827";2006;71;0,051184;1000158;1;1;1
"828";2006;72;0,19576;1056260;1;2;1
"829";2006;73;0,149169;1006392;1;1;1
"830";2006;74;0,205535;1057532;1;2;1
"831";2006;75;0,228901;484410;1;2;1
"832";2006;76;0,215016;1139769;1;2;1
"833";2006;77;0,24537;478943;2;3;2
"834";2006;78;0,24331;741488;2;3;2
"835";2006;79;0,288334;1040371;2;3;2
"836";2006;80;8e-05;626238;1;1;1
"837";2006;81;0;814923;1;1;1
"838";2006;82;0,07548;735553;1;1;1
"839";2006;83;0,246286;762163;2;3;2
"840";2006;84;0,288143;684830;2;3;2
"841";2006;85;0,091143;1114901;1;1;1
"842";2006;86;0,289967;1164100;2;4;2
"843";2006;87;0,303036;522875;2;4;2
"844";2006;88;0,230215;846572;2;3;2
"845";2006;89;0,212884;763761;1;2;1
"846";2006;90;0,337799;892793;3;5;2
"847";2006;91;0,228951;999919;1;2;1
"848";2006;92;0,349792;516635;3;5;2
"849";2006;93;0,280945;590817;2;3;2
"850";2006;94;0,395021;705807;3;5;2
"851";2006;95;0,410779;497496;3;6;2
"852";2006;96;0,375724;552316;3;5;2
"853";2006;97;0,312359;1061351;2;4;2
"854";2006;98;0,81561;242064;5;9;3
"855";2006;99;0,841118;831356;5;9;3
"856";2007;1;0,696948;1242943;5;9;3
"857";2007;2;0,877035;427271;5;10;3
"858";2007;3;0,871704;294995;5;10;3
"859";2007;4;0,862451;1227112;5;10;3
"860";2007;6;0,949904;1276724;5;10;3
"861";2007;7;0,732683;562704;5;9;3
"862";2007;8;0,793728;577243;5;9;3
"863";2007;9;0,774522;788063;5;9;3
"864";2007;10;0,678365;414467;5;9;3
"865";2007;12;0,678296;1377942;4;8;2
"866";2007;13;0,678353;1173394;5;9;3
"867";2007;14;0,706748;1264837;5;9;3
"868";2007;15;0,823599;627638;5;9;3
"869";2007;16;0,864583;598413;5;10;3
"870";2007;17;1;582175;5;10;3
"871";2007;18;0,929164;603349;5;10;3
"872";2007;19;0,945309;401381;5;10;3
"873";2007;20;0,319787;123873;2;4;2
"874";2007;21;0,39823;1597996;3;5;2
"875";2007;22;0,317967;1103442;2;4;2
"876";2007;23;0,660169;733238;4;8;2
"877";2007;24;0,619879;1095349;4;8;2
"878";2007;25;0,530587;694669;4;7;2
"879";2007;26;0,666649;1174940;4;8;2
"880";2007;27;0,610846;860141;4;8;2
"881";2007;28;0,460478;738878;3;6;2
"882";2007;29;0,662626;522068;4;8;2
"883";2007;30;0,4579;912461;3;6;2
"884";2007;31;0,538195;987374;4;7;2
"885";2007;32;0,404217;885607;3;6;2
"886";2007;33;0,346548;1082569;2;4;2
"887";2007;34;0,490431;771997;4;7;2
"888";2007;35;0,367328;912547;3;5;2
"889";2007;36;0,412782;522085;3;6;2
"890";2007;37;0,598334;433234;4;8;2
"891";2007;38;0,510098;1141969;4;7;2
"892";2007;39;0,925347;783323;5;10;3
"893";2007;40;0,253506;991992;2;3;2
"894";2007;41;0,443877;952282;3;6;2
"895";2007;42;0,438584;878888;3;6;2
"896";2007;44;0,581384;1267494;4;8;2
"897";2007;45;0,548032;1559154;4;7;2
"898";2007;46;0,538959;894580;4;7;2
"899";2007;47;0,582973;1313713;4;8;2
"900";2007;48;0,400166;1189935;3;5;2
"901";2007;49;0,51457;1228129;4;7;2
"902";2007;50;0,374658;1084177;3;5;2
"903";2007;51;0,319456;1079789;2;4;2
"904";2007;52;0,480425;941131;3;6;2
"905";2007;53;0,353157;1265468;3;5;2
"906";2007;54;0,499069;516542;4;7;2
"907";2007;55;0,339672;795458;2;4;2
"908";2007;56;0,479762;849197;3;6;2
"909";2007;57;0,370643;598580;3;5;2
"910";2007;58;0,403006;930406;3;5;2
"911";2007;59;0,487347;1145053;4;7;2
"912";2007;60;0,221165;619157;1;2;1
"913";2007;61;0,082684;451016;1;1;1
"914";2007;63;0,331451;1268561;2;4;2
"915";2007;64;0,240461;792590;1;2;1
"916";2007;65;0,240576;1081648;1;2;1
"917";2007;66;0,54074;1248759;4;7;2
"918";2007;67;0,456604;1033467;3;6;2
"919";2007;68;0,290768;601445;2;3;2
"920";2007;69;0,157656;508949;1;1;1
"921";2007;70;0,007785;821650;1;1;1
"922";2007;71;0,058922;1000158;1;1;1
"923";2007;72;0,193534;1056260;1;2;1
"924";2007;73;0,150464;1006392;1;1;1
"925";2007;74;0,200736;1057532;1;2;1
"926";2007;75;0,227392;484410;1;2;1
"927";2007;76;0,219078;1139769;1;2;1
"928";2007;77;0,246779;478943;2;3;2
"929";2007;78;0,254365;741488;2;3;2
"930";2007;79;0,312091;1040371;2;4;2
"931";2007;80;5,1e-05;626238;1;1;1
"932";2007;81;0;814923;1;1;1
"933";2007;82;0,093653;735553;1;1;1
"934";2007;83;0,249365;762163;2;3;2
"935";2007;84;0,28838;684830;2;3;2
"936";2007;85;0,112935;1114901;1;1;1
"937";2007;86;0,296932;1164100;2;3;2
"938";2007;87;0,287815;522875;2;3;2
"939";2007;88;0,238134;846572;1;2;1
"940";2007;89;0,2165;763761;1;2;1
"941";2007;90;0,338024;892793;2;4;2
"942";2007;91;0,234408;999919;1;2;1
"943";2007;92;0,341846;516635;2;4;2
"944";2007;93;0,279421;590817;2;3;2
"945";2007;94;0,378702;705807;3;5;2
"946";2007;95;0,417463;497496;3;6;2
"947";2007;96;0,357134;552316;3;5;2
"948";2007;97;0,314878;1061351;2;4;2
"949";2007;98;0,770222;242064;5;9;3
"950";2007;99;0,827455;831356;5;9;3
"951";2008;1;0,685502;1242943;5;9;3
"952";2008;2;0,868888;427271;5;10;3
"953";2008;3;0,85034;294995;5;10;3
"954";2008;4;0,835871;1227112;5;10;3
"955";2008;6;0,952597;1276724;5;10;3
"956";2008;7;0,736685;562704;5;9;3
"957";2008;8;0,766161;577243;5;9;3
"958";2008;9;0,76496;788063;5;9;3
"959";2008;10;0,672644;414467;5;9;3
"960";2008;12;0,672524;1377942;4;8;2
"961";2008;13;0,672641;1173394;4;8;2
"962";2008;14;0,687889;1264837;5;9;3
"963";2008;15;0,791253;627638;5;9;3
"964";2008;16;0,836965;598413;5;10;3
"965";2008;17;1;582175;5;10;3
"966";2008;18;0,923911;603349;5;10;3
"967";2008;19;0,907208;401381;5;10;3
"968";2008;20;0,304966;123873;2;3;2
"969";2008;21;0,404996;1597996;3;5;2
"970";2008;22;0,317296;1103442;2;3;2
"971";2008;23;0,670549;733238;4;8;2
"972";2008;24;0,629143;1095349;4;8;2
"973";2008;25;0,546798;694669;4;7;2
"974";2008;26;0,700272;1174940;5;9;3
"975";2008;27;0,615655;860141;4;8;2
"976";2008;28;0,454848;738878;3;6;2
"977";2008;29;0,654068;522068;4;8;2
"978";2008;30;0,482237;912461;3;6;2
"979";2008;31;0,552066;987374;4;7;2
"980";2008;32;0,416237;885607;3;5;2
"981";2008;33;0,372652;1082569;2;4;2
"982";2008;34;0,468508;771997;3;6;2
"983";2008;35;0,383053;912547;3;5;2
"984";2008;36;0,425901;522085;3;5;2
"985";2008;37;0,608683;433234;4;8;2
"986";2008;38;0,53428;1141969;4;7;2
"987";2008;39;0,918497;783323;5;10;3
"988";2008;40;0,268618;991992;1;2;1
"989";2008;41;0,465531;952282;3;6;2
"990";2008;42;0,466217;878888;3;6;2
"991";2008;44;0,597436;1267494;4;8;2
"992";2008;45;0,568348;1559154;4;7;2
"993";2008;46;0,574907;894580;4;7;2
"994";2008;47;0,600784;1313713;4;8;2
"995";2008;48;0,417745;1189935;3;5;2
"996";2008;49;0,525832;1228129;4;7;2
"997";2008;50;0,368601;1084177;2;4;2
"998";2008;51;0,334527;1079789;2;4;2
"999";2008;52;0,495539;941131;3;6;2
"1000";2008;53;0,399837;1265468;3;5;2
"1001";2008;54;0,525272;516542;4;7;2
"1002";2008;55;0,359209;795458;2;4;2
"1003";2008;56;0,503748;849197;4;7;2
"1004";2008;57;0,377961;598580;3;5;2
"1005";2008;58;0,444876;930406;3;6;2
"1006";2008;59;0,503346;1145053;4;7;2
"1007";2008;60;0,178157;619157;1;1;1
"1008";2008;61;0,143269;451016;1;1;1
"1009";2008;63;0,339192;1268561;2;4;2
"1010";2008;64;0,283319;792590;2;3;2
"1011";2008;65;0,253678;1081648;1;2;1
"1012";2008;66;0,552682;1248759;4;7;2
"1013";2008;67;0,47883;1033467;3;6;2
"1014";2008;68;0,304019;601445;2;3;2
"1015";2008;69;0,184551;508949;1;1;1
"1016";2008;70;0,063365;821650;1;1;1
"1017";2008;71;0,104864;1000158;1;1;1
"1018";2008;72;0,229305;1056260;1;2;1
"1019";2008;73;0,191334;1006392;1;2;1
"1020";2008;74;0,228127;1057532;1;2;1
"1021";2008;75;0,288953;484410;2;3;2
"1022";2008;76;0,250156;1139769;1;2;1
"1023";2008;77;0,28848;478943;2;3;2
"1024";2008;78;0,273542;741488;1;2;1
"1025";2008;79;0,322435;1040371;2;4;2
"1026";2008;80;0,000102;626238;1;1;1
"1027";2008;81;0;814923;1;1;1
"1028";2008;82;0,105085;735553;1;1;1
"1029";2008;83;0,291993;762163;2;3;2
"1030";2008;84;0,321859;684830;2;4;2
"1031";2008;85;0,119608;1114901;1;1;1
"1032";2008;86;0,313312;1164100;2;3;2
"1033";2008;87;0,335321;522875;2;4;2
"1034";2008;88;0,248489;846572;1;2;1
"1035";2008;89;0,25073;763761;1;2;1
"1036";2008;90;0,353078;892793;2;4;2
"1037";2008;91;0,266469;999919;1;2;1
"1038";2008;92;0,399495;516635;3;5;2
"1039";2008;93;0,306286;590817;2;3;2
"1040";2008;94;0,448524;705807;3;6;2
"1041";2008;95;0,450762;497496;3;6;2
"1042";2008;96;0,398603;552316;3;5;2
"1043";2008;97;0,355648;1061351;2;4;2
"1044";2008;98;0,763889;242064;5;9;3
"1045";2008;99;0,790248;831356;5;9;3
"1046";2009;1;0,668225;1242943;5;9;3
"1047";2009;2;0,850898;427271;5;10;3
"1048";2009;3;0,787189;294995;5;10;3
"1049";2009;4;0,799631;1227112;5;10;3
"1050";2009;6;0,919932;1276724;5;10;3
"1051";2009;7;0,731446;562704;5;9;3
"1052";2009;8;0,763154;577243;5;9;3
"1053";2009;9;0,741968;788063;5;9;3
"1054";2009;10;0,623916;414467;4;8;2
"1055";2009;12;0,623739;1377942;4;8;2
"1056";2009;13;0,623917;1173394;4;8;2
"1057";2009;14;0,639;1264837;4;8;2
"1058";2009;15;0,740074;627638;5;9;3
"1059";2009;16;0,780617;598413;5;10;3
"1060";2009;17;1;582175;5;10;3
"1061";2009;18;0,912911;603349;5;10;3
"1062";2009;19;0,884283;401381;5;10;3
"1063";2009;20;0,28415;123873;2;3;2
"1064";2009;21;0,373213;1597996;2;4;2
"1065";2009;22;0,292542;1103442;2;3;2
"1066";2009;23;0,643196;733238;5;9;3
"1067";2009;24;0,589934;1095349;4;8;2
"1068";2009;25;0,506769;694669;4;7;2
"1069";2009;26;0,666466;1174940;5;9;3
"1070";2009;27;0,610421;860141;4;8;2
"1071";2009;28;0,448124;738878;3;6;2
"1072";2009;29;0,650964;522068;5;9;3
"1073";2009;30;0,430351;912461;3;5;2
"1074";2009;31;0,519469;987374;4;7;2
"1075";2009;32;0,445345;885607;3;6;2
"1076";2009;33;0,389856;1082569;3;5;2
"1077";2009;34;0,483575;771997;4;7;2
"1078";2009;35;0,37339;912547;3;5;2
"1079";2009;36;0,433324;522085;3;5;2
"1080";2009;37;0,599355;433234;4;8;2
"1081";2009;38;0,507111;1141969;4;7;2
"1082";2009;39;0,894523;783323;5;10;3
"1083";2009;40;0,275544;991992;1;2;1
"1084";2009;41;0,453603;952282;3;6;2
"1085";2009;42;0,462554;878888;3;6;2
"1086";2009;44;0,607968;1267494;4;8;2
"1087";2009;45;0,556872;1559154;4;7;2
"1088";2009;46;0,556826;894580;4;7;2
"1089";2009;47;0,579558;1313713;4;8;2
"1090";2009;48;0,424303;1189935;3;5;2
"1091";2009;49;0,510811;1228129;4;7;2
"1092";2009;50;0,349376;1084177;2;4;2
"1093";2009;51;0,321018;1079789;2;4;2
"1094";2009;52;0,479082;941131;3;6;2
"1095";2009;53;0,375823;1265468;3;5;2
"1096";2009;54;0,524107;516542;4;7;2
"1097";2009;55;0,33397;795458;2;4;2
"1098";2009;56;0,478381;849197;3;6;2
"1099";2009;57;0,395141;598580;3;5;2
"1100";2009;58;0,458762;930406;3;6;2
"1101";2009;59;0,499766;1145053;4;7;2
"1102";2009;60;0,172061;619157;1;1;1
"1103";2009;61;0,128547;451016;1;1;1
"1104";2009;63;0,323548;1268561;2;4;2
"1105";2009;64;0,259469;792590;1;2;1
"1106";2009;65;0,245215;1081648;1;2;1
"1107";2009;66;0,550168;1248759;4;7;2
"1108";2009;67;0,444964;1033467;3;6;2
"1109";2009;68;0,302378;601445;2;3;2
"1110";2009;69;0,195333;508949;1;1;1
"1111";2009;70;0,083795;821650;1;1;1
"1112";2009;71;0,117613;1000158;1;1;1
"1113";2009;72;0,248096;1056260;1;2;1
"1114";2009;73;0,208831;1006392;1;2;1
"1115";2009;74;0,250407;1057532;1;2;1
"1116";2009;75;0,281819;484410;2;3;2
"1117";2009;76;0,257169;1139769;1;2;1
"1118";2009;77;0,31069;478943;2;3;2
"1119";2009;78;0,290497;741488;2;3;2
"1120";2009;79;0,337777;1040371;2;4;2
"1121";2009;80;0,000127;626238;1;1;1
"1122";2009;81;0;814923;1;1;1
"1123";2009;82;0,096341;735553;1;1;1
"1124";2009;83;0,309046;762163;2;3;2
"1125";2009;84;0,318667;684830;2;3;2
"1126";2009;85;0,099713;1114901;1;1;1
"1127";2009;86;0,314021;1164100;2;3;2
"1128";2009;87;0,327738;522875;2;4;2
"1129";2009;88;0,259958;846572;1;2;1
"1130";2009;89;0,266219;763761;1;2;1
"1131";2009;90;0,335318;892793;2;4;2
"1132";2009;91;0,269228;999919;1;2;1
"1133";2009;92;0,408776;516635;3;5;2
"1134";2009;93;0,321224;590817;2;4;2
"1135";2009;94;0,44187;705807;3;6;2
"1136";2009;95;0,442354;497496;3;6;2
"1137";2009;96;0,399294;552316;3;5;2
"1138";2009;97;0,338337;1061351;2;4;2
"1139";2009;98;0,758668;242064;5;9;3
"1140";2009;99;0,771838;831356;5;9;3
"1141";2010;1;0,670413;1242943;5;9;3
"1142";2010;2;0,83505;427271;5;10;3
"1143";2010;3;0,773314;294995;5;10;3
"1144";2010;4;0,82122;1227112;5;10;3
"1145";2010;6;0,93799;1276724;5;10;3
"1146";2010;7;0,717764;562704;5;9;3
"1147";2010;8;0,754405;577243;5;9;3
"1148";2010;9;0,740585;788063;5;9;3
"1149";2010;10;0,621774;414467;4;8;2
"1150";2010;12;0,621475;1377942;4;8;2
"1151";2010;13;0,621762;1173394;4;8;2
"1152";2010;14;0,63223;1264837;4;8;2
"1153";2010;15;0,722871;627638;5;9;3
"1154";2010;16;0,760841;598413;5;9;3
"1155";2010;17;1;582175;5;10;3
"1156";2010;18;0,908969;603349;5;10;3
"1157";2010;19;0,919133;401381;5;10;3
"1158";2010;20;0,289629;123873;2;3;2
"1159";2010;21;0,377398;1597996;3;5;2
"1160";2010;22;0,298232;1103442;2;3;2
"1161";2010;23;0,642527;733238;5;9;3
"1162";2010;24;0,593118;1095349;4;8;2
"1163";2010;25;0,515876;694669;4;7;2
"1164";2010;26;0,654064;1174940;5;9;3
"1165";2010;27;0,584432;860141;4;8;2
"1166";2010;28;0,440704;738878;3;6;2
"1167";2010;29;0,650082;522068;5;9;3
"1168";2010;30;0,436218;912461;3;6;2
"1169";2010;31;0,512347;987374;4;7;2
"1170";2010;32;0,423635;885607;3;5;2
"1171";2010;33;0,375733;1082569;3;5;2
"1172";2010;34;0,465104;771997;3;6;2
"1173";2010;35;0,363755;912547;3;5;2
"1174";2010;36;0,412593;522085;3;5;2
"1175";2010;37;0,594258;433234;4;8;2
"1176";2010;38;0,491367;1141969;4;7;2
"1177";2010;39;0,906679;783323;5;10;3
"1178";2010;40;0,256435;991992;1;2;1
"1179";2010;41;0,450665;952282;3;6;2
"1180";2010;42;0,444617;878888;3;6;2
"1181";2010;44;0,584973;1267494;4;8;2
"1182";2010;45;0,557425;1559154;4;7;2
"1183";2010;46;0,545345;894580;4;7;2
"1184";2010;47;0,578243;1313713;4;8;2
"1185";2010;48;0,410941;1189935;3;5;2
"1186";2010;49;0,516673;1228129;4;7;2
"1187";2010;50;0,355065;1084177;2;4;2
"1188";2010;51;0,325212;1079789;2;4;2
"1189";2010;52;0,491641;941131;4;7;2
"1190";2010;53;0,356654;1265468;2;4;2
"1191";2010;54;0,514327;516542;4;7;2
"1192";2010;55;0,318322;795458;2;4;2
"1193";2010;56;0,482194;849197;3;6;2
"1194";2010;57;0,392112;598580;3;5;2
"1195";2010;58;0,433064;930406;3;6;2
"1196";2010;59;0,495026;1145053;4;7;2
"1197";2010;60;0,171764;619157;1;1;1
"1198";2010;61;0,122551;451016;1;1;1
"1199";2010;63;0,314092;1268561;2;4;2
"1200";2010;64;0,261749;792590;1;2;1
"1201";2010;65;0,230306;1081648;1;2;1
"1202";2010;66;0,517893;1248759;4;7;2
"1203";2010;67;0,438935;1033467;3;6;2
"1204";2010;68;0,289306;601445;2;3;2
"1205";2010;69;0,199871;508949;1;2;1
"1206";2010;70;0,07561;821650;1;1;1
"1207";2010;71;0,113817;1000158;1;1;1
"1208";2010;72;0,233391;1056260;1;2;1
"1209";2010;73;0,196641;1006392;1;1;1
"1210";2010;74;0,229572;1057532;1;2;1
"1211";2010;75;0,293334;484410;2;3;2
"1212";2010;76;0,254115;1139769;1;2;1
"1213";2010;77;0,29855;478943;2;3;2
"1214";2010;78;0,278774;741488;2;3;2
"1215";2010;79;0,315101;1040371;2;4;2
"1216";2010;80;0,000155;626238;1;1;1
"1217";2010;81;0;814923;1;1;1
"1218";2010;82;0,088662;735553;1;1;1
"1219";2010;83;0,3108;762163;2;3;2
"1220";2010;84;0,308965;684830;2;3;2
"1221";2010;85;0,087247;1114901;1;1;1
"1222";2010;86;0,309207;1164100;2;3;2
"1223";2010;87;0,319923;522875;2;4;2
"1224";2010;88;0,256242;846572;1;2;1
"1225";2010;89;0,247163;763761;1;2;1
"1226";2010;90;0,332304;892793;2;4;2
"1227";2010;91;0,258387;999919;1;2;1
"1228";2010;92;0,38793;516635;3;5;2
"1229";2010;93;0,312004;590817;2;4;2
"1230";2010;94;0,438176;705807;3;6;2
"1231";2010;95;0,434171;497496;3;6;2
"1232";2010;96;0,385953;552316;3;5;2
"1233";2010;97;0,327449;1061351;2;4;2
"1234";2010;98;0,756838;242064;5;9;3
"1235";2010;99;0,801025;831356;5;10;3
"1236";2011;1;0,649523;1242943;5;9;3
"1237";2011;2;0,833111;427271;5;10;3
"1238";2011;3;0,76561;294995;5;9;3
"1239";2011;4;0,817056;1227112;5;10;3
"1240";2011;6;0,917738;1276724;5;10;3
"1241";2011;7;0,715306;562704;5;9;3
"1242";2011;8;0,745142;577243;5;9;3
"1243";2011;9;0,736088;788063;5;9;3
"1244";2011;10;0,584345;414467;4;8;2
"1245";2011;12;0,584216;1377942;4;8;2
"1246";2011;13;0,584375;1173394;4;8;2
"1247";2011;14;0,606987;1264837;4;8;2
"1248";2011;15;0,695224;627638;5;9;3
"1249";2011;16;0,77887;598413;5;10;3
"1250";2011;17;1;582175;5;10;3
"1251";2011;18;0,891038;603349;5;10;3
"1252";2011;19;0,909272;401381;5;10;3
"1253";2011;20;0,258868;123873;1;2;1
"1254";2011;21;0,364828;1597996;3;5;2
"1255";2011;22;0,278235;1103442;2;3;2
"1256";2011;23;0,661056;733238;5;9;3
"1257";2011;24;0,577596;1095349;4;8;2
"1258";2011;25;0,530303;694669;4;7;2
"1259";2011;26;0,648901;1174940;5;9;3
"1260";2011;27;0,59751;860141;4;8;2
"1261";2011;28;0,473518;738878;3;6;2
"1262";2011;29;0,642425;522068;5;9;3
"1263";2011;30;0,427984;912461;3;6;2
"1264";2011;31;0,524672;987374;4;7;2
"1265";2011;32;0,436323;885607;3;6;2
"1266";2011;33;0,381406;1082569;3;5;2
"1267";2011;34;0,459985;771997;3;6;2
"1268";2011;35;0,36185;912547;3;5;2
"1269";2011;36;0,403688;522085;3;5;2
"1270";2011;37;0,594721;433234;4;8;2
"1271";2011;38;0,500272;1141969;4;7;2
"1272";2011;39;0,905694;783323;5;10;3
"1273";2011;40;0,252255;991992;1;2;1
"1274";2011;41;0,443643;952282;3;6;2
"1275";2011;42;0,425803;878888;3;6;2
"1276";2011;44;0,580951;1267494;4;8;2
"1277";2011;45;0,552502;1559154;4;7;2
"1278";2011;46;0,547444;894580;4;7;2
"1279";2011;47;0,562204;1313713;4;8;2
"1280";2011;48;0,417474;1189935;3;5;2
"1281";2011;49;0,506974;1228129;4;7;2
"1282";2011;50;0,355216;1084177;2;4;2
"1283";2011;51;0,32138;1079789;2;4;2
"1284";2011;52;0,451041;941131;3;6;2
"1285";2011;53;0,356249;1265468;2;4;2
"1286";2011;54;0,530619;516542;4;7;2
"1287";2011;55;0,335161;795458;2;4;2
"1288";2011;56;0,494721;849197;4;7;2
"1289";2011;57;0,380272;598580;3;5;2
"1290";2011;58;0,423962;930406;3;5;2
"1291";2011;59;0,490704;1145053;4;7;2
"1292";2011;60;0,153033;619157;1;1;1
"1293";2011;61;0,116967;451016;1;1;1
"1294";2011;63;0,308297;1268561;2;3;2
"1295";2011;64;0,267101;792590;2;3;2
"1296";2011;65;0,239993;1081648;1;2;1
"1297";2011;66;0,515303;1248759;4;7;2
"1298";2011;67;0,442686;1033467;3;6;2
"1299";2011;68;0,282053;601445;2;3;2
"1300";2011;69;0,193841;508949;1;1;1
"1301";2011;70;0,071031;821650;1;1;1
"1302";2011;71;0,098117;1000158;1;1;1
"1303";2011;72;0,216627;1056260;1;2;1
"1304";2011;73;0,197487;1006392;1;2;1
"1305";2011;74;0,219288;1057532;1;2;1
"1306";2011;75;0,270655;484410;2;3;2
"1307";2011;76;0,258471;1139769;1;2;1
"1308";2011;77;0,285006;478943;2;3;2
"1309";2011;78;0,26479;741488;2;3;2
"1310";2011;79;0,308742;1040371;2;3;2
"1311";2011;80;7,8e-05;626238;1;1;1
"1312";2011;81;0;814923;1;1;1
"1313";2011;82;0,108838;735553;1;1;1
"1314";2011;83;0,313653;762163;2;4;2
"1315";2011;84;0,320022;684830;2;4;2
"1316";2011;85;0,111302;1114901;1;1;1
"1317";2011;86;0,315336;1164100;2;4;2
"1318";2011;87;0,34496;522875;2;4;2
"1319";2011;88;0,237444;846572;1;2;1
"1320";2011;89;0,236052;763761;1;2;1
"1321";2011;90;0,308671;892793;2;3;2
"1322";2011;91;0,264094;999919;1;2;1
"1323";2011;92;0,408177;516635;3;5;2
"1324";2011;93;0,318837;590817;2;4;2
"1325";2011;94;0,435634;705807;3;6;2
"1326";2011;95;0,455708;497496;3;6;2
"1327";2011;96;0,400416;552316;3;5;2
"1328";2011;97;0,33565;1061351;2;4;2
"1329";2011;98;0,745469;242064;5;9;3
"1330";2011;99;0,777043;831356;5;10;3
"1331";2012;1;0,664121;1242943;5;9;3
"1332";2012;2;0,869112;427271;5;10;3
"1333";2012;3;0,797827;294995;5;10;3
"1334";2012;4;0,818641;1227112;5;10;3
"1335";2012;6;0,924156;1276724;5;10;3
"1336";2012;7;0,703259;562704;5;9;3
"1337";2012;8;0,754722;577243;5;9;3
"1338";2012;9;0,756562;788063;5;9;3
"1339";2012;10;0,596356;414467;4;8;2
"1340";2012;12;0,596668;1377942;4;8;2
"1341";2012;13;0,596374;1173394;4;8;2
"1342";2012;14;0,628335;1264837;4;8;2
"1343";2012;15;0,736323;627638;5;9;3
"1344";2012;16;0,788903;598413;5;10;3
"1345";2012;17;1;582175;5;10;3
"1346";2012;18;0,874418;603349;5;10;3
"1347";2012;19;0,879876;401381;5;10;3
"1348";2012;20;0,262789;123873;1;2;1
"1349";2012;21;0,364314;1597996;2;4;2
"1350";2012;22;0,286474;1103442;2;3;2
"1351";2012;23;0,678082;733238;5;9;3
"1352";2012;24;0,601677;1095349;4;8;2
"1353";2012;25;0,551484;694669;4;7;2
"1354";2012;26;0,640086;1174940;5;9;3
"1355";2012;27;0,589699;860141;4;8;2
"1356";2012;28;0,480591;738878;3;6;2
"1357";2012;29;0,636101;522068;5;9;3
"1358";2012;30;0,430455;912461;3;6;2
"1359";2012;31;0,514344;987374;4;7;2
"1360";2012;32;0,436747;885607;3;6;2
"1361";2012;33;0,386277;1082569;3;5;2
"1362";2012;34;0,486567;771997;4;7;2
"1363";2012;35;0,372199;912547;3;5;2
"1364";2012;36;0,424605;522085;3;5;2
"1365";2012;37;0,611112;433234;4;8;2
"1366";2012;38;0,480952;1141969;3;6;2
"1367";2012;39;0,899027;783323;5;10;3
"1368";2012;40;0,24639;991992;1;2;1
"1369";2012;41;0,461207;952282;3;6;2
"1370";2012;42;0,447118;878888;3;6;2
"1371";2012;44;0,611721;1267494;4;8;2
"1372";2012;45;0,563262;1559154;4;7;2
"1373";2012;46;0,555779;894580;4;7;2
"1374";2012;47;0,589457;1313713;4;8;2
"1375";2012;48;0,423902;1189935;3;5;2
"1376";2012;49;0,51375;1228129;4;7;2
"1377";2012;50;0,368937;1084177;3;5;2
"1378";2012;51;0,321344;1079789;2;4;2
"1379";2012;52;0,47341;941131;3;6;2
"1380";2012;53;0,364398;1265468;2;4;2
"1381";2012;54;0,549074;516542;4;7;2
"1382";2012;55;0,34651;795458;2;4;2
"1383";2012;56;0,501688;849197;4;7;2
"1384";2012;57;0,389455;598580;3;5;2
"1385";2012;58;0,450434;930406;3;6;2
"1386";2012;59;0,510065;1145053;4;7;2
"1387";2012;60;0,167927;619157;1;1;1
"1388";2012;61;0,126195;451016;1;1;1
"1389";2012;63;0,328665;1268561;2;4;2
"1390";2012;64;0,276174;792590;1;2;1
"1391";2012;65;0,251367;1081648;1;2;1
"1392";2012;66;0,543579;1248759;4;7;2
"1393";2012;67;0,459298;1033467;3;6;2
"1394";2012;68;0,297049;601445;2;3;2
"1395";2012;69;0,201742;508949;1;1;1
"1396";2012;70;0,101439;821650;1;1;1
"1397";2012;71;0,12386;1000158;1;1;1
"1398";2012;72;0,252412;1056260;1;2;1
"1399";2012;73;0,228156;1006392;1;2;1
"1400";2012;74;0,244002;1057532;1;2;1
"1401";2012;75;0,302379;484410;2;3;2
"1402";2012;76;0,279394;1139769;2;3;2
"1403";2012;77;0,32167;478943;2;4;2
"1404";2012;78;0,289286;741488;2;3;2
"1405";2012;79;0,335823;1040371;2;4;2
"1406";2012;80;9,3e-05;626238;1;1;1
"1407";2012;81;0;814923;1;1;1
"1408";2012;82;0,092847;735553;1;1;1
"1409";2012;83;0,30639;762163;2;3;2
"1410";2012;84;0,29342;684830;2;3;2
"1411";2012;85;0,095018;1114901;1;1;1
"1412";2012;86;0,301503;1164100;2;3;2
"1413";2012;87;0,307942;522875;2;4;2
"1414";2012;88;0,258166;846572;1;2;1
"1415";2012;89;0,265073;763761;1;2;1
"1416";2012;90;0,315617;892793;2;4;2
"1417";2012;91;0,260515;999919;1;2;1
"1418";2012;92;0,380132;516635;3;5;2
"1419";2012;93;0,294774;590817;2;3;2
"1420";2012;94;0,412402;705807;3;5;2
"1421";2012;95;0,456388;497496;3;6;2
"1422";2012;96;0,396176;552316;3;5;2
"1423";2012;97;0,338936;1061351;2;4;2
"1424";2012;98;0,734775;242064;5;9;3
"1425";2012;99;0,772232;831356;5;9;3
"1426";2013;1;0,691992;1242943;5;9;3
"1427";2013;2;0,891711;427271;5;10;3
"1428";2013;3;0,836116;294995;5;10;3
"1429";2013;4;0,864138;1227112;5;10;3
"1430";2013;6;0,961544;1276724;5;10;3
"1431";2013;7;0,736357;562704;5;9;3
"1432";2013;8;0,809814;577243;5;9;3
"1433";2013;9;0,814506;788063;5;9;3
"1434";2013;10;0,630234;414467;4;8;2
"1435";2013;12;0,630673;1377942;4;8;2
"1436";2013;13;0,630233;1173394;4;8;2
"1437";2013;14;0,649594;1264837;4;8;2
"1438";2013;15;0,769112;627638;5;9;3
"1439";2013;16;0,795687;598413;5;9;3
"1440";2013;17;1;582175;5;10;3
"1441";2013;18;0,919908;603349;5;10;3
"1442";2013;19;0,908826;401381;5;10;3
"1443";2013;20;0,261991;123873;1;2;1
"1444";2013;21;0,38698;1597996;2;4;2
"1445";2013;22;0,297277;1103442;1;2;1
"1446";2013;23;0,718483;733238;5;9;3
"1447";2013;24;0,676117;1095349;4;8;2
"1448";2013;25;0,593106;694669;4;7;2
"1449";2013;26;0,679256;1174940;5;9;3
"1450";2013;27;0,628887;860141;4;7;2
"1451";2013;28;0,522383;738878;3;6;2
"1452";2013;29;0,668832;522068;4;8;2
"1453";2013;30;0,464952;912461;3;5;2
"1454";2013;31;0,55623;987374;4;7;2
"1455";2013;32;0,501115;885607;3;6;2
"1456";2013;33;0,45069;1082569;3;5;2
"1457";2013;34;0,53104;771997;3;6;2
"1458";2013;35;0,431677;912547;3;5;2
"1459";2013;36;0,474378;522085;3;5;2
"1460";2013;37;0,645779;433234;4;8;2
"1461";2013;38;0,516549;1141969;3;6;2
"1462";2013;39;0,913265;783323;5;10;3
"1463";2013;40;0,307109;991992;2;3;2
"1464";2013;41;0,545728;952282;4;7;2
"1465";2013;42;0,507681;878888;3;6;2
"1466";2013;44;0,684781;1267494;5;9;3
"1467";2013;45;0,653908;1559154;4;8;2
"1468";2013;46;0,625473;894580;4;7;2
"1469";2013;47;0,660974;1313713;4;8;2
"1470";2013;48;0,488303;1189935;3;6;2
"1471";2013;49;0,535394;1228129;3;6;2
"1472";2013;50;0,423711;1084177;3;5;2
"1473";2013;51;0,392259;1079789;2;4;2
"1474";2013;52;0,547423;941131;4;7;2
"1475";2013;53;0,428605;1265468;3;5;2
"1476";2013;54;0,593058;516542;4;7;2
"1477";2013;55;0,382142;795458;2;4;2
"1478";2013;56;0,555217;849197;4;7;2
"1479";2013;57;0,45158;598580;3;5;2
"1480";2013;58;0,516423;930406;3;6;2
"1481";2013;59;0,569114;1145053;4;7;2
"1482";2013;60;0,232605;619157;1;2;1
"1483";2013;61;0,187509;451016;1;1;1
"1484";2013;63;0,366612;1268561;2;4;2
"1485";2013;64;0,323595;792590;2;3;2
"1486";2013;65;0,306269;1081648;2;3;2
"1487";2013;66;0,570046;1248759;4;7;2
"1488";2013;67;0,508192;1033467;3;6;2
"1489";2013;68;0,314261;601445;2;3;2
"1490";2013;69;0,203413;508949;1;1;1
"1491";2013;70;0,08998;821650;1;1;1
"1492";2013;71;0,12629;1000158;1;1;1
"1493";2013;72;0,266744;1056260;1;2;1
"1494";2013;73;0,224474;1006392;1;1;1
"1495";2013;74;0,238219;1057532;1;2;1
"1496";2013;75;0,307305;484410;2;3;2
"1497";2013;76;0,286364;1139769;1;2;1
"1498";2013;77;0,330729;478943;2;3;2
"1499";2013;78;0,304532;741488;1;2;1
"1500";2013;79;0,341191;1040371;2;4;2
"1501";2013;80;6,5e-05;626238;1;1;1
"1502";2013;81;0;814923;1;1;1
"1503";2013;82;0,123779;735553;1;1;1
"1504";2013;83;0,322368;762163;2;3;2
"1505";2013;84;0,321783;684830;2;3;2
"1506";2013;85;0,116223;1114901;1;1;1
"1507";2013;86;0,331414;1164100;2;4;2
"1508";2013;87;0,353028;522875;2;4;2
"1509";2013;88;0,270346;846572;1;2;1
"1510";2013;89;0,287506;763761;1;2;1
"1511";2013;90;0,346268;892793;2;4;2
"1512";2013;91;0,285888;999919;1;2;1
"1513";2013;92;0,395279;516635;2;4;2
"1514";2013;93;0,327163;590817;2;3;2
"1515";2013;94;0,427324;705807;3;5;2
"1516";2013;95;0,479675;497496;3;6;2
"1517";2013;96;0,414331;552316;3;5;2
"1518";2013;97;0,362805;1061351;2;4;2
"1519";2013;98;0,793637;242064;5;9;3
"1520";2013;99;0,820527;831356;5;10;3
"1521";2014;1;0,709057;1242943;4;8;2
"1522";2014;2;0,863833;427271;5;10;3
"1523";2014;3;0,902473;294995;5;10;3
"1524";2014;4;0,867543;1227112;5;10;3
"1525";2014;6;0,977964;1276724;5;10;3
"1526";2014;7;0,760837;562704;5;9;3
"1527";2014;8;0,819422;577243;5;9;3
"1528";2014;9;0,833863;788063;5;9;3
"1529";2014;10;0,68286;414467;4;8;2
"1530";2014;12;0,682831;1377942;4;8;2
"1531";2014;13;0,682862;1173394;4;8;2
"1532";2014;14;0,698889;1264837;4;8;2
"1533";2014;15;0,795802;627638;5;9;3
"1534";2014;16;0,838296;598413;5;10;3
"1535";2014;17;1;582175;5;10;3
"1536";2014;18;0,900301;603349;5;10;3
"1537";2014;19;0,897692;401381;5;10;3
"1538";2014;20;0,306248;123873;1;2;1
"1539";2014;21;0,421282;1597996;2;4;2
"1540";2014;22;0,345972;1103442;2;3;2
"1541";2014;23;0,765185;733238;5;9;3
"1542";2014;24;0,713698;1095349;5;9;3
"1543";2014;25;0,658865;694669;4;7;2
"1544";2014;26;0,706786;1174940;4;8;2
"1545";2014;27;0,661816;860141;4;7;2
"1546";2014;28;0,568017;738878;4;7;2
"1547";2014;29;0,690868;522068;4;8;2
"1548";2014;30;0,490725;912461;3;5;2
"1549";2014;31;0,592293;987374;4;7;2
"1550";2014;32;0,53212;885607;3;6;2
"1551";2014;33;0,48386;1082569;3;5;2
"1552";2014;34;0,555815;771997;3;6;2
"1553";2014;35;0,457247;912547;3;5;2
"1554";2014;36;0,501064;522085;3;5;2
"1555";2014;37;0,681191;433234;4;8;2
"1556";2014;38;0,544618;1141969;3;6;2
"1557";2014;39;0,945532;783323;5;10;3
"1558";2014;40;0,330385;991992;1;2;1
"1559";2014;41;0,559263;952282;3;6;2
"1560";2014;42;0,548138;878888;3;6;2
"1561";2014;44;0,71442;1267494;5;9;3
"1562";2014;45;0,711617;1559154;5;9;3
"1563";2014;46;0,650587;894580;4;7;2
"1564";2014;47;0,695604;1313713;4;8;2
"1565";2014;48;0,516742;1189935;3;6;2
"1566";2014;49;0,581342;1228129;4;7;2
"1567";2014;50;0,450734;1084177;3;5;2
"1568";2014;51;0,402506;1079789;2;4;2
"1569";2014;52;0,564584;941131;3;6;2
"1570";2014;53;0,448717;1265468;3;5;2
"1571";2014;54;0,644266;516542;4;7;2
"1572";2014;55;0,433466;795458;2;4;2
"1573";2014;56;0,591911;849197;4;7;2
"1574";2014;57;0,461804;598580;3;5;2
"1575";2014;58;0,538854;930406;3;6;2
"1576";2014;59;0,588434;1145053;4;7;2
"1577";2014;60;0,228265;619157;1;1;1
"1578";2014;61;0,180348;451016;1;1;1
"1579";2014;63;0,39201;1268561;2;4;2
"1580";2014;64;0,345269;792590;2;3;2
"1581";2014;65;0,317604;1081648;1;2;1
"1582";2014;66;0,619389;1248759;4;7;2
"1583";2014;67;0,560489;1033467;3;6;2
"1584";2014;68;0,376526;601445;2;3;2
"1585";2014;69;0,276095;508949;1;2;1
"1586";2014;70;0,134831;821650;1;1;1
"1587";2014;71;0,177315;1000158;1;1;1
"1588";2014;72;0,305047;1056260;1;2;1
"1589";2014;73;0,271629;1006392;1;1;1
"1590";2014;74;0,294104;1057532;1;2;1
"1591";2014;75;0,345772;484410;2;3;2
"1592";2014;76;0,339665;1139769;1;2;1
"1593";2014;77;0,379875;478943;2;4;2
"1594";2014;78;0,360066;741488;2;3;2
"1595";2014;79;0,399736;1040371;2;4;2
"1596";2014;80;0;626238;1;1;1
"1597";2014;81;6e-05;814923;1;1;1
"1598";2014;82;0,165487;735553;1;1;1
"1599";2014;83;0,360814;762163;2;3;2
"1600";2014;84;0,374494;684830;2;3;2
"1601";2014;85;0,144721;1114901;1;1;1
"1602";2014;86;0,359305;1164100;2;3;2
"1603";2014;87;0,396763;522875;2;4;2
"1604";2014;88;0,303786;846572;1;2;1
"1605";2014;89;0,312236;763761;1;2;1
"1606";2014;90;0,397775;892793;2;4;2
"1607";2014;91;0,333789;999919;1;2;1
"1608";2014;92;0,43753;516635;2;4;2
"1609";2014;93;0,361908;590817;2;3;2
"1610";2014;94;0,47345;705807;3;5;2
"1611";2014;95;0,503784;497496;3;6;2
"1612";2014;96;0,463389;552316;3;5;2
"1613";2014;97;0,400203;1061351;2;4;2
"1614";2014;98;0,804416;242064;5;9;3
"1615";2014;99;0,8288;831356;5;9;3
"1616";2015;1;0,705777;1242943;4;8;2
"1617";2015;2;0,894877;427271;5;10;3
"1618";2015;3;0,864911;294995;5;10;3
"1619";2015;4;0,846085;1227112;5;10;3
"1620";2015;6;1;1276724;5;10;3
"1621";2015;7;0,770889;562704;5;9;3
"1622";2015;8;0,818833;577243;5;9;3
"1623";2015;9;0,831232;788063;5;9;3
"1624";2015;10;0,703178;414467;4;8;2
"1625";2015;12;0,703156;1377942;4;8;2
"1626";2015;13;0,703143;1173394;4;8;2
"1627";2015;14;0,699541;1264837;4;8;2
"1628";2015;15;0,807781;627638;5;9;3
"1629";2015;16;0,822218;598413;5;9;3
"1630";2015;17;0,965383;582175;5;10;3
"1631";2015;18;0,897403;603349;5;10;3
"1632";2015;19;0,918236;401381;5;10;3
"1633";2015;20;0,302373;123873;1;2;1
"1634";2015;21;0,418636;1597996;2;4;2
"1635";2015;22;0,338685;1103442;1;2;1
"1636";2015;23;0,770832;733238;5;9;3
"1637";2015;24;0,703975;1095349;4;8;2
"1638";2015;25;0,63933;694669;4;7;2
"1639";2015;26;0,722527;1174940;5;9;3
"1640";2015;27;0,675836;860141;4;7;2
"1641";2015;28;0,570088;738878;3;6;2
"1642";2015;29;0,718089;522068;4;8;2
"1643";2015;30;0,502403;912461;3;5;2
"1644";2015;31;0,609373;987374;4;7;2
"1645";2015;32;0,541495;885607;3;6;2
"1646";2015;33;0,50041;1082569;3;5;2
"1647";2015;34;0,544138;771997;3;6;2
"1648";2015;35;0,45678;912547;3;5;2
"1649";2015;36;0,499614;522085;3;5;2
"1650";2015;37;0,683186;433234;4;8;2
"1651";2015;38;0,545456;1141969;3;6;2
"1652";2015;39;0,960525;783323;5;10;3
"1653";2015;40;0,311618;991992;1;2;1
"1654";2015;41;0,560964;952282;3;6;2
"1655";2015;42;0,554791;878888;3;6;2
"1656";2015;44;0,731231;1267494;5;9;3
"1657";2015;45;0,718941;1559154;5;9;3
"1658";2015;46;0,671805;894580;4;7;2
"1659";2015;47;0,711459;1313713;4;8;2
"1660";2015;48;0,513003;1189935;3;6;2
"1661";2015;49;0,601945;1228129;4;7;2
"1662";2015;50;0,438989;1084177;2;4;2
"1663";2015;51;0,404599;1079789;2;4;2
"1664";2015;52;0,573761;941131;4;7;2
"1665";2015;53;0,444448;1265468;3;5;2
"1666";2015;54;0,682499;516542;4;7;2
"1667";2015;55;0,443649;795458;3;5;2
"1668";2015;56;0,605354;849197;4;7;2
"1669";2015;57;0,496147;598580;3;5;2
"1670";2015;58;0,559486;930406;3;6;2
"1671";2015;59;0,613456;1145053;4;7;2
"1672";2015;60;0,208103;619157;1;1;1
"1673";2015;61;0,168407;451016;1;1;1
"1674";2015;63;0,39698;1268561;2;4;2
"1675";2015;64;0,344333;792590;2;3;2
"1676";2015;65;0,308965;1081648;1;2;1
"1677";2015;66;0,64153;1248759;4;7;2
"1678";2015;67;0,569772;1033467;3;6;2
"1679";2015;68;0,375453;601445;2;3;2
"1680";2015;69;0,256604;508949;1;1;1
"1681";2015;70;0,131139;821650;1;1;1
"1682";2015;71;0,16859;1000158;1;1;1
"1683";2015;72;0,302031;1056260;1;2;1
"1684";2015;73;0,26614;1006392;1;2;1
"1685";2015;74;0,279089;1057532;1;2;1
"1686";2015;75;0,36925;484410;2;3;2
"1687";2015;76;0,34097;1139769;1;2;1
"1688";2015;77;0,38495;478943;2;4;2
"1689";2015;78;0,356199;741488;2;3;2
"1690";2015;79;0,382074;1040371;2;3;2
"1691";2015;80;2,6e-05;626238;1;1;1
"1692";2015;81;0;814923;1;1;1
"1693";2015;82;0,150635;735553;1;1;1
"1694";2015;83;0,369442;762163;2;3;2
"1695";2015;84;0,383011;684830;2;4;2
"1696";2015;85;0,132871;1114901;1;1;1
"1697";2015;86;0,372811;1164100;2;3;2
"1698";2015;87;0,396403;522875;2;4;2
"1699";2015;88;0,334583;846572;1;2;1
"1700";2015;89;0,345273;763761;2;3;2
"1701";2015;90;0,384534;892793;2;4;2
"1702";2015;91;0,338198;999919;1;2;1
"1703";2015;92;0,442175;516635;2;4;2
"1704";2015;93;0,366729;590817;2;3;2
"1705";2015;94;0,490797;705807;3;5;2
"1706";2015;95;0,548528;497496;3;6;2
"1707";2015;96;0,465571;552316;3;5;2
"1708";2015;97;0,413455;1061351;2;4;2
"1709";2015;98;0,811694;242064;5;9;3
"1710";2015;99;0,842681;831356;5;10;3
"1711";2016;1;0,727435;1242943;5;9;3
"1712";2016;2;0,945194;427271;5;10;3
"1713";2016;3;0,877132;294995;5;10;3
"1714";2016;4;0,874678;1227112;5;10;3
"1715";2016;6;0,99005;1276724;5;10;3
"1716";2016;7;0,796839;562704;5;9;3
"1717";2016;8;0,852454;577243;5;9;3
"1718";2016;9;0,859281;788063;5;10;3
"1719";2016;10;0,674447;414467;4;8;2
"1720";2016;12;0,674547;1377942;4;8;2
"1721";2016;13;0,674451;1173394;4;8;2
"1722";2016;14;0,687917;1264837;4;8;2
"1723";2016;15;0,797449;627638;5;9;3
"1724";2016;16;0,853544;598413;5;9;3
"1725";2016;17;1;582175;5;10;3
"1726";2016;18;0,919676;603349;5;10;3
"1727";2016;19;0,907591;401381;5;10;3
"1728";2016;20;0,314411;123873;1;2;1
"1729";2016;21;0,433042;1597996;2;4;2
"1730";2016;22;0,356045;1103442;1;2;1
"1731";2016;23;0,75067;733238;5;9;3
"1732";2016;24;0,697233;1095349;4;8;2
"1733";2016;25;0,651925;694669;4;7;2
"1734";2016;26;0,701289;1174940;5;9;3
"1735";2016;27;0,663829;860141;4;7;2
"1736";2016;28;0,553094;738878;3;6;2
"1737";2016;29;0,702497;522068;5;9;3
"1738";2016;30;0,514803;912461;3;5;2
"1739";2016;31;0,585943;987374;4;7;2
"1740";2016;32;0,533935;885607;3;6;2
"1741";2016;33;0,509875;1082569;3;5;2
"1742";2016;34;0,568778;771997;3;6;2
"1743";2016;35;0,479729;912547;3;5;2
"1744";2016;36;0,536545;522085;3;6;2
"1745";2016;37;0,67781;433234;4;8;2
"1746";2016;38;0,562426;1141969;3;6;2
"1747";2016;39;0,954173;783323;5;10;3
"1748";2016;40;0,326289;991992;1;2;1
"1749";2016;41;0,546295;952282;3;6;2
"1750";2016;42;0,518815;878888;3;5;2
"1751";2016;44;0,679203;1267494;4;8;2
"1752";2016;45;0,68228;1559154;4;8;2
"1753";2016;46;0,640479;894580;4;7;2
"1754";2016;47;0,679821;1313713;4;8;2
"1755";2016;48;0,513358;1189935;3;5;2
"1756";2016;49;0,587081;1228129;4;7;2
"1757";2016;50;0,444138;1084177;2;4;2
"1758";2016;51;0,413515;1079789;2;4;2
"1759";2016;52;0,545967;941131;3;6;2
"1760";2016;53;0,436543;1265468;2;4;2
"1761";2016;54;0,655814;516542;4;7;2
"1762";2016;55;0,443462;795458;2;4;2
"1763";2016;56;0,591121;849197;4;7;2
"1764";2016;57;0,490502;598580;3;5;2
"1765";2016;58;0,53297;930406;3;6;2
"1766";2016;59;0,602192;1145053;4;7;2
"1767";2016;60;0,262822;619157;1;1;1
"1768";2016;61;0,200727;451016;1;1;1
"1769";2016;63;0,425278;1268561;2;4;2
"1770";2016;64;0,359843;792590;1;2;1
"1771";2016;65;0,334054;1081648;1;2;1
"1772";2016;66;0,657396;1248759;4;7;2
"1773";2016;67;0,572062;1033467;3;6;2
"1774";2016;68;0,409534;601445;2;4;2
"1775";2016;69;0,291964;508949;1;1;1
"1776";2016;70;0,180935;821650;1;1;1
"1777";2016;71;0,208573;1000158;1;1;1
"1778";2016;72;0,333095;1056260;1;2;1
"1779";2016;73;0,309777;1006392;1;2;1
"1780";2016;74;0,305826;1057532;1;2;1
"1781";2016;75;0,404447;484410;2;3;2
"1782";2016;76;0,36055;1139769;1;2;1
"1783";2016;77;0,383554;478943;2;3;2
"1784";2016;78;0,388736;741488;2;3;2
"1785";2016;79;0,407706;1040371;2;3;2
"1786";2016;80;0;626238;1;1;1
"1787";2016;81;0,000186;814923;1;1;1
"1788";2016;82;0,200375;735553;1;1;1
"1789";2016;83;0,380357;762163;2;3;2
"1790";2016;84;0,409082;684830;2;4;2
"1791";2016;85;0,180419;1114901;1;1;1
"1792";2016;86;0,394477;1164100;2;3;2
"1793";2016;87;0,425803;522875;2;4;2
"1794";2016;88;0,333182;846572;1;2;1
"1795";2016;89;0,384861;763761;2;3;2
"1796";2016;90;0,419945;892793;2;4;2
"1797";2016;91;0,381682;999919;2;3;2
"1798";2016;92;0,467128;516635;3;5;2
"1799";2016;93;0,398831;590817;2;3;2
"1800";2016;94;0,523289;705807;3;6;2
"1801";2016;95;0,588015;497496;4;7;2
"1802";2016;96;0,505968;552316;3;5;2
"1803";2016;97;0,455044;1061351;3;5;2
"1804";2016;98;0,83655;242064;5;9;3
"1805";2016;99;0,84804;831356;5;9;3
"1806";2017;1;0,731919;1242943;5;9;3
"1807";2017;2;0,914149;427271;5;10;3
"1808";2017;3;0,893111;294995;5;10;3
"1809";2017;4;0,853948;1227112;5;9;3
"1810";2017;6;1;1276724;5;10;3
"1811";2017;7;0,780883;562704;5;9;3
"1812";2017;8;0,835525;577243;5;9;3
"1813";2017;9;0,873325;788063;5;10;3
"1814";2017;10;0,681664;414467;4;8;2
"1815";2017;12;0,681177;1377942;4;8;2
"1816";2017;13;0,681651;1173394;4;8;2
"1817";2017;14;0,686099;1264837;4;8;2
"1818";2017;15;0,783763;627638;5;9;3
"1819";2017;16;0,842641;598413;5;9;3
"1820";2017;17;0,998251;582175;5;10;3
"1821";2017;18;0,904816;603349;5;10;3
"1822";2017;19;0,89397;401381;5;10;3
"1823";2017;20;0,292141;123873;1;1;1
"1824";2017;21;0,416128;1597996;2;4;2
"1825";2017;22;0,331329;1103442;1;2;1
"1826";2017;23;0,737303;733238;5;9;3
"1827";2017;24;0,687903;1095349;4;8;2
"1828";2017;25;0,633106;694669;4;7;2
"1829";2017;26;0,716903;1174940;5;9;3
"1830";2017;27;0,675299;860141;4;8;2
"1831";2017;28;0,576076;738878;3;6;2
"1832";2017;29;0,720765;522068;5;9;3
"1833";2017;30;0,510529;912461;3;5;2
"1834";2017;31;0,594908;987374;4;7;2
"1835";2017;32;0,538897;885607;3;6;2
"1836";2017;33;0,519012;1082569;3;5;2
"1837";2017;34;0,545858;771997;3;6;2
"1838";2017;35;0,466;912547;3;5;2
"1839";2017;36;0,518639;522085;3;5;2
"1840";2017;37;0,67372;433234;4;7;2
"1841";2017;38;0,568648;1141969;3;6;2
"1842";2017;39;0,957693;783323;5;10;3
"1843";2017;40;0,306557;991992;1;2;1
"1844";2017;41;0,538169;952282;3;6;2
"1845";2017;42;0,53651;878888;3;6;2
"1846";2017;44;0,702354;1267494;4;8;2
"1847";2017;45;0,685328;1559154;4;8;2
"1848";2017;46;0,647177;894580;4;7;2
"1849";2017;47;0,685684;1313713;4;8;2
"1850";2017;48;0,5152;1189935;3;5;2
"1851";2017;49;0,600237;1228129;4;7;2
"1852";2017;50;0,430848;1084177;2;4;2
"1853";2017;51;0,395027;1079789;2;3;2
"1854";2017;52;0,537709;941131;3;6;2
"1855";2017;53;0,433842;1265468;2;4;2
"1856";2017;54;0,654186;516542;4;7;2
"1857";2017;55;0,453049;795458;2;4;2
"1858";2017;56;0,598583;849197;4;7;2
"1859";2017;57;0,472175;598580;3;5;2
"1860";2017;58;0,542852;930406;3;6;2
"1861";2017;59;0,597085;1145053;4;7;2
"1862";2017;60;0,239164;619157;1;1;1
"1863";2017;61;0,181378;451016;1;1;1
"1864";2017;63;0,40407;1268561;2;3;2
"1865";2017;64;0,336626;792590;1;2;1
"1866";2017;65;0,326014;1081648;1;2;1
"1867";2017;66;0,654507;1248759;4;7;2
"1868";2017;67;0,584788;1033467;3;6;2
"1869";2017;68;0,406479;601445;2;3;2
"1870";2017;69;0,312458;508949;1;2;1
"1871";2017;70;0,170332;821650;1;1;1
"1872";2017;71;0,232582;1000158;1;1;1
"1873";2017;72;0,339889;1056260;1;2;1
"1874";2017;73;0,311097;1006392;1;2;1
"1875";2017;74;0,304442;1057532;1;2;1
"1876";2017;75;0,452621;484410;2;4;2
"1877";2017;76;0,368904;1139769;1;2;1
"1878";2017;77;0,403573;478943;2;3;2
"1879";2017;78;0,414447;741488;2;3;2
"1880";2017;79;0,438054;1040371;2;4;2
"1881";2017;80;0;626238;1;1;1
"1882";2017;81;0,000174;814923;1;1;1
"1883";2017;82;0,188626;735553;1;1;1
"1884";2017;83;0,382641;762163;2;3;2
"1885";2017;84;0,407655;684830;2;3;2
"1886";2017;85;0,198002;1114901;1;1;1
"1887";2017;86;0,419422;1164100;2;4;2
"1888";2017;87;0,444797;522875;2;4;2
"1889";2017;88;0,353647;846572;1;2;1
"1890";2017;89;0,40934;763761;2;3;2
"1891";2017;90;0,441825;892793;2;4;2
"1892";2017;91;0,38471;999919;2;3;2
"1893";2017;92;0,498762;516635;3;5;2
"1894";2017;93;0,435669;590817;2;4;2
"1895";2017;94;0,521313;705807;3;5;2
"1896";2017;95;0,584994;497496;4;7;2
"1897";2017;96;0,539292;552316;3;6;2
"1898";2017;97;0,460154;1061351;3;5;2
"1899";2017;98;0,856101;242064;5;9;3
"1900";2017;99;0,886217;831356;5;10;3
"1901";2018;1;0,705963;1242943;5;9;3
"1902";2018;2;0,915299;427271;5;10;3
"1903";2018;3;0,901423;294995;5;10;3
"1904";2018;4;0,852912;1227112;5;9;3
"1905";2018;6;1;1276724;5;10;3
"1906";2018;7;0,791819;562704;5;9;3
"1907";2018;8;0,838942;577243;5;9;3
"1908";2018;9;0,852389;788063;5;9;3
"1909";2018;10;0,652146;414467;4;8;2
"1910";2018;12;0,652284;1377942;4;8;2
"1911";2018;13;0,652127;1173394;4;7;2
"1912";2018;14;0,656469;1264837;4;8;2
"1913";2018;15;0,79008;627638;5;9;3
"1914";2018;16;0,82107;598413;5;9;3
"1915";2018;17;0,990762;582175;5;10;3
"1916";2018;18;0,878657;603349;5;10;3
"1917";2018;19;0,89251;401381;5;10;3
"1918";2018;20;0,30046;123873;1;1;1
"1919";2018;21;0,424219;1597996;2;4;2
"1920";2018;22;0,336224;1103442;1;2;1
"1921";2018;23;0,731872;733238;5;9;3
"1922";2018;24;0,69627;1095349;4;8;2
"1923";2018;25;0,632467;694669;4;7;2
"1924";2018;26;0,69734;1174940;5;9;3
"1925";2018;27;0,672654;860141;4;8;2
"1926";2018;28;0,565846;738878;3;6;2
"1927";2018;29;0,720354;522068;5;9;3
"1928";2018;30;0,504449;912461;3;5;2
"1929";2018;31;0,601934;987374;4;7;2
"1930";2018;32;0,522959;885607;3;6;2
"1931";2018;33;0,497091;1082569;3;5;2
"1932";2018;34;0,539915;771997;3;6;2
"1933";2018;35;0,466618;912547;3;5;2
"1934";2018;36;0,514491;522085;3;5;2
"1935";2018;37;0,677891;433234;4;8;2
"1936";2018;38;0,567265;1141969;3;6;2
"1937";2018;39;0,971088;783323;5;10;3
"1938";2018;40;0,306956;991992;1;2;1
"1939";2018;41;0,540324;952282;3;6;2
"1940";2018;42;0,526223;878888;3;6;2
"1941";2018;44;0,694518;1267494;4;8;2
"1942";2018;45;0,675312;1559154;4;8;2
"1943";2018;46;0,642103;894580;4;7;2
"1944";2018;47;0,689812;1313713;4;8;2
"1945";2018;48;0,493392;1189935;3;5;2
"1946";2018;49;0,577641;1228129;3;6;2
"1947";2018;50;0,433916;1084177;2;4;2
"1948";2018;51;0,400713;1079789;2;3;2
"1949";2018;52;0,55865;941131;3;6;2
"1950";2018;53;0,424216;1265468;2;4;2
"1951";2018;54;0,636933;516542;4;7;2
"1952";2018;55;0,448016;795458;2;4;2
"1953";2018;56;0,597079;849197;4;7;2
"1954";2018;57;0,476747;598580;3;5;2
"1955";2018;58;0,553891;930406;3;6;2
"1956";2018;59;0,585483;1145053;4;7;2
"1957";2018;60;0,217125;619157;1;1;1
"1958";2018;61;0,178428;451016;1;1;1
"1959";2018;63;0,404693;1268561;2;4;2
"1960";2018;64;0,335591;792590;1;2;1
"1961";2018;65;0,329477;1081648;1;2;1
"1962";2018;66;0,649254;1248759;4;7;2
"1963";2018;67;0,578558;1033467;4;7;2
"1964";2018;68;0,420003;601445;2;4;2
"1965";2018;69;0,300936;508949;1;2;1
"1966";2018;70;0,169342;821650;1;1;1
"1967";2018;71;0,198552;1000158;1;1;1
"1968";2018;72;0,337228;1056260;1;2;1
"1969";2018;73;0,303701;1006392;1;2;1
"1970";2018;74;0,309897;1057532;1;2;1
"1971";2018;75;0,423922;484410;2;4;2
"1972";2018;76;0,366665;1139769;1;2;1
"1973";2018;77;0,406099;478943;2;4;2
"1974";2018;78;0,396917;741488;2;3;2
"1975";2018;79;0,408908;1040371;2;4;2
"1976";2018;80;0;626238;1;1;1
"1977";2018;81;0,000112;814923;1;1;1
"1978";2018;82;0,178633;735553;1;1;1
"1979";2018;83;0,367216;762163;2;3;2
"1980";2018;84;0,400992;684830;2;3;2
"1981";2018;85;0,179108;1114901;1;1;1
"1982";2018;86;0,397259;1164100;2;3;2
"1983";2018;87;0,403615;522875;2;3;2
"1984";2018;88;0,338839;846572;1;2;1
"1985";2018;89;0,377072;763761;2;3;2
"1986";2018;90;0,449042;892793;3;5;2
"1987";2018;91;0,372896;999919;2;3;2
"1988";2018;92;0,467527;516635;3;5;2
"1989";2018;93;0,397373;590817;2;3;2
"1990";2018;94;0,494925;705807;3;5;2
"1991";2018;95;0,585379;497496;4;7;2
"1992";2018;96;0,522623;552316;3;6;2
"1993";2018;97;0,432043;1061351;2;4;2
"1994";2018;98;0,858354;242064;5;10;3
"1995";2018;99;0,885795;831356;5;10;3
"1996";2019;1;0,708312;1242943;4;8;2
"1997";2019;2;0,896845;427271;5;10;3
"1998";2019;3;0,878306;294995;5;10;3
"1999";2019;4;0,859095;1227112;5;10;3
"2000";2019;6;1;1276724;5;10;3
"2001";2019;7;0,798496;562704;5;9;3
"2002";2019;8;0,856571;577243;5;9;3
"2003";2019;9;0,857316;788063;5;9;3
"2004";2019;10;0,627026;414467;4;7;2
"2005";2019;12;0,6274;1377942;4;7;2
"2006";2019;13;0,627029;1173394;4;7;2
"2007";2019;14;0,64857;1264837;4;7;2
"2008";2019;15;0,776207;627638;5;9;3
"2009";2019;16;0,820547;598413;5;9;3
"2010";2019;17;0,981624;582175;5;10;3
"2011";2019;18;0,898439;603349;5;10;3
"2012";2019;19;0,893972;401381;5;10;3
"2013";2019;20;0,300764;123873;1;2;1
"2014";2019;21;0,431735;1597996;2;4;2
"2015";2019;22;0,342003;1103442;1;2;1
"2016";2019;23;0,751741;733238;5;9;3
"2017";2019;24;0,720226;1095349;5;9;3
"2018";2019;25;0,662793;694669;4;8;2
"2019";2019;26;0,726794;1174940;5;9;3
"2020";2019;27;0,713902;860141;4;8;2
"2021";2019;28;0,606748;738878;4;7;2
"2022";2019;29;0,739475;522068;5;9;3
"2023";2019;30;0,525636;912461;3;5;2
"2024";2019;31;0,635378;987374;4;7;2
"2025";2019;32;0,544382;885607;3;6;2
"2026";2019;33;0,510575;1082569;3;5;2
"2027";2019;34;0,566171;771997;3;6;2
"2028";2019;35;0,484435;912547;3;5;2
"2029";2019;36;0,534324;522085;3;6;2
"2030";2019;37;0,711251;433234;4;8;2
"2031";2019;38;0,578674;1141969;3;6;2
"2032";2019;39;0,964718;783323;5;10;3
"2033";2019;40;0,311827;991992;1;2;1
"2034";2019;41;0,557271;952282;3;6;2
"2035";2019;42;0,56731;878888;3;6;2
"2036";2019;44;0,719301;1267494;4;8;2
"2037";2019;45;0,704586;1559154;4;8;2
"2038";2019;46;0,659299;894580;4;7;2
"2039";2019;47;0,718303;1313713;4;8;2
"2040";2019;48;0,501236;1189935;3;5;2
"2041";2019;49;0,604701;1228129;4;7;2
"2042";2019;50;0,447402;1084177;2;4;2
"2043";2019;51;0,417184;1079789;2;4;2
"2044";2019;52;0,569261;941131;3;6;2
"2045";2019;53;0,439693;1265468;2;4;2
"2046";2019;54;0,660987;516542;4;8;2
"2047";2019;55;0,481155;795458;3;5;2
"2048";2019;56;0,621154;849197;4;7;2
"2049";2019;57;0,492538;598580;3;5;2
"2050";2019;58;0,568383;930406;3;6;2
"2051";2019;59;0,595608;1145053;3;6;2
"2052";2019;60;0,252839;619157;1;1;1
"2053";2019;61;0,196002;451016;1;1;1
"2054";2019;63;0,415534;1268561;2;4;2
"2055";2019;64;0,360871;792590;1;2;1
"2056";2019;65;0,337616;1081648;1;2;1
"2057";2019;66;0,676621;1248759;4;8;2
"2058";2019;67;0,60167;1033467;4;7;2
"2059";2019;68;0,412657;601445;2;3;2
"2060";2019;69;0,273845;508949;1;1;1
"2061";2019;70;0,170901;821650;1;1;1
"2062";2019;71;0,195341;1000158;1;1;1
"2063";2019;72;0,34073;1056260;1;2;1
"2064";2019;73;0,30973;1006392;1;2;1
"2065";2019;74;0,299783;1057532;1;2;1
"2066";2019;75;0,430351;484410;2;4;2
"2067";2019;76;0,370145;1139769;2;3;2
"2068";2019;77;0,415804;478943;2;4;2
"2069";2019;78;0,392889;741488;2;3;2
"2070";2019;79;0,408162;1040371;2;3;2
"2071";2019;80;0;626238;1;1;1
"2072";2019;81;7,2e-05;814923;1;1;1
"2073";2019;82;0,175879;735553;1;1;1
"2074";2019;83;0,360538;762163;1;2;1
"2075";2019;84;0,410708;684830;2;3;2
"2076";2019;85;0,175775;1114901;1;1;1
"2077";2019;86;0,407667;1164100;2;3;2
"2078";2019;87;0,399403;522875;2;3;2
"2079";2019;88;0,355575;846572;1;2;1
"2080";2019;89;0,378294;763761;2;3;2
"2081";2019;90;0,444524;892793;2;4;2
"2082";2019;91;0,382462;999919;2;3;2
"2083";2019;92;0,474072;516635;3;5;2
"2084";2019;93;0,415926;590817;2;4;2
"2085";2019;94;0,514451;705807;3;5;2
"2086";2019;95;0,599547;497496;3;6;2
"2087";2019;96;0,532289;552316;3;5;2
"2088";2019;97;0,434134;1061351;2;4;2
"2089";2019;98;0,856746;242064;5;9;3
"2090";2019;99;0,883623;831356;5;10;3
